World Port Index Number;Main Port Name;Country Code;Digital Nautical Chart;Latitude;Longitude
7950.0;Maurer;United States;a1707640, coa17c, h1707960;40.533332999999999;-74.250000000000000
47620.0;Iharana;Madagascar;coa02d, gen02b;-13.350000000000000;50.000000000000000
47020.0;Chake Chake;Tanzania;coa02c, gen02a;-5.250000000000000;39.766666999999998
47005.0;Mjimwema Terminal;Tanzania;a0247005, coa02c, gen02a;-6.816667000000000;39.366667000000000
44804.0;Delta Terminal;Turkey;a1044880, coa10d, gen10b;36.850000000000001;36.166666999999997
50350.0;Cinta Oil Terminal;Indonesia;coa04a, gen04c;-5.500000000000000;106.233333000000002
38330.0;Europa Point;Gibraltar;a0838320, coa08o, gen08b, h0838320;36.133333000000000;-5.350000000000000
7010.0;New Harbor;United States;a1807100, coa18a, gen18a;43.866667000000000;-69.483333000000002
12900.0;Dtse / Gegua Oil Terminal;Brazil;a0112920, coa01f, gen01c, h0112920;-22.816666999999999;-43.149999999999999
48104.0;Sharmah;Saudi Arabia;coa10f, gen10c;27.933333000000001;35.250000000000000
9210.0;Norsworthy;United States;coa15a, gen15, h1509150;29.733332999999998;-95.200000000000003
6750.0;Minturn;United States;a1806700, coa18b, gen18a;44.149999999999999;-68.450000000000003
6820.0;Criehaven;United States;a1806920, coa18a, gen18a;43.833333000000003;-68.883332999999993
46691.0;North Point;Saint Helena, Ascension, and Tristan da Cunha;a0146670, gen01b;-7.883333000000000;-14.366667000000000
57433.0;Bongkot Terminal;Thailand;coa03d, gen03a;8.050000000000001;102.333332999999996
52350.0;Donggala;Indonesia;coa04c, gen04c;-0.650000000000000;119.733333000000002
42415.0;Larimna;Greece;a0942415, coa09d, gen09, h0942415;38.566667000000002;23.283332999999999
38420.0;Hornillo;Spain;a0838430, coa08o, gen08b;37.399999999999999;-1.550000000000000
40245.0;Melilli Oil Terminal;Italy;a0940250, coa09b, gen09;37.116667000000000;15.250000000000000
47942.0;Al Khair Oil Terminal;Sudan;a1047940, coa10g, gen10c;19.583333000000000;37.250000000000000
6670.0;Corea;United States;a1806700, coa18b, gen18a;44.399999999999999;-67.966667000000001
59550.0;Margosatubig;Philippines;coa11h, gen11b;7.583333000000000;123.166667000000004
45635.0;Arzew El Djedid;Algeria;a0845640, coa08o, gen08b, h0845630;35.816667000000002;-0.250000000000000
45822.0;Karabane;Senegal;coa01b, gen01a;12.566667000000001;-16.666667000000000
14175.0;Caleta Mina Elena;Chile;coa07h, gen07a;-52.683332999999998;-71.900000000000006
6970.0;Monhegan;United States;a1806920, coa18a, gen18a;43.766666999999998;-69.316666999999995
6710.0;Northeast Harbor;United States;a1806700, coa18b, gen18a;44.299999999999997;-68.283332999999999
6800.0;Bucks Harbor;United States;a1806920, coa18a, gen18a;44.333333000000003;-68.733333000000002
6830.0;Matinicus;United States;a1806920, coa18a, gen18a;43.866667000000000;-68.883332999999993
49460.0;Machilipatnam;India;coa03l, gen03a, h0349460;16.149999999999999;81.166667000000004
49875.0;Malong Marine Terminal;Malaysia;coa03b, gen03a;4.633333000000000;104.816666999999995
63090.0;Admiralty Bay;Antarctica;coa29c, gen29c;-62.083333000000003;-58.416666999999997
63110.0;Melchior Harbor;Antarctica;coa29c, gen29c;-64.316666999999995;-63.000000000000000
7900.0;Grasselli;United States;a1707640, coa17c, h1707810;40.616667000000000;-74.200000000000003
44807.0;Aksaz Limani;Turkey;a1044805, coa10c, gen10b, h1044808;36.833333000000003;28.383333000000000
46239.0;Egina Oil Terminal;Nigeria;coa01a, gen01b;3.066667000000000;6.700000000000000
47625.0;Antsohim Bondrona;Madagascar;coa02h, gen02b;-13.083333000000000;48.833333000000003
42180.0;Ayios Nikolaos;Greece;a0942050, coa09d, gen09, h0942230;37.983333000000002;23.533332999999999
43384.0;Borusan Fertilizer Jetty;Turkey;a1043410, coa10c, gen10b;40.416666999999997;29.100000000000001
63070.0;Ellefsen Harbor;Antarctica;a2963070, coa29d, gen29c, h2963070;-60.733333000000002;-45.033332999999999
63120.0;Andersen Harbor;Antarctica;coa29c, gen29c;-64.316666999999995;-62.933332999999998
11360.0;Baie Du Marigot;France;a1611370, coa16b, gen16, h1611370;18.066666999999999;-63.083333000000003
11372.0;Coles Bay Oil Terminal;Sint Maarten;a1611370, coa16b, gen16, h1611370;18.016667000000002;-63.083333000000003
48057.0;Zafarana Terminal;Egypt;a1048062, coa10f, gen10c;29.166667000000000;32.683332999999998
60205.0;Suizhang Gang;China;coa23e, gen23a;40.066667000000002;121.049999999999997
49685.0;Yetagun Marine Terminal;Burma;coa03p, gen03a;13.050000000000001;96.849999999999994
47989.0;Zeit Bay Lpg Terminal;Egypt;a1048015, coa10f, gen10c;27.800000000000001;33.566667000000002
51800.0;Tanjungredeb;Indonesia;coa11j, gen11b;2.150000000000000;117.483333000000002
59575.0;Santa Clara;Philippines;coa11h, gen11b;7.783333000000000;122.683333000000005
11048.0;Punta Nizao Oil Terminal;Dominican Republic;a1611070, coa16k, gen16;18.199999999999999;-70.200000000000003
57490.0;Phsar Ream;Cambodia;a0357485, coa03e, gen03a, h0357490;10.500000000000000;103.599999999999994
50932.0;Tanjung Gerem;Indonesia;coa04a, gen04c;-5.966667000000000;105.983333000000002
48341.0;Ras Al Ghar;Saudi Arabia;a1048338, coa10n, gen10a;26.899999999999999;49.866667000000000
7890.0;Port Socony;United States;a1707640, coa17c, h1707960;40.549999999999997;-74.250000000000000
11005.0;Puerto Botado;Dominican Republic;coa16f, gen16, h1611000;19.199999999999999;-69.450000000000003
63100.0;Port Lockroy;Antarctica;coa29b, gen29c, h2963100;-64.816666999999995;-63.500000000000000
51500.0;Tarempah;Indonesia;coa11b, gen11b;3.216667000000000;106.216667000000001
52440.0;Tahuna;Indonesia;coa11m, gen11b;3.616667000000000;125.483333000000002
63080.0;Scotia Bay;Antarctica;coa29d, gen29d, h2963080;-60.750000000000000;-44.716667000000001
47690.0;Port Est;Reunion;a0247690, coa02g, gen02b, h0247690;-20.933333000000001;55.316667000000002
42790.0;Vrakhonisis Kallonis;Greece;a0942760, coa09d, gen09;39.083333000000003;26.083333000000000
45515.0;Port Methanier;Algeria;a0845510, coa08n, gen08a, h0845510;36.883333000000000;6.950000000000000
9665.0;Puerto Este;Honduras;coa14b, gen14a, h1409665;16.083333000000000;-86.900000000000006
35835.0;Port Du Havre-Antifer;France;a2035840, coa20c, gen20b;49.649999999999999;0.150000000000000
7020.0;Pemaquid Beach;United States;a1807100, coa18a, gen18a;43.866667000000000;-69.533332999999999
40750.0;Porto Di Malamocco;Italy;a0940760, coa09c, gen09, h0940750;45.333333000000003;12.316667000000001
46544.0;Psvm Terminal;Angola;coa01c, gen01b;-6.250000000000000;10.733333000000000
47695.0;Port Ouest;Reunion;a0247690, coa02g, gen02b, h0247695;-20.933333000000001;55.283332999999999
9230.0;Sinco;United States;coa15a, gen15, h1509150;29.716667000000001;-95.233333000000002
14020.0;Prince Olav Harbor;South Georgia and South Sandwich Islands;coa01k, gen01d;-54.033332999999999;-37.149999999999999
7070.0;Robinhood;United States;a1807100, coa18a, gen18a, h1807080;43.850000000000001;-69.733333000000002
6980.0;Port Clyde;United States;a1806920, coa18a, gen18a;43.916666999999997;-69.250000000000000
42440.0;Stilis;Greece;a0942415, coa09d, gen09;38.916666999999997;22.616667000000000
14040.0;Stromness Harbor;South Georgia and South Sandwich Islands;a0114040, coa01k, gen01d, h0114040;-54.149999999999999;-36.700000000000003
45845.0;Victoria;Guinea;coa01a, gen01a;10.816667000000001;-14.566667000000001
7000.0;Friendship;United States;a1806920, coa18a, gen18a;43.966667000000001;-69.333332999999996
6880.0;Bucksport;United States;a1806920, coa18a, gen18a;44.566667000000002;-68.783332999999999
9240.0;Houston;United States;coa15a, gen15, h1509150;29.750000000000000;-95.283332999999999
12772.0;Aratu;Brazil;a0112770, coa01f, gen01b;-12.783333000000001;-38.500000000000000
10010.0;Matthew Town;The Bahamas;coa16c, gen16;20.949999999999999;-73.683333000000005
7190.0;Newburyport;United States;a1807180, coa18a, gen18a;42.816667000000002;-70.866667000000007
10430.0;Ceiba Hueca;Cuba;a1610460, coa16h, gen16;20.216667000000001;-77.316666999999995
60250.0;Dalian;China;a2360240, coa23e, gen23a, h2360250;38.916666999999997;121.666667000000004
48076.0;Elat;Israel;coa10f, gen10c, h1048090;29.550000000000001;34.950000000000003
47990.0;El Ghardaqa;Egypt;a1047990, coa10f, gen10c, h1047990;27.216667000000001;33.850000000000001
47630.0;Antsiranana;Madagascar;a0247630, coa02d, gen02b, h0247630;-12.266667000000000;49.283332999999999
47130.0;Kismaayo;Somalia;a0247130, coa02c, gen02a;-0.366667000000000;42.549999999999997
47100.0;Mombasa;Kenya;a0247100, coa02c, gen02a, h0247100;-4.066667000000000;39.666666999999997
45820.0;Dakar;Senegal;a0145820, coa01b, gen01a, h0145820;14.683332999999999;-17.433333000000001
48465.0;Kharg Island Oil Terminal;Iran;a1048465, coa10n, gen10a, h1048465;29.233332999999998;50.333333000000003
48450.0;Bandar-E Mahshahr;Iran;h1048450;30.466667000000001;49.183332999999998
41820.0;Itea;Greece;coa09d, gen09, h0941820;38.433332999999998;22.416667000000000
41550.0;Dubrovnik;Croatia;a0941320, coa09c, gen09, h0941540;42.666666999999997;18.083333000000000
39590.0;Livorno;Italy;a0839590, coa08k, gen08a, h0839590;43.542000000000002;10.289999999999999
39025.0;Monaco;Monaco;a0838960, coa08k, gen08a, h0839025;43.733333000000002;7.416667000000000
37770.0;La Coruna;Spain;a0837770, coa08c, gen08b, h0837770;43.366667000000000;-8.400000000000000
37120.0;Le Verdon;France;a0837190, coa08b, gen08b, h0837120;45.549999999999997;-1.050000000000000
42345.0;Astakos;Greece;coa09d, gen09, h0941747;38.483333000000002;21.100000000000001
41800.0;Mesolongion;Greece;a0941850, coa09d, gen09;38.366667000000000;21.416667000000000
45350.0;Abu Khammash;Libya;coa08m, gen08a, h0845350;33.066667000000002;11.816667000000001
45819.0;M Bao Oil Terminal;Senegal;a0145820, coa01b, gen01a, h0145820;14.716666999999999;-17.399999999999999
46237.0;Agbami Oil Terminal;Nigeria;coa01a, gen01b;3.466667000000000;5.566667000000000
42890.0;Andros;Greece;coa09d, gen09, h0942890;37.833333000000003;24.949999999999999
37960.0;Oporto;Portugal;a0837950, coa08d, gen08b, h0837950;41.149999999999999;-8.666667000000000
60240.0;Lushun;China;a2360240, coa23e, gen23a, h2360240;38.783332999999999;121.250000000000000
51501.0;Belanak Field Terminal;Indonesia;coa11b, gen11b;4.150000000000000;106.250000000000000
39820.0;Fiumicino;Italy;a0939830, coa09b, gen09;41.771999999999998;12.214000000000000
46900.0;Chinde;Mozambique;coa02b, gen02b;-18.566666999999999;36.500000000000000
47420.0;Maintirano;Madagascar;coa02h, gen02b;-18.066666999999999;44.016666999999998
47590.0;Maroantsetra;Madagascar;coa02d, gen02b;-15.449999999999999;49.816667000000002
52240.0;Kendari;Indonesia;coa04e, gen04c;-3.966667000000000;122.583332999999996
61360.0;Choshi;Japan;a1261357, coa12b, gen12b;35.733333000000002;140.849999999999994
61555.0;Amagasaki;Japan;a1261550, coa12c, gen12b, h1261550;34.700000000000003;135.383332999999993
44965.0;Dhekelia;Cyprus;a1044960, coa10d, gen10b, h1044960;34.966667000000001;33.716667000000001
45100.0;Ashdod;Israel;a1045100, coa10d, gen10b, h1045100;31.816666999999999;34.649999999999999
45620.0;Mostaganem;Algeria;a0845640, coa08o, gen08b, h0845620;35.933332999999998;0.083333000000000
46552.0;Greater Plutonio Terminal;Angola;coa01c, gen01b;-7.833333000000000;12.100000000000000
49780.0;Krabi;Thailand;coa03c, gen03a;8.066667000000001;98.916667000000004
50180.0;Blinyu;Indonesia;coa04a, gen04c;-1.633333000000000;105.783332999999999
44808.0;Antalya Offshore Terminal;Turkey;a1044820, coa10c, gen10b, h1044820;36.816667000000002;30.600000000000001
44820.0;Antalya;Turkey;a1044820, coa10c, gen10b, h1044820;36.833333000000003;30.616667000000000
45630.0;Arzew;Algeria;a0845640, coa08o, gen08b, h0845630;35.850000000000001;-0.300000000000000
46286.0;Moudi Marine Terminal;Cameroon;coa01a, gen01b;4.116667000000000;8.483333000000000
57410.0;Kuantan New Port;Malaysia;a0357415, coa03b, gen03a, h0357416;3.966667000000000;103.433333000000005
42434.0;Achladi;Greece;a0942415, coa09d, gen09;38.899999999999999;22.816666999999999
38083.0;Lajes;Portugal;coa08g, gen08c;38.399999999999999;-28.266667000000002
38440.0;Alicante;Spain;a0838440, coa08i, gen08b, h0838440;38.333333000000003;-0.483333000000000
43130.0;Iraklion;Greece;a0943130, coa09d, gen09, h0943130;35.350000000000001;25.149999999999999
12117.0;Venterminals;Venezuela;a1412120, coa14k, gen14a, h1412120;10.483333000000000;-68.033332999999999
8280.0;Norfolk;United States;a1708281, coa17d, gen17a, h1708280;36.850000000000001;-76.299999999999997
62520.0;Ishigaki;Japan;a2362520, coa23c, gen23a, h2362520;24.333333000000000;124.166667000000004
7460.0;Greenport;United States;a1707500, coa17c, gen17a;41.100000000000001;-72.366667000000007
39000.0;Villefranche;France;a0838960, coa08k, gen08a, h0838990;43.700000000000003;7.316667000000000
6910.0;Searsport;United States;a1806920, coa18a, gen18a;44.450000000000003;-68.916667000000004
39261.0;Porto Di Oristano;Italy;a0839280, coa08l, gen08a, h0839261;39.866667000000000;8.550000000000001
38870.0;Toulon;France;a0838870, coa08j, gen08a, h0838870;43.100000000000001;5.916667000000000
15445.0;Pedregal;Panama;coa14e, gen14b, h1415445;8.350000000000000;-82.433333000000005
38095.0;Praia De Vitoria;Portugal;a0838095, coa08g, gen08c, h0838095;38.716667000000001;-27.050000000000001
40620.0;Ortona;Italy;coa09c, gen09, h0940620;42.350000000000001;14.416667000000000
6950.0;Rockport;United States;a1806920, coa18a, gen18a;44.183332999999998;-69.066666999999995
38050.0;Vila Real De S Antonio;Portugal;a0838220, coa08e, gen08b;37.183332999999998;-7.400000000000000
39215.0;Sarroch Oil Terminal;Italy;a0839210, coa08l, gen08a;39.083333000000003;9.033333000000001
15915.0;San Juan De La Costa;Mexico;coa13a, gen13b;24.399999999999999;-110.700000000000003
39220.0;Porto Ponte Romano;Italy;a0839210, coa08l, gen08a, h0839220;39.049999999999997;8.466666999999999
6680.0;Winter Harbor;United States;a1806700, coa18b, gen18a, h1806680;44.383333000000000;-68.083332999999996
38100.0;Ponta Delgada;Portugal;a0838100, coa08g, gen08c, h0838100;37.733333000000002;-25.666667000000000
40470.0;Taranto;Italy;coa09b, gen09, h0940470;40.466667000000001;17.199999999999999
8030.0;New Castle;United States;a1708130, gen17a, h1708165;39.649999999999999;-75.566666999999995
45755.0;Tanger;Morocco;a0845755, coa08e, gen08b, h0845755;35.783332999999999;-5.816667000000000
46925.0;Pebane;Mozambique;coa02b, gen02b;-17.266667000000002;38.149999999999999
42570.0;Stratoni;Greece;a0942570, coa09d, gen09, h0942570;40.516666999999998;23.833333000000000
42550.0;Yerakini;Greece;coa09d, gen09;40.266666999999998;23.466667000000001
42780.0;Plomarion;Greece;a0942760, coa09d, gen09;38.983333000000002;26.366667000000000
41410.0;Ploce;Croatia;a0941320, coa09c, gen09, h0941410;43.049999999999997;17.433333000000001
42460.0;Tsingeli;Greece;coa09d, gen09, h0942460;39.166666999999997;22.850000000000001
46375.0;Santo Antonio;Sao Tome and Principe;coa01h, gen01b;1.650000000000000;7.450000000000000
46063.0;Saltpond;Ghana;coa01a, gen01b;5.200000000000000;-1.050000000000000
62175.0;Saiki Ko;Japan;a1262175, coa23h, gen23a;32.966667000000001;131.933333000000005
59580.0;Zamboanga;Philippines;a1159580, coa11i, gen11a;6.900000000000000;122.066666999999995
48020.0;Ras Gharib;Egypt;a1048015, coa10f, gen10c;28.350000000000001;33.100000000000001
59120.0;Pulupandan;Philippines;a1159130, coa11g, gen11a;10.516667000000000;122.799999999999997
8290.0;Portsmouth;United States;a1708281, coa17d, gen17a, h1708280;36.816667000000002;-76.299999999999997
52320.0;Ujung Pandang;Indonesia;a0452320, coa04c, gen04c, h0452320;-5.133333000000000;119.400000000000006
8110.0;Philadelphia;United States;a1708130, h1708130;39.950000000000003;-75.133332999999993
50250.0;Tanjungpandan;Indonesia;coa04a, gen04c, h0450250;-2.750000000000000;107.633332999999993
62010.0;Uwajima Ko;Japan;coa12c, gen12b;33.216667000000001;132.566666999999995
8025.0;Salem Nj;United States;a1708130, gen17a, h1708165;39.666666999999997;-75.483333000000002
16040.0;Isthmus Cove;United States;a1316080, coa13b, gen13a, h1316050;33.450000000000003;-118.500000000000000
16310.0;Yerbabuena Island;United States;coa13b, gen13a, h1316300;37.816667000000002;-122.366667000000007
16140.0;Ventura;United States;coa13b, gen13a, h1316120;34.283332999999999;-119.283332999999999
16130.0;Prisoners;United States;coa13b, gen13a, h1316155;34.016666999999998;-119.683333000000005
9950.0;Ireland Island;Bermuda;a1609930, coa16d, gen16, h1609930;32.316667000000002;-64.833332999999996
12890.0;Macae;Brazil;coa01f, gen01c;-22.366667000000000;-41.766666999999998
12930.0;Niteroi;Brazil;a0112920, coa01f, gen01c, h0112920;-22.883333000000000;-43.116667000000000
9995.0;Clifton Pier;The Bahamas;a1609990, coa16i, gen16;25.000000000000000;-77.549999999999997
46549.0;Girassol Terminal;Angola;coa01c, gen01b;-7.650000000000000;11.683332999999999
46551.0;Dalia Terminal;Angola;coa01c, gen01b;-7.683333000000000;11.766667000000000
12920.0;Rio De Janeiro;Brazil;a0112920, coa01f, gen01c, h0112920;-22.899999999999999;-43.166666999999997
63095.0;Port Foster;Antarctica;a2963094, coa29c, gen29c;-62.950000000000003;-60.633333000000000
57830.0;Guangzhou;China;gen23b, h2357825;23.116667000000000;113.233333000000002
45670.0;Ghazaouet;Algeria;a0845670, coa08o, gen08b, h0845670;35.100000000000001;-1.866667000000000
45570.0;Alger;Algeria;a0845570, coa08n, gen08a, h0845570;36.766666999999998;3.066667000000000
45490.0;Annaba;Algeria;a0845490, coa08n, gen08a, h0845490;36.916666999999997;7.766667000000000
44970.0;Famagusta;Cyprus;a1044960, coa10d, gen10b, h1044970;35.116667000000000;33.933332999999998
44960.0;Larnaca;Cyprus;a1044960, coa10d, gen10b, h1044960;34.916666999999997;33.649999999999999
15480.0;Golfito;Costa Rica;a1415480, coa14o, gen14b, h1415480;8.633333000000000;-83.166667000000004
10500.0;Jucaro;Cuba;a1510500, coa15e, gen15, h1510500;21.616667000000000;-78.849999999999994
45520.0;Collo;Algeria;a0845510, coa08n, gen08a;37.000000000000000;6.583333000000000
45525.0;Djen-Djen;Algeria;coa08n, gen08a;36.816667000000002;5.883333000000000
45530.0;Jijel;Algeria;coa08n, gen08a, h0845530;36.833333000000003;5.783333000000000
11908.0;El Bosque;Colombia;a1411910, coa14c, gen14a, h1411910;10.400000000000000;-75.533332999999999
60170.0;Longkou Gang;China;coa23e, gen23a;37.633333000000000;120.283332999999999
60215.0;Jinzhou Wan;China;coa23e, gen23a, h2360210;40.750000000000000;121.099999999999994
44900.0;Kyrenia;Cyprus;a1044900, coa10d, gen10b, h1044900;35.350000000000001;33.333333000000003
10420.0;Media Luna;Cuba;a1610460, coa16h, gen16;20.149999999999999;-77.433333000000005
11905.0;Mamonal;Colombia;a1411910, coa14c, gen14a, h1411910;10.316667000000001;-75.516666999999998
45560.0;Dellys;Algeria;a0845570, coa08n, gen08a;36.916666999999997;3.916667000000000
57822.0;Huangpu;China;a2357825, gen23b, h2357825;23.083333000000000;113.416667000000004
60210.0;Huludao Gang;China;coa23e, gen23a, h2360210;40.700000000000003;120.983333000000002
60230.0;Bayuquan;China;a2360220, coa23e, gen23a;40.299999999999997;122.083332999999996
45510.0;Skikda;Algeria;a0845510, coa08n, gen08a, h0845510;36.883333000000000;6.916667000000000
45610.0;Tenes;Algeria;coa08n, gen08b;36.533332999999999;1.316667000000000
11821.0;Sint Michelsbaai;Curacao;a1411785, coa14k, gen14a;12.133333000000000;-69.016666999999998
45880.0;Porto Grande;Cabo Verde;coa01n, gen01a, h0145880;16.883333000000000;-25.000000000000000
48015.0;Ras Shukhier;Egypt;a1048015, coa10f, gen10c, h1048015;28.133333000000000;33.283332999999999
48025.0;Ras Badran Oil Terminal;Egypt;a1048062, coa10f, gen10c;28.949999999999999;33.166666999999997
60165.0;Penglai;China;coa23e, gen23a;37.816667000000002;120.833332999999996
48065.0;Wadi Feiran;Egypt;a1048062, coa10f, gen10c;28.750000000000000;33.200000000000003
47988.0;Sharm El Sheikh;Egypt;a1048015, coa10f, gen10c, h1048070;27.850000000000001;34.283332999999999
60193.0;Tangshan (Jingtang);China;a2360180, coa23e, gen23a;39.200000000000003;119.016666999999998
48053.0;Ras Sudr;Egypt;a1048045, coa10f, gen10c;29.583333000000000;32.700000000000003
10520.0;Tunas De Zaza;Cuba;a1510500, coa15e, gen15, h1510520;21.633333000000000;-79.549999999999997
57816.0;Sanya;China;a2357765, coa23b, gen23b;18.316666999999999;109.450000000000003
57817.0;Yangpu;China;coa23b, gen23b;19.733332999999998;109.183333000000005
60150.0;Weihai;China;a2360160, coa23e, gen23a, h2360150;37.500000000000000;122.099999999999994
11030.0;San Pedro De Macoris;Dominican Republic;a1611020, coa16k, gen16, h1611030;18.449999999999999;-69.316666999999995
45730.0;Ceuta;Spain;a0845730, coa08o, gen08b, h0845730;35.899999999999999;-5.316667000000000
38990.0;Nice;France;a0838960, coa08k, gen08a, h0838990;43.700000000000003;7.283333000000000
38775.0;Fos;France;a0838810, coa08j, gen08a, h0838770;43.416666999999997;4.883333000000000
38290.0;Cadiz;Spain;a0838280, coa08e, gen08b, h0838280;36.533332999999999;-6.300000000000000
38220.0;Huelva;Spain;a0838220, coa08e, gen08b, h0838220;37.250000000000000;-6.950000000000000
37740.0;Ferrol;Spain;a0837770, coa08c, gen08b, h0837770;43.483333000000002;-8.233333000000000
37560.0;Gijon;Spain;a0837560, coa08c, gen08b, h0837560;43.549999999999997;-5.666667000000000
37230.0;Bayonne;France;a0837230, coa08c, gen08b;43.500000000000000;-1.466667000000000
36900.0;Nantes;France;coa08a, gen08b, h0836850;47.200000000000003;-1.566667000000000
36860.0;Donges;France;coa08a, gen08b, h0836850;47.299999999999997;-2.066667000000000
35870.0;Deauville;France;a2035840, coa20c, gen20b;49.366667000000000;0.083333000000000
38310.0;Algeciras;Spain;a0838320, coa08o, gen08b, h0838320;36.133333000000000;-5.433333000000000
37600.0;Aviles;Spain;a0837560, coa08c, gen08b, h0837600;43.600000000000001;-5.933333000000000
38375.0;Motril;Spain;coa08o, gen08b;36.750000000000000;-3.516667000000000
38390.0;Almeria;Spain;a0838390, coa08o, gen08b, h0838390;36.833333000000003;-2.466667000000000
38500.0;El Grao;Spain;a0838500, coa08i, gen08b, h0838500;39.966667000000001;0.016667000000000
38610.0;Ibiza;Spain;a0838610, coa08i, gen08b, h0838610;38.899999999999999;1.450000000000000
39080.0;Bonifacio;France;a0839140, coa08k, gen08a;41.383333000000000;9.166667000000000
36620.0;Concarneau;France;a0836680, coa08a, gen08b;47.866667000000000;-3.916667000000000
35830.0;Fecamp;France;a2035840, coa20c, gen20b;49.766666999999998;0.366667000000000
36855.0;Montoir;France;a0836850, coa08a, gen08b, h0836850;47.299999999999997;-2.133333000000000
37350.0;Bermeo;Spain;a0837400, coa08c, gen08b;43.416666999999997;-2.716667000000000
38380.0;Adra;Spain;coa08o, gen08b;36.733333000000002;-3.033333000000000
38410.0;Aguilas;Spain;a0838430, coa08o, gen08b;37.399999999999999;-1.566667000000000
38460.0;Puerto De Gandia;Spain;a0838480, coa08i, gen08b;39.000000000000000;-0.150000000000000
35880.0;Port De Caen;France;a2035840, coa20c, gen20b, h2035880;49.183332999999998;-0.350000000000000
37470.0;Santander;Spain;a0837470, coa08c, gen08b, h0837470;43.466667000000001;-3.783333000000000
38435.0;Torrevieja;Spain;a0838440, coa08i, gen08b, h0838435;37.966667000000001;-0.683333000000000
38940.0;Saint-Raphael;France;a0838920, coa08j, gen08a, h0838940;43.416666999999997;6.766667000000000
38398.0;Puerto De Garrucha;Spain;a0838395, coa08o, gen08b, h0838405;37.183332999999998;-1.816667000000000
38280.0;Rota;Spain;a0838280, coa08e, gen08b, h0838280;36.616667000000000;-6.333333000000000
35885.0;Ouistreham;France;a2035840, coa20c, gen20b, h2035880;49.283332999999999;-0.250000000000000
38150.0;Santa Cruz De La Palma;Spain;a0138150, coa01b, gen01a, h0138150;28.683333000000001;-17.750000000000000
38780.0;Port-de-Bouc;France;a0838810, coa08j, gen08a, h0838770;43.399999999999999;4.983333000000000
38730.0;Port-La-Nouvelle;France;coa08j, gen08a;43.016666999999998;3.066667000000000
61662.0;Iwakuni Ko;Japan;a1261662, coa12c, gen12b, h1261662;34.183332999999998;132.250000000000000
61356.0;Hitachi;Japan;coa12b, gen12b;36.500000000000000;140.633332999999993
50140.0;Muntok;Indonesia;coa04a, gen04c, h0450140;-2.066667000000000;105.166667000000004
40590.0;Manfredonia;Italy;a0940590, coa09c, gen09, h0940590;41.616667000000000;15.916667000000000
39810.0;Civitavecchia;Italy;a0839810, coa08l, gen08a, h0839810;42.101999999999997;11.771000000000001
41420.0;Korcula;Croatia;a0941320, coa09c, gen09;42.933332999999998;17.133333000000000
41840.0;Aigio;Greece;coa09d, gen09;38.250000000000000;22.083333000000000
39140.0;Maddalena;Italy;a0839140, coa08l, gen08a, h0839140;41.207999999999998;9.403000000000000
39370.0;Imperia;Italy;a0838960, coa08k, gen08a, h0839370;43.883333000000000;8.033333000000001
40170.0;Marsala;Italy;coa09b, gen09;37.783332999999999;12.433332999999999
40180.0;Mazara Del Vallo;Italy;a0940210, coa09b, gen09;37.643999999999998;12.592000000000001
50925.0;Banten;Indonesia;coa04a, gen04c;-6.016667000000000;105.966667000000001
51855.0;North Pulau Laut Coal Terminal;Indonesia;a0451860, coa04c, gen04c;-3.200000000000000;116.283332999999999
51400.0;Kupang;Indonesia;a0451420, coa04g, gen04c;-10.166667000000000;123.583332999999996
48420.0;Khorramshahr;Iran;coa10n, h1048385;30.433333000000001;48.183332999999998
50930.0;Anyer Lor;Indonesia;coa04a, gen04c;-6.050000000000000;105.916667000000004
51280.0;Ampenan;Indonesia;coa04d, gen04c;-8.566667000000001;116.066666999999995
41350.0;Dugi Rat;Croatia;a0941320, coa09c, gen09;43.450000000000003;16.649999999999999
42980.0;Nisos Naxos;Greece;a0942970, coa09d, gen09, h0942980;37.100000000000001;25.366667000000000
62400.0;Imari;Japan;coa23f, gen23a;33.283332999999999;129.883332999999993
62190.0;Hososhima Ko;Japan;coa23h, gen23a, h2362190;32.433332999999998;131.666666999999990
62340.0;Aokata;Japan;coa23f, gen23a;32.983333000000002;129.066666999999995
62440.0;Izuhara;Japan;coa23f, gen23a;34.200000000000003;129.300000000000011
61960.0;Komatsushima;Japan;a1261545, coa12c, gen12b, h1261960;34.016666999999998;134.599999999999994
62333.0;Matsu-Shima;Japan;a2362380, coa23f, gen23a;32.933332999999998;129.599999999999994
43120.0;Rethimnon;Greece;a0943100, coa09d, gen09;35.366667000000000;24.466667000000001
9680.0;Trujillo;Honduras;a1409690, coa14b, gen14a, h1409690;15.916667000000000;-85.950000000000003
43100.0;Soudha;Greece;a0943100, coa09d, gen09, h0943100;35.483333000000002;24.183333000000001
42230.0;Piraievs;Greece;a0942050, coa09d, gen09, h0942230;37.933332999999998;23.649999999999999
41010.0;Rijeka Luka;Croatia;a0941010, coa09c, gen09, h0941010;45.333333000000003;14.433332999999999
40880.0;Umag;Croatia;a0941010, coa09c, gen09;45.433332999999998;13.516667000000000
51130.0;Surabaya;Indonesia;a0451130, coa04d, gen04c, h0451130;-7.200000000000000;112.733333000000002
61980.0;Susaki Ko;Japan;coa12c, gen12b;33.383333000000000;133.300000000000011
62170.0;Tsukumi Ko;Japan;coa23h, gen23a;33.083333000000003;131.866667000000007
61965.0;Tachibana;Japan;a1261545, coa12c, gen12b;33.866667000000000;134.666666999999990
50210.0;Pangkalpinang;Indonesia;a0450210, coa04a, gen04c;-2.116667000000000;106.133332999999993
51502.0;Udang Oilfield;Indonesia;coa11b, gen11b;4.033333000000000;106.483333000000002
48399.0;Umm Qasr;Iraq;coa10n, gen10a, h1048399;30.016667000000002;47.950000000000003
61760.0;Sakaiminato;Japan;coa12a, gen12b;35.533332999999999;133.233332999999988
50935.0;Tanjung Sekong;Indonesia;coa04a, gen04c;-5.916667000000000;106.000000000000000
61540.0;Tanabe Ko;Japan;coa12c, gen12b;33.716667000000001;135.366667000000007
62121.0;Yahata;Japan;a2362120, coa23f, gen23a;33.866667000000000;130.816666999999995
40440.0;Crotone;Italy;coa09b, gen09, h0940440;39.078000000000003;17.135999999999999
40580.0;Porto Di Barletta;Italy;a0940590, coa09c, gen09, h0940580;41.334000000000003;16.292000000000002
40530.0;Bari;Italy;a0940590, coa09c, gen09, h0940530;41.146000000000001;16.846000000000000
40660.0;Ancona;Italy;a0940660, coa09c, gen09, h0940660;43.628999999999998;13.494000000000000
48460.0;Bandar Khomeyni;Iran;coa10n, h1048450;30.433333000000001;49.083333000000003
43165.0;Kali Limenes;Greece;coa09d, gen09;34.933332999999998;24.833333000000000
41720.0;Kerkira;Greece;coa09d, gen09, h0941720;39.616667000000000;19.933333000000001
39960.0;Napoli;Italy;a0939960, coa09b, gen09, h0939960;40.832999999999998;14.275000000000000
42905.0;Mikonos;Greece;coa09d, gen09;37.450000000000003;25.333333000000000
42600.0;Kavala;Greece;a0942600, coa09d, gen09, h0942600;40.933332999999998;24.399999999999999
39830.0;Anzio - Nettuno;Italy;a0939830, coa09b, gen09;41.445999999999998;12.637000000000000
39860.0;Gaeta;Italy;a0939860, coa09b, gen09, h0939860;41.222999999999999;13.577000000000000
40550.0;Molfetta;Italy;a0940590, coa09c, gen09, h0940550;41.216667000000001;16.600000000000001
42120.0;Lavrio;Greece;a0942050, coa09d, gen09;37.700000000000003;24.066666999999999
51120.0;Gresik;Indonesia;a0451130, coa04d, gen04c, h0451130;-7.150000000000000;112.650000000000006
50070.0;Lalang Marine Terminal;Indonesia;coa03f, gen03c;1.183333000000000;102.216667000000001
61425.0;Omaezaki Ko;Japan;a1261460, coa12b, gen12b;34.600000000000001;138.233332999999988
61720.0;Hagi Ko;Japan;a2362120, coa23f, gen23a;34.416666999999997;131.400000000000006
61730.0;Hamada Ko;Japan;coa12a, gen12b;34.899999999999999;132.083333000000010
42630.0;Alexandroupoli;Greece;a0942630, coa09d, gen09, h0942630;40.833333000000003;25.883333000000000
42840.0;Neon Karlovas;Greece;a0943280, coa09d, gen09, h0942840;37.799999999999997;26.683333000000001
42880.0;Gavrio;Greece;coa09d, gen09, h0942880;37.883333000000000;24.733332999999998
39190.0;Arbatax;Italy;a0839180, coa08l, gen08a;39.933332999999998;9.699999999999999
39550.0;Marina Di Carrara;Italy;a0839520, coa08k, gen08a;44.027000000000001;10.047000000000001
41790.0;Argostolion;Greece;coa09d, gen09;38.183332999999998;20.516667000000002
41880.0;Katakolon;Greece;coa09d, gen09;37.649999999999999;21.316666999999999
42050.0;Navplio;Greece;a0942050, coa09d, gen09, h0942050;37.566667000000002;22.800000000000001
42160.0;Megara Oil Terminal;Greece;a0942050, coa09d, gen09, h0942230;37.966667000000001;23.399999999999999
61790.0;Miyazu;Japan;coa12a, gen12b;35.533332999999999;135.199999999999989
61541.0;Yura;Japan;a1261545, coa12c, gen12b;33.950000000000003;135.099999999999994
41290.0;Sibenik;Croatia;a0941320, coa09c, gen09, h0941290;43.733333000000002;15.883333000000000
42340.0;Ormos Aliveriou;Greece;a0942310, coa09d, gen09;38.383333000000000;24.050000000000001
42070.0;Spetses;Greece;a0942050, coa09d, gen09;37.266666999999998;23.166667000000000
41850.0;Patrai;Greece;a0941850, coa09d, gen09, h0941850;38.250000000000000;21.733332999999998
39610.0;Vada;Italy;a0839590, coa08k, gen08a;43.350000000000001;10.449999999999999
40240.0;Siracusa;Italy;a0940250, coa09b, gen09, h0940240;37.049999999999997;15.283333000000001
39990.0;Torre Annunziata;Italy;a0939960, coa09b, gen09, h0939960;40.750000000000000;14.449999999999999
40760.0;Porto Di Lido-Venezia;Italy;a0940760, coa09c, gen09, h0940760;45.416666999999997;12.433332999999999
40040.0;Salerno;Italy;a0939960, coa09b, gen09, h0939960;40.666666999999997;14.750000000000000
50120.0;Toboali;Indonesia;coa04a, gen04c;-3.016667000000000;106.450000000000003
61750.0;Sakai Ko;Japan;coa12a, gen12b;35.549999999999997;133.250000000000000
50380.0;Panjang;Indonesia;a0450380, coa04a, gen04c, h0450380;-5.466667000000000;105.316666999999995
40130.0;Porto Di Palermo;Italy;a0940130, coa09b, gen09, h0940130;38.119000000000000;13.380000000000001
39740.0;Portovecchio Di Piombino;Italy;a0839740, coa08l, gen08a, h0839740;42.933000000000000;10.557000000000000
59485.0;General Santos;Philippines;coa11h, gen11b, h1159485;6.116667000000000;125.183333000000005
59345.0;Nasipit Port;Philippines;coa11g, gen11b, h1159345;8.983333000000000;125.333332999999996
47105.0;Kilifi;Kenya;coa02c, gen02a;-3.633333000000000;39.866667000000000
46935.0;Nacala;Mozambique;a0246936, coa02b, gen02b;-14.533333000000001;40.666666999999997
46930.0;Mocambique;Mozambique;coa02b, gen02b, h0246930;-15.033333000000001;40.733333000000002
45812.0;Nouadhibou;Mauritania;coa01b, gen01a, h0145812;20.916667000000000;-17.050000000000001
45793.0;Casablanca;Morocco;a0845793, coa08f, gen08b, h0845793;33.600000000000001;-7.616667000000000
37990.0;Lisboa;Portugal;coa08e, gen08b, h0837990;38.700000000000003;-9.166667000000000
15990.0;Ensenada;Mexico;a1315990, coa13a, gen13a, h1315990;31.866667000000000;-116.633332999999993
11625.0;Grand Cul De Sac Bay;Saint Lucia;a1411615, gen14a;13.983333000000000;-61.016666999999998
58100.0;Jose Panganiban;Philippines;coa11f, gen11a;14.283333000000001;122.683333000000005
59400.0;Mati;Philippines;coa11h, gen11b;6.950000000000000;126.216667000000001
59720.0;Bugo;Philippines;coa11g, gen11b;8.516667000000000;124.750000000000000
48357.0;Mina Ash Shuaybah;Kuwait;a1048361, coa10n, gen10a, h1048361;29.033332999999999;48.166666999999997
48370.0;Al Kuwayt;Kuwait;coa10n, gen10a, h1048370;29.350000000000001;47.933332999999998
47107.0;Malindi;Kenya;coa02c, gen02a;-3.216667000000000;40.133333000000000
57970.0;Basco;Philippines;coa23i, gen23b;20.449999999999999;121.966667000000001
59430.0;Davao;Philippines;a1159430, coa11h, gen11b;7.066667000000000;125.616667000000007
59770.0;Basilian City (Isabela);Philippines;a1159770, coa11i, gen11a;6.716667000000000;121.966667000000001
45240.0;Darnah;Libya;coa09a, gen09;32.766666999999998;22.649999999999999
45335.0;Az Zawiya;Libya;coa09a, gen09;32.799999999999997;12.716666999999999
45785.0;Kenitra;Morocco;coa08f, gen08b, h0845785;34.299999999999997;-6.600000000000000
45802.0;Agadir;Morocco;a0845803, coa08f, gen08b, h0845803;30.433333000000001;-9.633333000000000
15427.0;Charco Azul;Panama;a1415445, coa14o, gen14b, h1415460;8.216666999999999;-82.866667000000007
48338.0;Al Jubayl;Saudi Arabia;a1048338, coa10n, gen10a, h1048338;27.083333000000000;49.666666999999997
48356.0;Mina Az Zawr;Kuwait;a1048356, coa10n, gen10a;28.733332999999998;48.399999999999999
49980.0;Muar;Malaysia;coa03f, gen03c;2.050000000000000;102.566666999999995
45800.0;Essaouira;Morocco;coa08f, gen08b;31.500000000000000;-9.783333000000001
46241.0;Akpo Oil Terminal;Nigeria;coa01a, gen01b;3.133333000000000;6.816667000000000
57485.0;Kampong Saom;Cambodia;a0357485, coa03e, gen03a, h0357485;10.633333000000000;103.500000000000000
46880.0;Inhambane;Mozambique;coa02j, gen02b;-23.916667000000000;35.399999999999999
47110.0;Lamu;Kenya;a0247110, coa02c, gen02a, h0247110;-2.266667000000000;40.899999999999999
55330.0;Akaroa;New Zealand;coa06g, gen06b;-43.799999999999997;172.966667000000001
37980.0;Figueira Da Foz;Portugal;coa08d, gen08b;40.149999999999999;-8.850000000000000
38030.0;Faro;Portugal;coa08e, gen08b;37.033332999999999;-7.933333000000000
59100.0;Lazi;Philippines;coa11g, gen11a;9.133333000000000;123.633332999999993
37950.0;Porto De Leixoes;Portugal;a0837950, coa08d, gen08b, h0837950;41.183332999999998;-8.699999999999999
38110.0;Vila Do Porto;Portugal;a0838110, coa08g, gen08c, h0838110;36.933332999999998;-25.149999999999999
40330.0;Valletta Harbors;Malta;a0940330, coa09b, gen09, h0940330;35.899999999999999;14.516667000000000
15423.0;Vacamonte;Panama;coa14e, gen14b;8.866667000000000;-79.666667000000004
38000.0;Setubal;Portugal;coa08e, gen08b, h0838000;38.516666999999998;-8.900000000000000
38005.0;Sines;Portugal;a0838005, coa08e, gen08b, h0838005;37.950000000000003;-8.866667000000000
46920.0;Porto Belo;Mozambique;coa02b, gen02b;-17.699999999999999;37.183332999999998
15917.0;Pichilingue;Mexico;coa13a, gen13b, h1315920;24.266667000000002;-110.333332999999996
15460.0;Puerto Armuelles;Panama;a1415445, coa14o, gen14b, h1415460;8.266667000000000;-82.849999999999994
37940.0;Viana Do Castelo;Portugal;coa08d, gen08b;41.700000000000003;-8.833333000000000
46910.0;Quelimane;Mozambique;coa02b, gen02b;-17.883333000000000;36.883333000000000
57425.0;Tapis Marine Terminal A;Malaysia;coa11b, gen11b;5.516667000000000;105.016666999999998
55180.0;Wanganui;New Zealand;coa06f, gen06b;-39.950000000000003;175.033332999999999
59725.0;Villanueva;Philippines;coa11g, gen11b;8.583333000000000;124.766666999999998
59780.0;Port Holland;Philippines;coa11i, gen11a;6.550000000000000;121.866667000000007
48349.0;Ras Al Khafji;Saudi Arabia;a1048346, coa10n, gen10a, h1048346;28.433333000000001;48.583333000000003
59530.0;Pagadian;Philippines;coa11h, gen11b;7.833333000000000;123.433333000000005
47750.0;Port Mathurin;Mauritius;a0347740, gen03c, h0347750;-19.683333000000001;63.416666999999997
49825.0;Port Langkawi;Malaysia;coa03c, gen03c;6.433333000000000;99.766666999999998
58205.0;Sorsogon;Philippines;coa11f, gen11a;12.966666999999999;124.000000000000000
48340.0;Ras  Tannurah;Saudi Arabia;a1048340, coa10n, gen10a, h1048340;26.633333000000000;50.166666999999997
8225.0;Annapolis;United States;a1708225, coa17d, gen17a, h1708225;38.983333000000002;-76.483333000000002
8210.0;Baltimore;United States;a1708225, coa17d, gen17a, h1708210;39.266666999999998;-76.583332999999996
8130.0;Camden;United States;a1708130, h1708130;39.950000000000003;-75.133332999999993
8080.0;Chester;United States;a1708130;39.850000000000001;-75.349999999999994
7810.0;Newark;United States;a1707640, coa17c, gen17a, h1707810;40.700000000000003;-74.150000000000006
7790.0;Bayonne;United States;a1707640, coa17c, gen17a, h1707640, h1707810;40.683332999999998;-74.099999999999994
7770.0;Hoboken;United States;a1707640, coa17c, gen17a, h1707640;40.750000000000000;-74.016666999999998
7610.0;Greenwich;United States;a1707640, coa17c, gen17a, h1707570;41.016666999999998;-73.616667000000007
7570.0;Bridgeport;United States;a1707640, coa17c, gen17a, h1707570;41.166666999999997;-73.183333000000005
7400.0;Fall River;United States;a1707420, h1707420;41.700000000000003;-71.166667000000004
7720.0;Albany;United States;h1707680;42.649999999999999;-73.750000000000000
45400.0;Mahdia;Tunisia;coa08m, gen08a;35.500000000000000;11.066667000000001
44870.0;Botas;Turkey;a1044880, coa10d, gen10b;36.883333000000000;35.933332999999998
50000.0;Keppel - (East Singapore);Singapore;a0350000, coa03f, gen03c, h0350000;1.283333000000000;103.849999999999994
40860.0;Koper;Slovenia;a0940820, coa09c, gen09, h0940860;45.549999999999997;13.733333000000000
45867.0;Bonthe;Sierra Leone;coa01a, gen01a;7.533333000000000;-12.500000000000000
6940.0;Camden;United States;a1806920, coa18a, gen18a;44.216667000000001;-69.066666999999995
6860.0;Castine;United States;a1806920, coa18a, gen18a;44.383333000000000;-68.733333000000002
16050.0;Avalon;United States;a1316080, coa13b, gen13a, h1316050;33.350000000000001;-118.316666999999995
9340.0;Brownsville;United States;a1509340, coa15a, gen15, h1509340;25.949999999999999;-97.400000000000006
9150.0;Galveston;United States;a1509150, coa15a, gen15, h1509150;29.316666999999999;-94.783332999999999
9140.0;Beaumont;United States;h1509140;30.083333000000000;-94.083332999999996
8970.0;Baton Rouge;United States;a1509000;30.449999999999999;-91.183333000000005
8720.0;Carrabelle;United States;a1508715, coa15g, gen15;29.850000000000001;-84.666667000000004
8660.0;Key West;United States;a1508660, coa15g, gen15, h1508660;24.550000000000001;-81.816666999999995
8600.0;Fort Pierce;United States;a1508600, coa15h, gen15, h1508600;27.466667000000001;-80.316666999999995
8570.0;Mayport;United States;a1508580, coa15b, gen15, h1508580;30.399999999999999;-81.433333000000005
8325.0;Elizabeth City;United States;gen17a;36.299999999999997;-76.216667000000001
44790.0;Bodrum;Turkey;coa10c, gen10b, h1044790;37.033332999999999;27.433333000000001
47000.0;Kilwa Kivinje;Tanzania;coa02c, gen02b;-8.733333000000000;39.416666999999997
16280.0;Davenport;United States;coa13b, gen13a;37.016666999999998;-122.200000000000003
16145.0;Carpinteria;United States;coa13b, gen13a, h1316120;34.383333000000000;-119.516666999999998
16440.0;Crockett;United States;gen13a, h1316410;38.049999999999997;-122.216667000000001
57440.0;Erawan Terminal;Thailand;coa03e, gen03a;9.100000000000000;101.349999999999994
6700.0;Bar Harbor;United States;a1806700, coa18b, gen18a, h1806700;44.383333000000000;-68.200000000000003
44740.0;Dikili;Turkey;a0942760, coa09d, gen09;39.016666999999998;26.816666999999999
45368.0;Didon Terminal;Tunisia;coa08m, gen08a;33.783332999999999;11.900000000000000
45375.0;Gabes;Tunisia;a0845390, coa08m, gen08a, h0845375;33.899999999999999;10.116667000000000
45420.0;La Goulette;Tunisia;a0845430, coa08m, gen08a, h0845430;36.799999999999997;10.300000000000001
44660.0;Erdek;Turkey;a1043390, coa10c, gen10b;40.383333000000000;27.800000000000001
44730.0;Ayvalik;Turkey;a0942760, coa09d, gen09;39.316667000000002;26.699999999999999
44752.0;Nemrut Limani Bay;Turkey;a0942760, coa09d, gen09;38.766666999999998;26.916667000000000
9235.0;Deer Park;United States;coa15a, gen15, h1509150;29.750000000000000;-95.333332999999996
44810.0;Fethiye;Turkey;a1044805, coa10c, gen10b, h1044810;36.633333000000000;29.100000000000001
43334.0;Aliaga;Turkey;a0942760, coa09d, gen09;38.833333000000003;26.933333000000001
45430.0;Tunis;Tunisia;a0845430, coa08m, gen08a, h0845430;36.799999999999997;10.250000000000000
40870.0;Piran;Slovenia;a0940820, coa09c, gen09;45.533332999999999;13.566667000000001
45365.0;Zarzis;Tunisia;a0845365, coa08m, gen08a, h0845365;33.500000000000000;11.116667000000000
44801.0;Toros Gubre;Turkey;a1044880, coa10d, gen10b;36.916666999999997;35.966667000000001
45410.0;Sousse;Tunisia;a0845410, coa08m, gen08a, h0845410;35.833333000000003;10.650000000000000
45432.0;Rades;Tunisia;a0845430, coa08m, gen08a, h0845430;36.816667000000002;10.300000000000001
57435.0;Pattani;Thailand;coa03d, gen03a, h0357435;6.950000000000000;101.299999999999997
7820.0;Elizabethport;United States;a1707640, coa17c, h1707810;40.649999999999999;-74.183333000000005
7780.0;Jersey City;United States;a1707640, coa17c, gen17a, h1707640;40.716667000000001;-74.033332999999999
7550.0;New Haven;United States;a1707550, coa17c, gen17a, h1707550;41.233333000000002;-72.916667000000004
7500.0;New London;United States;a1707500, coa17c, gen17a, h1707500;41.350000000000001;-72.083332999999996
8070.0;Marcus Hook;United States;a1708130;39.816667000000002;-75.416667000000004
8300.0;Newport News;United States;coa17d, gen17a, h1708280;36.966667000000001;-76.433333000000005
57620.0;Nha Trang;Vietnam;a1157620, coa11a, gen11a, h1157620;12.250000000000000;109.233333000000002
7170.0;Kennebunkport;United States;a1807180, coa18a, gen18a;43.366667000000000;-70.466667000000001
7040.0;Boothbay Harbor;United States;a1807100, coa18a, gen18a;43.866667000000000;-69.583332999999996
11310.0;Charlotte Amalie;U.S. Virgin Islands;a1611310, coa16b, gen16, h1611310;18.350000000000001;-64.933333000000005
16340.0;Oakland;United States;coa13b, gen13a, h1316300;37.816667000000002;-122.333332999999996
16240.0;Monterey;United States;coa13b, gen13a, h1316240;36.616667000000000;-121.883332999999993
16210.0;Morro Bay;United States;coa13b, gen13a, h1316210;35.366667000000000;-120.849999999999994
8860.0;New Orleans;United States;a1508860, coa15a, gen15, h1508860;29.949999999999999;-90.049999999999997
8820.0;Madisonville;United States;a1508860;30.399999999999999;-90.150000000000006
8770.0;Mobile;United States;a1508770, coa15f;30.683333000000001;-88.116667000000007
8640.0;Miami;United States;a1508640, coa15h, gen15, h1508640;25.783332999999999;-80.183333000000005
16330.0;Alameda;United States;coa13b, gen13a, h1316300;37.783332999999999;-122.266666999999998
12280.0;Caripito;Venezuela;coa14d, gen14a;10.150000000000000;-63.033332999999999
8940.0;Destrehan;United States;a1508860, coa15a, gen15;29.949999999999999;-90.366667000000007
16360.0;Berkeley;United States;coa13b, gen13a, h1316300;37.866667000000000;-122.299999999999997
11335.0;Limetree Bay;U.S. Virgin Islands;a1411335, coa14h, gen14a, h1411335;17.699999999999999;-64.750000000000000
7230.0;Marblehead;United States;a1807250, coa18a, gen18a, h1807250;42.500000000000000;-70.849999999999994
11336.0;Port Alucroix;U.S. Virgin Islands;a1411335, coa14h, gen14a, h1411335;17.699999999999999;-64.766666999999998
6810.0;Stonington;United States;a1806700, coa18a, gen18a;44.149999999999999;-68.666667000000004
9330.0;Port Isabel;United States;a1509340, coa15a, gen15, h1509340;26.083333000000000;-97.200000000000003
8700.0;Tarpon Springs;United States;a1508670, coa15g, gen15;28.149999999999999;-82.766666999999998
7180.0;Portsmouth;United States;a1807180, coa18a, gen18a, h1807180;43.083333000000003;-70.750000000000000
16300.0;San Francisco;United States;coa13b, gen13a, h1316300;37.816667000000002;-122.416667000000004
9160.0;Texas City;United States;a1509150, coa15a, gen15, h1509150;29.383333000000000;-94.916667000000004
7225.0;Salem;United States;a1807250, coa18a, gen18a, h1807250;42.516666999999998;-70.883332999999993
8760.0;Pensacola;United States;a1508760, coa15f, gen15, h1508761;30.399999999999999;-87.216667000000001
16150.0;Santa Barbara;United States;coa13b, gen13a, h1316120;34.416666999999997;-119.683333000000005
6960.0;Rockland;United States;a1806920, coa18a, gen18a;44.100000000000001;-69.099999999999994
16010.0;San Diego;United States;a1316010, coa13b, gen13a, h1316010;32.716667000000001;-117.183333000000005
6890.0;Winterport;United States;a1806920, coa18a, gen18a;44.633333000000000;-68.849999999999994
9100.0;Port Neches;United States;a1509140, gen15, h1509140;30.000000000000000;-93.950000000000003
9290.0;Rockport;United States;a1509300, coa15a, gen15;28.016667000000002;-97.049999999999997
46780.0;Simonstown;South Africa;a0146780, coa01c, gen01c, h0146780;-34.185000000000002;18.436666667000001
7150.0;Portland;United States;a1807100, coa18a, gen18a, h1807150;43.666666999999997;-70.250000000000000
16420.0;South Vallejo;United States;coa13b, gen13a, h1316410;38.083333000000003;-122.250000000000000
8780.0;Pascagoula;United States;a1508780, coa15f, gen15, h1508780;30.350000000000001;-88.566666999999995
8750.0;Panama City;United States;a1508750, coa15f, gen15, h1508750;30.133333000000000;-85.650000000000006
6870.0;Sandypoint;United States;a1806920, coa18a, gen18a;44.516666999999998;-68.816666999999995
7160.0;Saco;United States;a1807180, coa18a, gen18a, h1807150;43.500000000000000;-70.450000000000003
8260.0;West Point;United States;a1708260;37.533332999999999;-76.799999999999997
7930.0;Port Reading;United States;a1707640, coa17c, h1707960;40.566667000000002;-74.233333000000002
7620.0;Port Chester;United States;a1707640, coa17c, gen17a, h1707570;41.000000000000000;-73.666667000000004
7420.0;Providence;United States;a1707420, h1707420;41.799999999999997;-71.400000000000006
7970.0;Sayreville;United States;a1707640, coa17c, h1707960;40.466667000000001;-74.366667000000007
7960.0;Perth Amboy;United States;a1707640, coa17c, h1707960;40.500000000000000;-74.266666999999998
8250.0;Yorktown;United States;a1708260, coa17d, gen17a, h1708250;37.233333000000002;-76.500000000000000
7750.0;Edgewater;United States;a1707640, coa17c, gen17a, h1707750;40.816667000000002;-73.983333000000002
48325.0;Mina Salman;Bahrain;a1048310, coa10m, gen10a, h1048325;26.199999999999999;50.633333000000000
12775.0;Madre De Deus;Brazil;a0112770, coa01f, gen01b;-12.750000000000000;-38.616667000000000
6780.0;Ellsworth;United States;a1806700, coa18b, gen18a;44.549999999999997;-68.416667000000004
53710.0;Jervis Bay;Australia;a0553710, coa05b, gen05b;-35.116667000000000;150.800000000000011
6740.0;Frenchboro;United States;a1806700, coa18b, gen18a;44.116667000000000;-68.366667000000007
53750.0;Batemans Bay;Australia;coa05b, gen05b;-35.700000000000003;150.166666999999990
48392.0;Al-Basra Oil Terminal;Iraq;a1048385, coa10n, gen10a;29.683333000000001;48.816667000000002
45660.0;Beni Saf;Algeria;a0845670, coa08o, gen08b;35.299999999999997;-1.383333000000000
45910.0;Porto Da Praia;Cabo Verde;coa01n, gen01a, h0145910;14.916667000000000;-23.516667000000002
12770.0;Port De Salvador;Brazil;a0112770, coa01f, gen01b, h0112770;-12.966666999999999;-38.516666999999998
12910.0;Porto Do Forno;Brazil;coa01f, gen01c;-22.966667000000001;-42.016666999999998
37290.0;Puerto De Pasajes;Spain;a0837290, coa08c, gen08b, h0837290;43.333333000000003;-1.933333000000000
7910.0;Carteret;United States;a1707640, coa17c, h1707810;40.583333000000003;-74.216667000000001
7640.0;New York City;United States;a1707640, coa17c, gen17a, h1707640;40.700000000000003;-74.016666999999998
7630.0;Brooklyn;United States;a1707640, coa17c, gen17a, h1707640;40.666666999999997;-74.016666999999998
7625.0;City Island;United States;a1707640, coa17c, gen17a, h1707570;40.850000000000001;-73.783332999999999
62360.0;Nagasaki;Japan;a2362360, coa23f, gen23a, h2362360;32.716667000000001;129.849999999999994
62280.0;Misumi Ko;Japan;a2362280, coa23h, gen23a, h2362280;32.600000000000001;130.466667000000001
62220.0;Kagoshima Ko;Japan;a2362220, coa23h, gen23a, h2362220;31.583333000000000;130.566666999999995
62150.0;Beppu;Japan;a2362150, coa23h, gen23a;33.316667000000002;131.516667000000012
62145.0;Kanda;Japan;a2361690, coa23h, gen23a;33.783332999999999;131.016667000000012
62080.0;Niihama;Japan;coa12c, gen12b, h1262080;33.983333000000002;133.283332999999999
62065.0;Muturezima Ko;Japan;a2362120, coa23f, gen23a, h2361700;33.966667000000001;130.866667000000007
61800.0;Maizuru Ko;Japan;a1261800, coa12a, gen12b, h1261800;35.516666999999998;135.333333000000010
61617.0;Habu Ko;Japan;a1262070, coa12c, gen12b;34.283332999999999;133.183333000000005
61590.0;Hibi Ko;Japan;a1262110, coa12c, gen12b;34.450000000000003;133.933333000000005
61570.0;Aioi;Japan;a1261567, coa12c, gen12b;34.783332999999999;134.466667000000001
61567.0;Himeji;Japan;a1261567, coa12c, gen12b, h1261567;34.750000000000000;134.633332999999993
61560.0;Kobe;Japan;a1261550, coa12c, gen12b, h1261560;34.649999999999999;135.183333000000005
59190.0;Iloilo;Philippines;a1159130, coa11g, gen11a, h1159190;10.699999999999999;122.583332999999996
58960.0;Cebu;Philippines;a1158960, coa11g, gen11a, h1158960;10.300000000000001;123.900000000000006
61372.0;Kisarazu Ko;Japan;a1261400, coa12b, gen12b, h1261372;35.366667000000000;139.883332999999993
51845.0;Lawi Lawi Oil Terminal;Indonesia;a0451840, coa04c, gen04c;-1.450000000000000;116.766666999999998
51600.0;Lutong;Malaysia;a1151590, coa11c, gen11b;4.466667000000000;114.000000000000000
48300.0;Al Rayyan Terminal;Qatar;coa10m, gen10a;26.649999999999999;51.549999999999997
48040.0;As Suways;Egypt;coa10f, gen10c, h1048040;29.966667000000001;32.549999999999997
47010.0;Dar Es Salaam;Tanzania;a0247005, coa02c, gen02a, h0247005;-6.816667000000000;39.299999999999997
46975.0;Mtwara;Tanzania;a0246970, coa02b, gen02b;-10.266667000000000;40.200000000000003
46890.0;Beira;Mozambique;a0246890, coa02b, gen02b, h0246890;-19.833333000000000;34.833333000000003
46870.0;Maputo;Mozambique;coa02j, gen02c, h0246870;-25.962777778000000;32.544722221999997
46850.0;Durban;South Africa;a0246850, coa02i, gen02c, h0246850;-29.866667000000000;31.066666999999999
46830.0;East London;South Africa;a0246830, coa02a, gen02c, h0246830;-33.033332999999999;27.916667000000000
45640.0;Oran;Algeria;a0845640, coa08o, gen08b, h0845640;35.700000000000003;-0.633333000000000
45550.0;Bejaia;Algeria;a0845550, coa08n, gen08a, h0845550;36.750000000000000;5.083333000000000
44750.0;Izmir;Turkey;a1044750, coa10c, gen10b, h1044750;38.433332999999998;27.133333000000000
50970.0;Jakarta;Indonesia;a0450970, coa04a, gen04c, h0450970;-6.100000000000000;106.883332999999993
50730.0;Belawan;Indonesia;a0350730, coa03c, gen03c, h0350730;3.783333000000000;98.683333000000005
41670.0;Durres;Albania;a0941670, coa09c, gen09, h0941670;41.316667000000002;19.449999999999999
41640.0;Bar;Montenegro;a0941320, coa09c, gen09, h0941640;42.083333000000003;19.083333000000000
41610.0;Kotor;Montenegro;a0941320, coa09c, gen09;42.416666999999997;18.766667000000002
41030.0;Bakar;Croatia;a0941010, coa09c, gen09;45.299999999999997;14.533333000000001
40500.0;Brindisi;Italy;a0940500, coa09c, gen09, h0940500;40.649999999999999;17.983332999999998
40480.0;Gallipoli;Italy;coa09c, gen09, h0940480;40.060000000000002;17.984000000000002
40110.0;Milazzo;Italy;coa09b, gen09, h0940110;38.216667000000001;15.250000000000000
39950.0;Bagnoli;Italy;a0939960, coa09b, gen09, h0939960;40.810000000000002;14.157999999999999
39520.0;La Spezia;Italy;a0839520, coa08k, gen08a, h0839520;44.100000000000001;9.833333000000000
39470.0;Genova;Italy;a0839470, coa08k, gen08a, h0839470;44.398000000000003;8.922000000000001
39120.0;L'ile Rousse;France;a0839110, coa08k, gen08a;42.633333000000000;8.933332999999999
38810.0;Marseille;France;a0838810, coa08j, gen08a, h0838810;43.316667000000002;5.366667000000000
38550.0;Barcelona;Spain;a0838550, coa08i, gen08a, h0838550;41.350000000000001;2.166667000000000
38430.0;Cartagena;Spain;a0838430, coa08o, gen08b, h0838430;37.583333000000003;-0.983333000000000
38090.0;Angra Do Heroismo;Portugal;a0838095, coa08g, gen08c, h0838090;38.649999999999999;-27.216667000000001
38080.0;Horta;Portugal;a0838080, coa08g, gen08c, h0838080;38.533332999999999;-28.633333000000000
37970.0;Aveiro;Portugal;coa08d, gen08b, h0837970;40.649999999999999;-8.650000000000000
37860.0;Marin;Spain;coa08d, gen08b;42.399999999999999;-8.699999999999999
7250.0;Boston;United States;a1807250, coa18a, gen18a, h1807250;42.350000000000001;-71.049999999999997
7210.0;Gloucester;United States;a1708130, h1708130;39.899999999999999;-75.133332999999993
7080.0;Bath;United States;a1807100, coa18a, gen18a, h1807120;43.916666999999997;-69.816666999999995
37010.0;La Rochelle;France;a0837010, coa08b, gen08b, h0837010;46.149999999999999;-1.150000000000000
37000.0;La Pallice;France;a0837010, coa08b, gen08b, h0837010;46.166666999999997;-1.216667000000000
9300.0;Corpus Christi;United States;a1509300, coa15a, gen15, h1509300;27.816666999999999;-97.400000000000006
9070.0;Orange;United States;h1509140;30.083333000000000;-93.733333000000002
9040.0;Lake Charles;United States;a1509140, coa15a;30.216667000000001;-93.250000000000000
9000.0;Morgan City;United States;a1509000, coa15a, gen15, h1509000;29.699999999999999;-91.216667000000001
8980.0;Loop Terminal;United States;a1508980, coa15f, gen15, h1508985;28.883333000000000;-90.016666999999998
8800.0;Gulfport;United States;a1508800, coa15f, gen15, h1508800;30.350000000000001;-89.083332999999996
8730.0;Apalachicola;United States;a1508750, coa15g, gen15;29.716667000000001;-84.983333000000002
8665.0;Boca Grande;United States;a1508665, coa15g, gen15;26.699999999999999;-82.333332999999996
2800.0;Clayton;United States;h1802740;44.233333000000002;-76.049999999999997
2770.0;Ogdensburg;United States;h1802741;44.700000000000003;-75.500000000000000
2235.0;Montreal;Canada;h1802235;45.516666999999998;-73.549999999999997
6730.0;Mount Desert;United States;a1806700, coa18b, gen18a;44.366667000000000;-68.333332999999996
38433.0;Islas Hormigas;Spain;a0838440, coa08i, gen08b;37.649999999999999;-0.650000000000000
38585.0;Las Hormigas;Spain;a0838580, coa08j, gen08a, h0838585;41.866667000000000;3.183333000000000
40000.0;Castellammare Di Stabia;Italy;a0939960, coa09b, gen09, h0939960;40.700000000000003;14.476000000000001
40210.0;Licata;Italy;a0940210, coa09b, gen09, h0940210;37.091999999999999;13.936000000000000
40340.0;Marsaxlokk;Malta;a0940330, coa09b, gen09, h0940340;35.816667000000002;14.550000000000001
43340.0;Gemlik;Turkey;a1043410, coa10c, gen10b;40.416666999999997;29.116667000000000
50650.0;Lhokseumawe;Indonesia;a0350650, coa03c, gen03c, h0350650;5.250000000000000;97.116667000000007
51484.0;Belida Marine Terminal;Indonesia;coa11b, gen11b;4.133333000000000;105.133332999999993
44690.0;Canakkale;Turkey;a0944690, coa09d, gen09, h0944690;40.149999999999999;26.399999999999999
44880.0;Iskenderun;Turkey;a1044880, coa10d, gen10b, h1044880;36.600000000000001;36.166666999999997
45084.0;Hadera;Israel;a1045080, coa10d, gen10b;32.466667000000001;34.899999999999999
48108.0;Duba Bulk Plant Tanker Terminal;Saudi Arabia;coa10f, gen10c;27.316666999999999;35.899999999999999
61357.0;Kashima Ko;Japan;a1261357, coa12b, gen12b, h1261357;35.933332999999998;140.699999999999989
57768.0;Basuo;China;a2357768, coa23b, gen23b, h2357768;19.100000000000001;108.616667000000007
62085.0;Mishima-Kawanoe Ko;Japan;coa12c, gen12b, h1261634;34.000000000000000;133.550000000000011
7590.0;Norwalk;United States;a1707640, coa17c, gen17a, h1707570;41.100000000000001;-73.416667000000004
2670.0;Cardinal;Canada;h1802741;44.783332999999999;-75.383332999999993
9030.0;Haymark Terminal;United States;a1509140, coa15a;30.133333000000000;-93.316666999999995
8990.0;Grand Isle;United States;a1508980, coa15a, gen15;29.233332999999998;-90.000000000000000
42420.0;Kymassi;Greece;a0942415, coa09d, gen09;38.833333000000003;23.466667000000001
38370.0;Malaga;Spain;a0838370, coa08o, gen08b, h0838370;36.716667000000001;-4.416667000000000
59475.0;Gingoog;Philippines;coa11g, gen11b;8.833333000000000;125.099999999999994
38980.0;Antibes;France;a0838960, coa08k, gen08a, h0838990;43.583333000000003;7.133333000000000
39060.0;Bastia;France;a0839060, coa08k, gen08a, h0839060;42.700000000000003;9.449999999999999
39110.0;Calvi;France;a0839110, coa08k, gen08a, h0839110;42.566667000000002;8.750000000000000
39250.0;Carloforte;Italy;a0839210, coa08l, gen08a, h0839250;39.146999999999998;8.317000000000000
40115.0;Gioia Tauro;Italy;coa09b, gen09, h0940115;38.444000000000003;15.890000000000001
40220.0;Gela;Italy;a0940210, coa09b, gen09;37.066667000000002;14.250000000000000
40270.0;Catania;Italy;a0940270, coa09b, gen09, h0940270;37.500000000000000;15.100000000000000
40985.0;Brsica;Croatia;a0941010, coa09c, gen09;45.033332999999999;14.050000000000001
48327.0;Khalifa Bin Salman;Bahrain;a1048320, coa10m, gen10a, h1048325;26.250000000000000;50.750000000000000
49890.0;Lumut;Malaysia;a0349890, coa03c, gen03c, h0349890;4.233333000000000;100.633332999999993
51205.0;Celukan Bawang;Indonesia;coa04d, gen04c;-8.183332999999999;114.833332999999996
51260.0;Benoa;Indonesia;a0451260, coa04d, gen04c, h0451260;-8.750000000000000;115.216667000000001
57411.0;Kemaman Harbor;Malaysia;a0357415, coa03b, gen03a, h0357411;4.250000000000000;103.466667000000001
57420.0;Kuala Trengganu;Malaysia;coa03b, gen03a;5.350000000000000;103.133332999999993
46970.0;Mikindani;Tanzania;a0246970, coa02b, gen02b;-10.266667000000000;40.133333000000000
47140.0;Baraawe;Somalia;coa02c, gen02a;1.100000000000000;44.049999999999997
47300.0;Moroni;Comoros;coa02h, gen02b, h0247300;-11.699999999999999;43.250000000000000
51733.0;Bakapit;Malaysia;coa11i, gen11b;4.950000000000000;118.583332999999996
61355.0;Onahama Ko;Japan;a1261355, coa12b, gen12b, h1261355;36.933332999999998;140.900000000000006
61375.0;Chiba Ko;Japan;a1261380, coa12b, gen12b, h1261378;35.583333000000003;140.066666999999995
61385.0;Kawasaki Ko;Japan;a1261380, coa12b, gen12b, h1261390;35.500000000000000;139.766667000000012
61416.0;Atsumi;Japan;a1261500, coa12b, gen12b;34.666666999999997;137.066666999999995
61470.0;Kinuura Ko;Japan;a1261480, coa12b, gen12b;34.850000000000001;136.949999999999989
36360.0;Morlaix;France;a2036130, coa20b, gen20b;48.583333000000003;-3.833333000000000
7100.0;Gardiner;United States;coa18a, gen18a, h1807120;44.233333000000002;-69.766666999999998
7130.0;Cundy Harbor;United States;a1807100, coa18a, gen18a;43.783332999999999;-69.900000000000006
61475.0;Gamagori Ko;Japan;a1261465, coa12b, gen12b, h1261465;34.816667000000002;137.216667000000001
61495.0;Matsusaka;Japan;a1261480, coa12b, gen12b;34.600000000000001;136.566666999999995
55130.0;Napier;New Zealand;a0655130, coa06f, gen06b, h0655130;-39.483333000000002;176.916666999999990
59090.0;Dumaguete;Philippines;a1158870, coa11g, gen11a;9.316667000000001;123.299999999999997
59180.0;Jordan;Philippines;a1159130, coa11g, gen11a, h1159190;10.666667000000000;122.583332999999996
59700.0;Iligan;Philippines;a1159700, coa11g, gen11b;8.233333000000000;124.233333000000002
59760.0;Butuan City;Philippines;coa11g, gen11b;8.949999999999999;125.533332999999999
60180.0;Dagu Tanggu;China;a2360180, coa23e, gen23a;38.966667000000001;117.666667000000004
44640.0;Mudanya;Turkey;a1043410, coa10c, gen10b, h1044640;40.383333000000000;28.883333000000000
44650.0;Bandirma;Turkey;a1043390, coa10c, gen10b, h1044650;40.350000000000001;27.966667000000001
44670.0;Karabiga;Turkey;a1043390, coa10c, gen10b;40.399999999999999;27.316666999999999
44950.0;Limassol;Cyprus;a1044950, coa10d, gen10b, h1044950;34.666666999999997;33.049999999999997
45080.0;Haifa;Israel;a1045080, coa10d, gen10b, h1045080;32.816667000000002;35.000000000000000
45180.0;Mersa Matruh;Egypt;a1045180, coa10e, gen10b;31.350000000000001;27.233332999999998
45340.0;Marsa Sabratah;Libya;coa09a, gen09;32.816667000000002;12.500000000000000
46541.0;Kizomba A Terminal;Angola;coa01c, gen01b;-6.316667000000000;11.050000000000001
48400.0;Al Basrah;Iraq;h1048385;30.516667000000002;47.833333000000003
48404.0;Khawr Al Zubair;Iraq;coa10n, gen10a, h1048399;30.183333000000001;47.899999999999999
48430.0;Abadan;Iran;coa10n, gen10a, h1048385;30.333333000000000;48.283332999999999
48440.0;Khosrowabad;Iran;coa10n, gen10a, h1048385;30.166667000000000;48.416666999999997
49690.0;Mergui;Burma;a0349690, coa03p, gen03a;12.433332999999999;98.599999999999994
49790.0;Kantang Harbor;Thailand;coa03c, gen03a, h0349790;7.400000000000000;99.516666999999998
50652.0;Blanglancang;Indonesia;a0350650, coa03c, gen03c, h0350650;5.233333000000000;97.099999999999994
50790.0;Bengkalis;Indonesia;coa03f, gen03c;1.466667000000000;102.099999999999994
44751.0;Gulluk;Turkey;coa10c, gen10b;37.250000000000000;27.616667000000000
44770.0;Kusadasi;Turkey;a1044770, coa10c, gen10b, h1044770;37.866667000000000;27.250000000000000
44805.0;Marmaris;Turkey;a1044805, coa10c, gen10b, h1044805;36.850000000000001;28.283332999999999
7990.0;Leonardo;United States;a1707640, coa17c, gen17a, h1707960;40.433332999999998;-74.066666999999995
2560.0;Coteau Landing;Canada;a1802550, h1802742;45.250000000000000;-74.200000000000003
2620.0;Cornwall;Canada;h1802742;45.016666999999998;-74.733333000000002
2680.0;Lower Lakes Terminal;Canada;h1802741;44.733333000000002;-75.466667000000001
11170.0;Ensenada Honda;Puerto Rico;a1611170, coa16b, gen16, h1611170;18.233332999999998;-65.633332999999993
12037.0;El Tabiazo;Venezuela;a1411960, gen14a, h1412035;10.766667000000000;-71.533332999999999
45377.0;Ashtart Oil Terminal;Tunisia;a0845390, coa08m, gen08a;34.283332999999999;11.383333000000000
45444.0;Menzel Bourguiba;Tunisia;a0845440, coa08n, gen08a, h0845440;37.149999999999999;9.800000000000001
45650.0;Mers El Kebir;Algeria;a0845640, coa08o, gen08b, h0845640;35.733333000000002;-0.700000000000000
45796.0;El Jorf Lasfar;Morocco;coa08f, gen08b;33.116667000000000;-8.616667000000000
46542.0;Kizomba B Terminal;Angola;coa01c, gen01b;-6.350000000000000;11.150000000000000
46553.0;Estrela Oil Field;Angola;coa01c, gen01b;-6.450000000000000;12.400000000000000
46950.0;Ibo;Mozambique;a0246950, coa02b, gen02b;-12.333333000000000;40.616667000000000
47400.0;Mahajanga;Madagascar;a0247400, coa02h, gen02b, h0247400;-15.716666999999999;46.299999999999997
47944.0;Beshayer Oil Terminal;Sudan;a1047940, coa10g, gen10c;19.399999999999999;37.316667000000002
48050.0;El Ismailiya;Egypt;coa10e, gen10b, h1048040;30.583333000000000;32.283332999999999
51630.0;Bandar Seri Begawan;Brunei;coa11c, gen11b;4.883333000000000;114.883332999999993
51730.0;Lahad Datu;Malaysia;coa11i, gen11b;5.016667000000000;118.316666999999995
61378.0;Katsunan Ko;Japan;a1261380, coa12b, gen12b, h1261378;35.666666999999997;139.983332999999988
61379.0;Funabashi;Japan;a1261380, coa12b, gen12b, h1261378;35.666666999999997;139.949999999999989
61465.0;Mikawa;Japan;a1261465, coa12b, gen12b, h1261465;34.716667000000001;137.300000000000011
55110.0;Gisborne;New Zealand;a0655110, coa06f, gen06b;-38.666666999999997;178.033332999999999
57818.0;Chiwan;China;coa23b, gen23b;19.966667000000001;110.033332999999999
58070.0;Hondagua;Philippines;coa11f, gen11a, h1158070;13.949999999999999;122.233333000000002
61571.0;O0kihama;Japan;a1261567, coa12c, gen12b, h1261567;34.750000000000000;134.566666999999995
61595.0;Mizushima Ko;Japan;coa12c, gen12b, h1261595;34.500000000000000;133.750000000000000
61650.0;Hiroshima;Japan;a1261650, coa12c, gen12b, h1261650;34.350000000000001;132.466667000000001
61675.0;Kudamatsu;Japan;a2361680, coa23h, gen23a;34.000000000000000;131.866667000000007
61695.0;Hikari;Japan;a2361680, coa23h, gen23a;33.950000000000003;131.933333000000005
61805.0;Fukui;Japan;gen12b;36.066667000000002;136.199999999999989
61932.0;Mega;Japan;a1261567, coa12c, gen12b, h1261567;34.783332999999999;134.699999999999989
61935.0;Hannan Ko;Japan;a1261550, coa12c, gen12b, h1261546;34.466667000000001;135.349999999999994
61970.0;Kochi Ko;Japan;coa12c, gen12b, h1261970;33.500000000000000;133.566666999999995
62100.0;Marugame Ko;Japan;a1262110, coa12c, gen12b;34.299999999999997;133.783332999999999
62430.0;Hakata;Japan;a2362430, coa23f, gen23a, h2362430;33.600000000000001;130.400000000000006
62500.0;Naha Ko;Japan;a2362505, coa23h, gen23a, h2362500;26.216667000000001;127.683333000000005
35860.0;Honfleur;France;a2035840, coa20c, gen20b;49.416666999999997;0.216667000000000
36110.0;Granville;France;a2036130, coa20b, gen20b;48.833333000000003;-1.600000000000000
36960.0;Les Sables D' Olonne;France;a0837010, coa08b, gen08b;46.500000000000000;-1.800000000000000
42490.0;Miliana;Greece;coa09d, gen09, h0942490;39.166666999999997;23.216667000000001
38690.0;Mahon;Spain;a0838690, coa08i, gen08a, h0838690;39.883333000000000;4.266667000000000
38960.0;Cannes;France;a0838960, coa08k, gen08a, h0838960;43.549999999999997;7.016667000000000
39180.0;Olbia;Italy;a0839180, coa08l, gen08a, h0839180;40.924999999999997;9.528000000000000
41415.0;Neum;Bosnia and Herzegovina;a0941320, coa09c, gen09, h0941415;42.916666999999997;17.600000000000001
43260.0;Kalimnos;Greece;a0943260, coa09d, gen09;36.950000000000003;26.983332999999998
43380.0;Gelibolu;Turkey;a0944690, coa09d, gen09, h0943380;40.399999999999999;26.666667000000000
59080.0;Bais;Philippines;a1158870, coa11g, gen11a, h1159080;9.600000000000000;123.116667000000007
59343.0;Masao;Philippines;coa11g, gen11a, gen11b;9.000000000000000;125.416667000000004
59710.0;Cagayan De Oro;Philippines;coa11g, gen11b, h1159710;8.500000000000000;124.666667000000004
61564.0;Hirohata;Japan;a1261567, coa12c, gen12b, h1261567;34.766666999999998;134.633332999999993
61568.0;Higashi-Harima;Japan;a1261560, coa12c, gen12b, h1261568;34.700000000000003;134.833333000000010
61573.0;Kakogawa;Japan;a1261560, coa12c, gen12b, h1261568;34.700000000000003;134.833333000000010
61605.0;Fukuyama;Japan;coa12c, gen12b;34.433332999999998;133.433333000000005
61630.0;Onomichi-Itozaki;Japan;a1262070, coa12c, gen12b;34.383333000000000;133.166666999999990
61655.0;Kanokawa Ko;Japan;a1261650, coa12c, gen12b, h1261655;34.183332999999998;132.433333000000005
62079.0;Onoda;Japan;a2361690, coa23h, gen23a;34.000000000000000;131.183333000000005
62160.0;Oita Ko;Japan;a2362150, coa23h, gen23a, h2362160;33.250000000000000;131.666666999999990
62250.0;Minamata Ko;Japan;a2362280, coa23h, gen23a, h2362265;32.200000000000003;130.383332999999993
62290.0;Miike Ko;Japan;a2362290, coa23h, gen23a, h2362290;33.000000000000000;130.416666999999990
62420.0;Karatsu;Japan;a2362430, coa23f, gen23a, h2362420;33.483333000000002;129.966667000000001
62510.0;Hirara Ko;Japan;coa23c, gen23a, h2362510;24.800000000000001;125.283332999999999
16400.0;Oleum;United States;coa13b, gen13a, h1316410;38.049999999999997;-122.266666999999998
46800.0;Mossel Bay;South Africa;a0246800, coa02a, gen02c, h0246800;-34.174722222000000;22.146111111000000
16385.0;Sausalito;United States;a1316300, coa13b, gen13a, h1316300;37.850000000000001;-122.483333000000002
3250.0;Port Colborne;Canada;h1802740;42.883333000000000;-79.250000000000000
15995.0;Rosarito;Mexico;coa13a, gen13a;32.366667000000000;-117.099999999999994
9220.0;Pasadena;United States;coa15a, gen15, h1509150;29.716667000000001;-95.216667000000001
8667.0;Port Manatee;United States;a1508670, coa15g, gen15, h1508670;27.633333000000000;-82.566666999999995
16590.0;Sacramento;United States;gen13a, h1316590;38.583333000000003;-121.500000000000000
8670.0;Tampa;United States;a1508670, coa15g, gen15, h1508670;27.916667000000000;-82.450000000000003
9280.0;Port Oconnor;United States;a1509275, coa15a, gen15, h1509280;28.449999999999999;-96.400000000000006
16560.0;Walnut Grove;United States;gen13a, h1316520;38.233333000000002;-121.516666999999998
8630.0;Port Everglades;United States;a1508630, coa15h, gen15, h1508630;26.100000000000001;-80.116667000000007
3070.0;Port Weller;Canada;h1802740;43.233333000000002;-79.216667000000001
16120.0;Port Hueneme;United States;coa13b, gen13a, h1316120;34.149999999999999;-119.200000000000003
3090.0;Welland;Canada;h1802740;43.000000000000000;-79.250000000000000
8530.0;Savannah;United States;a1508530, coa15b, gen15, h1508530;32.083333000000003;-81.083332999999996
2220.0;Sorel;Canada;a1802235, h1802220;46.049999999999997;-73.116667000000007
14130.0;Port San Juan De La Juan;Chile;a0714100, coa07h, gen07a;-53.633333000000000;-70.916667000000004
9510.0;Progreso;Mexico;coa15c, gen15, h1509510;21.283332999999999;-89.666667000000004
46855.0;Richards Bay;South Africa;a0246855, coa02j, gen02c, h0246855;-28.809999999999999;32.098333332999999
62130.0;Kokura Ko;Japan;a2362120, coa23f, gen23a, h2361700;33.883333000000000;130.883332999999993
41045.0;Omisalj;Croatia;a0941010, coa09c, gen09;45.216667000000001;14.550000000000001
40100.0;Messina;Italy;a0940100, coa09b, gen09, h0940100;38.200000000000003;15.566667000000001
2975.0;Contrecour;Canada;a1802235;45.883333000000000;-73.200000000000003
36220.0;Le Legue;France;gen20b;48.533332999999999;-2.750000000000000
45165.0;Al Iskandariyh (Alexandria);Egypt;a1045165, coa10e, gen10b, h1045165;31.166667000000000;29.833333000000000
2740.0;Kingston;Canada;h1802740;44.233333000000002;-76.500000000000000
42820.0;Khios;Greece;a0942760, coa09d, gen09;38.366667000000000;26.133333000000000
43155.0;Ayios Nikolaos;Greece;a0943130, coa09d, gen09, h0943140;35.200000000000003;25.716667000000001
43250.0;Limin Kos;Greece;a1043250, coa10c, gen10b, h1043250;36.899999999999999;27.283332999999999
47310.0;Fomboni;Comoros;coa02h, gen02b, h0247310;-12.266667000000000;43.750000000000000
57825.0;Huangpuxingang;China;a2357825, gen23b;23.050000000000001;113.500000000000000
15645.0;Acajutla Offshore Terminal;El Salvador;a1415630, coa14g, gen14b, h1415640;13.583333000000000;-89.866667000000007
2550.0;Beauharnois;Canada;a1802550;45.316667000000002;-73.883332999999993
45151.0;Damietta;Egypt;a1045140, coa10e, gen10b, h1045151;31.483332999999998;31.750000000000000
47320.0;Moutsamoudu;Comoros;a0247320, coa02h, gen02b;-12.150000000000000;44.399999999999999
47340.0;Dzaoudzi;Comoros;a0247340, coa02h, gen02b, h0247340;-12.783333000000001;45.250000000000000
41910.0;Pilos;Greece;a0941940, coa09d, gen09, h0941910;36.899999999999999;21.666667000000000
44910.0;Xeros;Cyprus;a1044900, coa10d, gen10b;35.133333000000000;32.833333000000003
36850.0;St Nazaire;France;a0836850, coa08a, gen08b, h0836850;47.283332999999999;-2.200000000000000
40980.0;Zaliv Rasa;Croatia;a0941010, coa09c, gen09;45.049999999999997;14.066667000000001
38770.0;Port Saint Louis Du Rhone;France;a0838810, coa08j, gen08a, h0838770;43.383333000000000;4.816667000000000
42860.0;Pithagorion;Greece;a0943315, coa09d, gen09, h0942860;37.683332999999998;26.949999999999999
14800.0;Rada De Arica;Chile;coa07d, gen07c, h0714800;-18.466667000000001;-70.333332999999996
39100.0;Port D' Ajaccio;France;a0839100, coa08k, gen08a, h0839100;41.916666999999997;8.750000000000000
2590.0;St Anicet;Canada;h1802742;45.133333000000000;-74.366667000000007
35840.0;Port Of Le Havre;France;a2035840, coa20c, gen20b, h2035840;49.483333000000002;0.116667000000000
39090.0;Port De Propriano;France;coa08k, gen08a, h0839090;41.683332999999998;8.900000000000000
2570.0;St Zotique;Canada;a1802550, h1802742;45.250000000000000;-74.250000000000000
2730.0;Wolfe Island;Canada;h1802740;44.200000000000003;-76.433333000000005
2600.0;South Lancaster;Canada;h1802742;45.133333000000000;-74.500000000000000
47985.0;Zeit Bay Terminal;Egypt;a1048015, coa10f, gen10c;27.833333000000000;33.600000000000001
48060.0;Ras Abu Zanimah;Egypt;a1048062, coa10f, gen10c;29.033332999999999;33.116667000000000
62118.0;Hibikinada;Japan;a2362120, coa23f, gen23a, h2362120;33.933332999999998;130.833333000000010
61480.0;Nagoya Ko;Japan;a1261480, coa12b, gen12b, h1261480;35.066667000000002;136.866667000000007
45280.0;Banghazi;Libya;a0945280, coa09a, gen09, h0945280;32.116667000000000;20.050000000000001
48390.0;Khawr Al Amaya;Iraq;a1048385, coa10n, gen10a;29.783332999999999;48.799999999999997
48360.0;Mina Abd Allah;Kuwait;a1048361, coa10n, gen10a;29.016667000000002;48.166666999999997
40250.0;Augusta;Italy;a0940250, coa09b, gen09, h0940250;37.216667000000001;15.233333000000000
45337.0;Bouri Oil Field;Libya;coa09a, gen09;33.899999999999999;12.650000000000000
45850.0;Kamsar;Guinea;coa01a, gen01a;10.633333000000000;-14.616667000000000
45857.0;Benti;Guinea;a0145855, coa01a, gen01a;9.166667000000000;-13.199999999999999
48361.0;Mina Al Ahmadi;Kuwait;a1048361, coa10n, gen10a, h1048361;29.066666999999999;48.166666999999997
48540.0;Jask;Iran;a1048540, coa10p, gen10a;25.633333000000000;57.766666999999998
51330.0;Larantuka;Indonesia;coa04g, gen04c;-8.350000000000000;122.983333000000002
45110.0;Ashqelon;Israel;a1045100, coa10d, gen10b, h1045110;31.666667000000000;34.500000000000000
45220.0;Mersa Tobruq;Libya;coa09a, gen09, h0945220;32.083333000000003;23.983332999999998
45330.0;Mina Tarabulus (Tripoli);Libya;a0945330, coa09a, gen09, h0945330;32.899999999999999;13.183332999999999
48406.0;Khawr Al Zubair Lng Terminal;Iraq;coa10n, gen10a, h1048399;30.133333000000000;47.916666999999997
48530.0;Jazireh-Ye Hormoz;Iran;a1048520, coa10l, gen10a;27.100000000000001;56.450000000000003
48535.0;Jazireh-Ye Sirri;Iran;coa10l, gen10a, h1048535;25.899999999999999;54.549999999999997
50518.0;Kuala Tanjung;Indonesia;coa03c, gen03c;3.366667000000000;99.483333000000002
52260.0;Baubau;Indonesia;a0452270, coa04e, gen04c;-5.466667000000000;122.616667000000007
61642.0;Mitsukojima;Japan;a1261650, coa12c, gen12b, h1261640;34.183332999999998;132.516667000000012
50805.0;Sungaipakning;Indonesia;coa03f, gen03c;1.350000000000000;102.166667000000004
51584.0;Tg. Mani;Malaysia;coa11b, gen11b;2.150000000000000;111.349999999999994
51803.0;Tanjung Sangata;Indonesia;coa11j, gen11b;0.366667000000000;117.566666999999995
51504.0;Widuri Marine Terminal;Indonesia;coa04a, gen04c;-4.666667000000000;106.650000000000006
47160.0;Muqdisho;Somalia;coa02c, gen02a, h0247160;2.033333000000000;45.350000000000001
47150.0;Marka;Somalia;coa02c, gen02a;1.716667000000000;44.783332999999999
46161.0;Forcados Oil Terminal;Nigeria;coa01a, gen01b;5.166667000000000;5.183333000000000
59670.0;Jimenez;Philippines;coa11g, gen11b, h1159670;8.333333000000000;123.866667000000007
57437.0;Map Ta Phut;Thailand;a0357446, coa03e, gen03a, h0357437;12.666667000000000;101.166667000000004
55230.0;Manukau Harbor;New Zealand;a0655230, coa06f, gen06b, h0655230;-36.933332999999998;174.783332999999999
47700.0;Saint-Pierre;Reunion;coa02g, gen02b;-21.350000000000001;55.466667000000001
47680.0;Saint-Denis;Reunion;a0247690, coa02g, gen02b;-20.866667000000000;55.450000000000003
45821.0;Rufisque;Senegal;a0145820, coa01b, gen01a;14.699999999999999;-17.283332999999999
11110.0;San Juan;Puerto Rico;a1611110, coa16b, gen16, h1611110;18.466667000000001;-66.116667000000007
45720.0;Port D Al Hoceima;Morocco;a0845720, coa08o, gen08b, h0845720;35.250000000000000;-3.916667000000000
58800.0;Palompon;Philippines;a1158960, coa11g, gen11a;11.050000000000001;124.383332999999993
57443.0;Rayong Tpi Terminal;Thailand;a0357446, coa03e, gen03a;12.633333000000000;101.299999999999997
45440.0;Banzart;Tunisia;a0845440, coa08n, gen08a, h0845440;37.283332999999999;9.883333000000000
45808.0;Ad Dakhla;Western Sahara;a0145808, coa01b, gen01a;23.699999999999999;-15.916667000000000
12210.0;Bahia De Pertigalete;Venezuela;a1412185, coa14d, gen14a, h1412185;10.233333000000000;-64.566666999999995
43370.0;Eceabat;Turkey;a0944690, coa09d, gen09, h0944690;40.183332999999998;26.366667000000000
44802.0;Botas Dortyol Oil Terminal;Turkey;a1044880, coa10d, gen10b;36.866667000000000;36.133333000000000
45370.0;Houmt Souk;Tunisia;a0845390, coa08m, gen08a;33.883333000000000;10.850000000000000
45390.0;Mersa Sfax;Tunisia;a0845390, coa08m, gen08a, h0845390;34.733333000000002;10.766667000000000
57520.0;Duong Dong;Vietnam;coa03d, gen03a;10.216666999999999;103.966667000000001
45460.0;Tabarka;Tunisia;coa08n, gen08a;36.966667000000001;8.766667000000000
48650.0;Bedi;India;coa03h, gen03a;22.573055556000000;70.045555555999996
48605.0;Muhamamad Bin Qasim;Pakistan;coa03h, gen03a, h0348605;24.766667000000002;67.349999999999994
48600.0;Karachi;Pakistan;a0348600, coa03h, gen03b, h0348600;24.783332999999999;66.983333000000002
48617.0;Mundra;India;a0348660, coa03h, gen03a;22.728333332999998;69.706666666999993
48670.0;Okha;India;a0348670, coa03h, gen03a, h0348670;22.468055555999999;69.079722222000001
7920.0;Chrome;United States;a1707640, coa17c, h1707960;40.566667000000002;-74.216667000000001
7895.0;Bayway;United States;a1707640, coa17c, h1707810;40.633333000000000;-74.200000000000003
7690.0;Catskill;United States;h1707680;42.216667000000001;-73.849999999999994
7680.0;Kingston;United States;h1707680;41.933332999999998;-73.966667000000001
7660.0;Newburgh;United States;coa17c, gen17a, h1707680;41.500000000000000;-74.000000000000000
6770.0;Bass Harbor;United States;a1806700, coa18b, gen18a;44.233333000000002;-68.349999999999994
16410.0;Mare Island;United States;coa13b, gen13a, h1316410;38.100000000000001;-122.266666999999998
9250.0;Freeport;United States;a1509250, coa15a, gen15, h1509250;28.949999999999999;-95.333332999999996
8790.0;Biloxi;United States;a1508780, coa15f, gen15, h1508800;30.383333000000000;-88.883332999999993
7410.0;Bristol;United States;a1707420, h1707420;41.666666999999997;-71.266666999999998
8850.0;Gretna;United States;a1508860, coa15a, gen15, h1508860;29.916667000000000;-90.066666999999995
6790.0;Brooklin;United States;a1806700, coa18a, gen18a;44.266666999999998;-68.583332999999996
6850.0;North Haven;United States;a1806920, coa18a, gen18a;44.133333000000000;-68.866667000000007
8040.0;Deepwater Point;United States;a1708130, gen17a;39.700000000000003;-75.516666999999998
8200.0;Havre De Grace;United States;a1708200, gen17a;39.533332999999999;-76.083332999999996
8895.0;Convent;United States;coa15a;30.016667000000002;-90.833332999999996
16550.0;Isleton;United States;gen13a, h1316520;38.166666999999997;-121.599999999999994
7120.0;Augusta;United States;coa18a, gen18a, h1807120;44.316667000000002;-69.766666999999998
7220.0;Beverly;United States;a1807250, coa18a, gen18a, h1807250;42.533332999999999;-70.883332999999993
16570.0;Courtland;United States;gen13a, h1316590;38.333333000000003;-121.566666999999995
8740.0;Port St Joe;United States;a1508750, coa15g, gen15, h1508750;29.816666999999999;-85.316666999999995
8920.0;St Rose;United States;a1508860, coa15a, gen15;29.949999999999999;-90.316666999999995
9310.0;Port Aransas;United States;a1509300, coa15a, gen15, h1509320;27.833333000000000;-97.049999999999997
9320.0;Port Ingleside;United States;a1509300, coa15a, gen15, h1509320;27.816666999999999;-97.183333000000005
6760.0;Swans Island;United States;a1806700, coa18b, gen18a;44.133333000000000;-68.450000000000003
16270.0;Santa Cruz;United States;coa13b, gen13a, h1316240;36.966667000000001;-122.016666999999998
8930.0;Reserve;United States;a1508860, coa15a;30.050000000000001;-90.549999999999997
16370.0;Point Richmond;United States;coa13b, gen13a, h1316300;37.916666999999997;-122.366667000000007
6690.0;Sorrento;United States;a1806700, coa18b, gen18a;44.466667000000001;-68.183333000000005
8893.0;St. James;United States;coa15a, gen15;29.979199999999999;-90.827500000000001
16520.0;Stockton;United States;gen13a, h1316520;37.950000000000003;-121.299999999999997
7030.0;South Bristol;United States;a1807100, coa18a, gen18a, h1807030;43.866667000000000;-69.549999999999997
16540.0;Rio Vista;United States;gen13a, h1316520;38.149999999999999;-121.700000000000003
6990.0;Thomaston;United States;a1806920, coa18a, gen18a;44.066667000000002;-69.183333000000005
7140.0;South Harpswell;United States;a1807100, coa18a, gen18a;43.733333000000002;-70.016666999999998
16190.0;Pismo Beach;United States;coa13b, gen13a;35.133333000000000;-120.650000000000006
16380.0;Point San Pablo;United States;coa13b, gen13a, h1316300;37.966667000000001;-122.433333000000005
6720.0;Southwest Harbor;United States;a1806700, coa18b, gen18a;44.283332999999999;-68.316666999999995
7940.0;Sewaren;United States;a1707640, coa17c, h1707960;40.549999999999997;-74.250000000000000
16390.0;Pinole Point;United States;coa13b, gen13a, h1316410;38.016666999999998;-122.366667000000007
7580.0;Southport;United States;a1707640, coa17c, gen17a, h1707570;41.133333000000000;-73.283332999999999
7760.0;Weehawken;United States;a1707640, coa17c, gen17a, h1707640;40.766666999999998;-74.016666999999998
7730.0;Rensselaer;United States;h1707680;42.649999999999999;-73.750000000000000
7670.0;Poughkeepsie;United States;h1707680;41.700000000000003;-73.950000000000003
7650.0;Yonkers;United States;a1707640, coa17c, gen17a, h1707680;40.933332999999998;-73.900000000000006
62225.0;Kiire;Japan;a2362220, coa23h, gen23a, h2362220;31.383333000000000;130.550000000000011
46130.0;Lagos;Nigeria;a0146130, coa01a, gen01b, h0146130;6.400000000000000;3.400000000000000
48263.0;Khawr Fakkan;United Arab Emirates;a1048262, coa10l, gen10a, h1048263;25.362777778000002;56.368888888999997
15880.0;Isla San Marcos;Mexico;gen13b;27.183333000000001;-112.099999999999994
36460.0;Rade De Brest;France;coa20a, gen20b, h2036460;48.383333000000000;-4.500000000000000
38010.0;Lagos;Portugal;coa08e, gen08b;37.100000000000001;-8.616667000000000
15790.0;Puerto Vallarta;Mexico;gen13b, h1315790;20.616667000000000;-105.266666999999998
15870.0;Santa Rosalia;Mexico;gen13b;27.333333000000000;-112.283332999999999
6920.0;Belfast;United States;a1806920, coa18a, gen18a;44.416666999999997;-69.000000000000000
15770.0;Manzanillo;Mexico;a1315770, gen13b, h1315770;19.050000000000001;-104.316666999999995
50922.0;Merak Mas Terminal;Indonesia;coa04a, gen04c;-5.919166667000000;105.997222222000005
15920.0;La Paz;Mexico;coa13a, gen13b, h1315920;24.166667000000000;-110.316666999999995
15975.0;Puerto Morro Redondo;Mexico;coa13a, gen13a;28.050000000000001;-115.183333000000005
48250.0;Mina Qabus;Oman;a1048250, coa10p, gen10a, h1048250;23.633333000000000;58.583333000000003
7870.0;Gulfport SI;United States;a1707640, coa17c, h1707810;40.633333000000000;-74.200000000000003
10006.0;Cockburn Town;The Bahamas;a1610006, coa16j, gen16, h1610006;24.050000000000001;-74.533332999999999
62495.0;Kin Wan;Japan;a2362505, coa23h, gen23a, h2362495;26.416667000000000;127.900000000000006
48255.0;Mina Al Fahl;Oman;a1048250, coa10p, gen10a, h1048250;23.633333000000000;58.516666999999998
62505.0;Nakagusuku;Japan;a2362505, coa23h, gen23a, h2362505;26.266667000000002;127.916667000000004
7850.0;Port Richmond SI;United States;a1707640, coa17c, gen17a, h1707810;40.649999999999999;-74.133332999999993
15810.0;Mazatlan;Mexico;a1315810, gen13b, h1315810;23.199999999999999;-106.416667000000004
15760.0;Acapulco;Mexico;gen13b, h1315760;16.850000000000001;-99.933333000000005
36680.0;Lorient;France;a0836680, coa08a, gen08b, h0836680;47.750000000000000;-3.350000000000000
57760.0;Haikou;China;coa23b, gen23b, h2357752;20.050000000000001;110.283332999999999
42620.0;Lagos;Greece;a0942620, coa09d, gen09;41.000000000000000;25.133333000000000
7860.0;Mariners Harbor SI;United States;a1707640, coa17c, h1707810;40.633333000000000;-74.166667000000004
61545.0;Wakayama-Shimotsu Ko;Japan;a1261545, coa12c, gen12b, h1261545;34.200000000000003;135.133332999999993
9940.0;St George;Bermuda;a1609930, coa16d, gen16, h1609930;32.383333000000000;-64.683333000000005
48335.0;Dammam;Saudi Arabia;a1048340, coa10n, gen10a, h1048340;26.500000000000000;50.200000000000003
16650.0;Fort Bragg;United States;coa13b, gen13a, h1316650;39.450000000000003;-123.816666999999995
11340.0;Christiansted;U.S. Virgin Islands;a1411335, coa14h, gen14a, h1411340;17.750000000000000;-64.700000000000003
16060.0;Newport Beach;United States;a1316080, coa13b, gen13a, h1316060;33.616667000000000;-117.900000000000006
44860.0;Mersin;Turkey;a1044860, coa10d, gen10b, h1044860;36.799999999999997;34.633333000000000
16110.0;El Segundo;United States;coa13b, gen13a, h1316085;33.916666999999997;-118.433333000000005
11320.0;Cruz Bay;U.S. Virgin Islands;a1611310, coa16b, gen16, h1611310;18.333333000000000;-64.799999999999997
60233.0;Dandong;China;a2360275, coa23e, gen23a;39.816667000000002;124.150000000000006
48343.0;Ju Aymah Oil Terminal;Saudi Arabia;a1048338, coa10n, gen10a, h1048342;26.933333000000001;50.033332999999999
47830.0;Boosaaso;Somalia;a1047815, coa10i, gen10a;11.283333000000001;49.183332999999998
48310.0;Al Manamah;Bahrain;a1048310, coa10m, gen10a, h1048310;26.233332999999998;50.583333000000003
58350.0;Nasugbu;Philippines;a1158380, coa11e, gen11a;14.083333000000000;120.616667000000007
60280.0;Nampo;North Korea;a2360280, coa23e, gen23a, h2360280;38.716667000000001;125.400000000000006
60323.0;Daesan Hang;South Korea;a2360320, coa23e, gen23a;37.016666999999998;126.400000000000006
60430.0;Mukho;South Korea;a2360430, coa23g, gen23a;37.566667000000002;129.116667000000007
48342.0;Ju Aymah Lpg Terminal;Saudi Arabia;a1048338, coa10n, gen10a, h1048342;26.866667000000000;50.049999999999997
48374.0;Doha Harbor;Kuwait;coa10n, gen10a;29.383333000000000;47.799999999999997
11330.0;Frederiksted;U.S. Virgin Islands;a1411335, coa14h, gen14a, h1411330;17.716667000000001;-64.883332999999993
11901.0;Covenas Offshore Term.;Colombia;a1411900, coa14c, gen14a;9.500000000000000;-75.733333000000002
48175.0;Al Mukha;Yemen;a1048170, coa10h, gen10c, h1048170;13.316667000000001;43.250000000000000
60310.0;Haeju Hang;North Korea;a2360310, coa23e, gen23a;38.000000000000000;125.700000000000003
16515.0;Antioch;United States;gen13a, h1316520;38.016666999999998;-121.799999999999997
36260.0;Paimpol;France;a2036130, coa20b, gen20b;48.783332999999999;-3.050000000000000
42400.0;Porthmos Evripou;Greece;a0942415, coa09d, gen09, h0942310;38.466667000000001;23.583333000000000
41590.0;Risan;Montenegro;a0941320, coa09c, gen09;42.516666999999998;18.699999999999999
39360.0;San Remo;Italy;a0838960, coa08k, gen08a;43.817000000000000;7.786000000000000
41220.0;Zadar;Croatia;a0941010, coa09c, gen09, h0941220;44.116667000000000;15.216666999999999
45865.0;Pepel;Sierra Leone;coa01a, gen01a, h0145865;8.583333000000000;-13.050000000000001
38720.0;Port-Vendres;France;coa08j, gen08a, h0838720;42.516666999999998;3.116667000000000
38580.0;Palamos;Spain;a0838580, coa08j, gen08a, h0838580;41.833333000000003;3.116667000000000
37400.0;Puerto De Bilbao;Spain;a0837400, coa08c, gen08b, h0837400;43.350000000000001;-3.050000000000000
42470.0;Volos;Greece;coa09d, gen09;39.366667000000000;22.949999999999999
36300.0;Treguier;France;a2036130, coa20b, gen20b;48.783332999999999;-3.233333000000000
6840.0;Vinalhaven;United States;a1806920, coa18a, gen18a;44.049999999999997;-68.833332999999996
45762.0;Port Nador;Morocco;a0845710, coa08o, gen08b, h0845710;35.283332999999999;-2.933333000000000
46820.0;Port Elizabeth;South Africa;a0246820, coa02a, gen02c, h0246820;-33.951944443999999;25.642499999999998
40940.0;Rovinj;Croatia;a0941010, coa09c, gen09;45.083333000000003;13.633333000000000
41320.0;Split;Croatia;a0941320, coa09c, gen09, h0941320;43.500000000000000;16.433333000000001
38920.0;Saint-Tropez;France;a0838920, coa08j, gen08a, h0838920;43.266666999999998;6.633333000000000
42530.0;Thessaloniki;Greece;a0942530, coa09d, gen09, h0942530;40.633333000000000;22.933333000000001
43210.0;Rodhos;Greece;a1043210, coa10c, gen10b, h1043210;36.450000000000003;28.233332999999998
45380.0;Skhira;Tunisia;a0845390, coa08m, gen08a, h0845380;34.283332999999999;10.100000000000000
38630.0;Palma De Mallorca;Spain;a0838630, coa08i, gen08a, h0838630;39.566667000000002;2.633333000000000
41730.0;Preveza;Greece;a0941730, coa09d, gen09;38.950000000000003;20.750000000000000
40615.0;Vasto;Italy;coa09c, gen09;42.116667000000000;14.716666999999999
45753.0;Tangier-Mediterranean;Morocco;a0838296, coa08o, gen08b, h0845753;35.899999999999999;-5.516667000000000
45797.0;Safi;Morocco;a0845797, coa08f, gen08b, h0845797;32.299999999999997;-9.250000000000000
46045.0;Sekondi;Ghana;a0146040, coa01a, gen01b, h0146045;4.950000000000000;-1.700000000000000
39070.0;Porto Vecchio;France;a0839070, coa08k, gen08a, h0839070;41.583333000000003;9.283333000000001
16200.0;Port San Luis;United States;coa13b, gen13a, h1316200;35.166666999999997;-120.750000000000000
37690.0;San Ciprian;Spain;coa08c, gen08b;43.700000000000003;-7.433333000000000
38540.0;Tarragona;Spain;a0838540, coa08i, gen08b, h0838540;41.100000000000001;1.233333000000000
38670.0;Puerto De Alcudia;Spain;a0838660, coa08i, gen08a, h0838670;39.833333000000003;3.133333000000000
36130.0;Saint-Malo;France;a2036130, coa20b, gen20b;48.649999999999999;-2.016667000000000
37900.0;Vigo;Spain;a0837900, coa08d, gen08b, h0837900;42.233333000000002;-8.716666999999999
43390.0;Tekirdag;Turkey;a1043390, coa10c, gen10b, h1043390;40.983333000000002;27.516667000000002
41620.0;Tivat;Montenegro;a0941320, coa09c, gen09, h0941620;42.433332999999998;18.699999999999999
42850.0;Samos;Greece;a0943315, coa09d, gen09, h0942850;37.750000000000000;26.966667000000001
38543.0;Villanueva Y Geltru;Spain;a0838550, coa08i, gen08a;41.233333000000002;1.733333000000000
40960.0;Pula;Croatia;a0941010, coa09c, gen09, h0940960;44.883333000000000;13.800000000000001
38180.0;Puerto Del Rosario;Spain;a0138180, coa01b, gen01a, h0138180;28.500000000000000;-13.850000000000000
41660.0;Shengjin;Albania;a0941320, coa09c, gen09;41.816667000000002;19.600000000000001
38570.0;San Feliu De Guixols;Spain;a0838580, coa08j, gen08a;41.783332999999999;3.033333000000000
39440.0;Savona;Italy;a0839470, coa08k, gen08a, h0839440;44.316667000000002;8.500000000000000
38750.0;Sete;France;a0838750, coa08j, gen08a, h0838750;43.399999999999999;3.700000000000000
8810.0;Slidell;United States;a1508800, coa15f, gen15;30.266667000000002;-89.783332999999999
47030.0;Tanga;Tanzania;a0247030, coa02c, gen02a;-5.083333000000000;39.116667000000000
36040.0;Saint Helier Harbour;Jersey;a2036130, coa20b, gen20b;49.183332999999998;-2.116667000000000
43150.0;Sitia;Greece;coa09d, gen09;35.216667000000001;26.133333000000000
45818.0;St Louis;Senegal;a0145818, coa01b, gen01a;16.016667000000002;-16.516667000000002
38480.0;Valencia;Spain;a0838480, coa08i, gen08b, h0838480;39.450000000000003;-0.316667000000000
37830.0;Villagarcia De Arosa;Spain;coa08d, gen08b;42.600000000000001;-8.766667000000000
38590.0;Rosas;Spain;a0838580, coa08j, gen08a, h0838590;42.266666999999998;3.183333000000000
38490.0;Sagunto;Spain;a0838480, coa08i, gen08b, h0838490;39.649999999999999;-0.216667000000000
11934.0;Puerto Prodeco;Colombia;a1411930, coa14c, gen14a, h1411940;11.150000000000000;-74.216667000000001
40505.0;Torre Del Greco;Italy;a0939960, coa09b, gen09, h0939960;40.783332999999999;14.366667000000000
16030.0;Wilson Cove;United States;coa13b, gen13a, h1316030;33.000000000000000;-118.549999999999997
44803.0;Yakacik;Turkey;a1044880, coa10d, gen10b, h1044880;36.716667000000001;36.183332999999998
38395.0;Puerto De Carboneras;Spain;a0838395, coa08o, gen08b, h0838395;37.000000000000000;-1.883333000000000
46940.0;Pemba;Mozambique;a0246940, coa02b, gen02b;-12.966666999999999;40.500000000000000
37670.0;Ribadeo;Spain;coa08c, gen08b;43.533332999999999;-7.033333000000000
41090.0;Senj;Croatia;a0941010, coa09c, gen09;44.983333000000002;14.900000000000000
45435.0;Tazerka Oil Terminal;Tunisia;coa08m, gen08a;36.600000000000001;11.683332999999999
60435.0;Sokch'o Hang;South Korea;a2360432, coa23g, gen23a, h2360435;38.200000000000003;128.599999999999994
62078.0;Tonda;Japan;a2361680, coa23h, gen23a, h2361680;34.033332999999999;131.750000000000000
16510.0;Pittsburg;United States;gen13a, h1316510;38.033332999999999;-121.883332999999993
61380.0;Tokyo Ko;Japan;a1261380, coa12b, gen12b;35.666666999999997;139.750000000000000
59680.0;Port Ozamis;Philippines;a1159680, coa11g, gen11b, h1159680;8.133333000000000;123.849999999999994
62255.0;Yatsushiro Ko;Japan;a2362280, coa23h, gen23a;32.500000000000000;130.533332999999999
61390.0;Yokohama Ko;Japan;coa12b, gen12b;35.450000000000003;139.583333000000010
8050.0;Wilmington;United States;a1708130;39.733333000000002;-75.549999999999997
62115.0;Tobata;Japan;a2362120, coa23f, gen23a, h2362120;33.916666999999997;130.816666999999995
49850.0;Pulau Pinang;Malaysia;a0349850, coa03c, gen03c, h0349850;5.416667000000000;100.349999999999994
49930.0;Port Klang;Malaysia;a0349930, coa03f, gen03c;3.000000000000000;101.400000000000006
48240.0;Qalhat Lng Terminal;Oman;coa10p, gen10a, h1048240;22.683333000000001;59.399999999999999
61420.0;Shimoda Ko;Japan;a1261420, coa12b, gen12b, h1261420;34.666666999999997;138.949999999999989
51870.0;Stagen;Indonesia;a0451860, coa04c, gen04c;-3.300000000000000;116.150000000000006
59340.0;Surigao City;Philippines;a1159340, coa11g, gen11a, h1159340;9.783333000000001;125.500000000000000
62165.0;Saganoseki Ko;Japan;a2362165, coa23h, gen23a, h2362165;33.250000000000000;131.866667000000007
57950.0;Peng-Hu Kang;Taiwan;a2357950, coa23c, gen23b;23.583333000000000;119.533332999999999
61690.0;Ube Ko;Japan;a2361690, coa23h, gen23a, h2361690;33.933332999999998;131.233332999999988
60190.0;Tianjin Xin Gang;China;a2360180, coa23e, gen23a, h2360180;38.966667000000001;117.833332999999996
48155.0;Ras Isa Marine Terminal;Yemen;a1048165, coa10h, gen10c;15.133333000000000;42.600000000000001
7405.0;Tiverton;United States;a1707420, h1707420;41.633333000000000;-71.216667000000001
62077.0;Takuma;Japan;coa12c, gen12b;34.216667000000001;133.683333000000005
7980.0;South Amboy;United States;a1707640, coa17c, h1707960;40.483333000000002;-74.266666999999998
11470.0;Port Louis;Guadeloupe;a1411445, coa14h, gen14a, h1411470;16.416667000000000;-61.533332999999999
8115.0;Paulsboro;United States;a1708130, h1708130;39.850000000000001;-75.250000000000000
61415.0;Tagonoura Ko;Japan;a1261460, coa12b, gen12b, h1261455;35.133333000000000;138.699999999999989
50600.0;Uleelheue;Indonesia;a0350610, coa03c, gen03c;5.566667000000000;95.283332999999999
10960.0;Pepillo Salcedo;Dominican Republic;a1610930, coa16f, gen16, h1610960;19.699999999999999;-71.750000000000000
59150.0;Port Capiz;Philippines;a1159150, coa11g, gen11a, h1159150;11.600000000000000;122.716667000000001
61802.0;Uchiura;Japan;a1261800, coa12a, gen12b;35.516666999999998;135.500000000000000
60200.0;Qinhuangdao;China;coa23e, gen23a, h2360200;39.933332999999998;119.616667000000007
61566.0;Shikama;Japan;a1261567, coa12c, gen12b, h1261567;34.766666999999998;134.650000000000006
7560.0;Port Jefferson;United States;a1707550, coa17c, gen17a, h1707560;40.950000000000003;-73.083332999999996
60220.0;Yingkou;China;a2360220, coa23e, gen23a, h2360220;40.683332999999998;122.233333000000002
48267.0;Zirkuh Oil Field;United Arab Emirates;a1048277, coa10m, gen10a;24.866667000000000;53.049999999999997
49995.0;Serangoon Harbor;Singapore;a0350001, coa03f, gen03c, h0349995;1.400000000000000;103.950000000000003
49910.0;Teluk Anson;Malaysia;gen03c;4.016667000000000;101.016666999999998
62120.0;Wakamatsu Ko;Japan;a2362120, coa23f, gen23a, h2362120;33.899999999999999;130.816666999999995
48320.0;Sitrah;Bahrain;a1048320, coa10m, gen10a, h1048325;26.166667000000000;50.666666999999997
62380.0;Sasebo;Japan;a2362380, coa23f, gen23a, h2362380;33.166666999999997;129.716667000000001
57995.0;Port San Vicente;Philippines;coa23i, gen23b;18.516667000000002;122.133332999999993
49770.0;Phuket;Thailand;a0349770, coa03c, gen03a, h0349770;7.833333000000000;98.400000000000006
62110.0;Sakaide Ko;Japan;a1262110, coa12c, gen12b, h1262110;34.333333000000003;133.849999999999994
61500.0;Toba;Japan;a1261500, coa12b, gen12b;34.483333000000002;136.849999999999994
54575.0;Point Murat;Australia;coa04j, gen04b, h0454575;-21.816666999999999;114.183333000000005
60160.0;Yantai;China;a2360160, coa23e, gen23a, h2360160;37.549999999999997;121.450000000000003
61547.0;Sakai-Senboku;Japan;a1261550, coa12c, gen12b, h1261547;34.549999999999997;135.433333000000005
50610.0;Sabang;Indonesia;a0350610, coa03c, gen03c, h0350610;5.883333000000000;95.316666999999995
49962.0;Pelabuhan Sungai Udang;Malaysia;a0349970, coa03f, gen03c;2.250000000000000;102.133332999999993
54120.0;Warrnambool;Australia;coa05a, gen05c, h0554120;-38.399999999999999;142.483332999999988
61940.0;Takamatsu;Japan;a1262110, coa12c, gen12b;34.350000000000001;134.050000000000011
7600.0;Stamford;United States;a1707640, coa17c, gen17a, h1707570;41.033332999999999;-73.549999999999997
61680.0;Tokuyama;Japan;a2361680, coa23h, gen23a, h2361680;34.033332999999999;131.816666999999995
7740.0;Troy;United States;h1707680;42.733333000000002;-73.700000000000003
61490.0;Yokkaichi;Japan;a1261480, coa12b, gen12b, h1261490;34.966667000000001;136.633332999999993
62224.0;Shibushi Wan;Japan;a2362223, coa23h, gen23a;31.466667000000001;131.099999999999994
61410.0;Uraga Ko;Japan;a1261400, coa12b, gen12b, h1261372;35.233333000000002;139.716667000000001
49830.0;Pelabuhan Bass;Malaysia;a0357429, coa03c, gen03c;6.316667000000000;99.833332999999996
59950.0;Zhen Hai;China;a2359940, coa23d, gen23a, h2359940;29.949999999999999;121.700000000000003
58315.0;Santa Cruz (Marinduque Isl);Philippines;coa11f, gen11a;13.500000000000000;122.066666999999995
48035.0;Sokhna Port Gas Tanker Terminal;Egypt;a1048045, coa10f, gen10c, h1048030;29.683333000000001;32.366667000000000
61370.0;Tateyama Ko;Japan;a1261400, coa12b, gen12b;35.000000000000000;139.800000000000011
61580.0;Uno Ko;Japan;a1262110, coa12c, gen12b;34.483333000000002;133.949999999999989
62113.0;Yanai;Japan;a1261650, coa12c, gen12b;33.950000000000003;132.133332999999993
55050.0;Whangarei;New Zealand;a0655050, coa06f, gen06b, h0655050;-35.799999999999997;174.433333000000005
61550.0;Osaka;Japan;a1261550, coa12c, gen12b, h1261550;34.649999999999999;135.433333000000005
61460.0;Shimizu Ko;Japan;a1261460, coa12b, gen12b, h1261460;35.016666999999998;138.500000000000000
61700.0;Shimonoseki;Japan;a2362120, coa23f, gen23a, h2361700;33.933332999999998;130.933333000000005
51815.0;Tanjung Santan;Indonesia;coa04c, gen04c;-0.100000000000000;117.533332999999999
39935.0;Miseno;Italy;a0939960, coa09b, gen09, h0939960;40.788158156000001;14.091097255999999
40352.0;Scalo Vecchio;Italy;coa09b, gen09;35.854999999999997;12.863000000000000
40745.0;Porto Di Chioggia;Italy;a0940760, coa09c, gen09, h0940745;45.233333000000002;12.300000000000001
40650.0;Civitanova Marche;Italy;coa09c, gen09;43.316000000000003;13.734000000000000
40155.0;Levanzo;Italy;coa09b, gen09;37.987000000000002;12.340999999999999
40720.0;Porto Di Corsini;Italy;a0940720, coa09c, gen09, h0940720;44.494999999999997;12.291000000000000
40785.0;Grado;Italy;a0940820, coa09c, gen09;45.697000000000003;13.298000000000000
39910.0;Ischia;Italy;a0939960, coa09b, gen09, h0939960;40.747999999999998;13.944000000000001
40090.0;Villa San Giovanni;Italy;a0940100, coa09b, gen09, h0940085;38.222000000000001;15.630000000000001
40560.0;Bisceglie;Italy;a0940590, coa09c, gen09;41.246000000000002;16.509000000000000
40570.0;Trani;Italy;a0940590, coa09c, gen09;41.283420642999999;16.423705752000000
40700.0;Rimini;Italy;a0940720, coa09c, gen09;44.081000000000003;12.574000000000000
39840.0;Ponza;Italy;a0939860, coa09b, gen09;40.895000000000003;12.964000000000000
40060.0;Vibo Valentia Marina;Italy;coa09b, gen09;38.722999999999999;16.129999999999999
40145.0;San Vito Lo Capo;Italy;coa09b, gen09;38.180999999999997;12.736000000000001
39795.0;Porto Ercole;Italy;a0839810, coa08l, gen08a;42.404000000000003;11.212999999999999
40282.0;Giardini Naxos;Italy;coa09b, gen09, h0940282;37.828000000000003;15.273000000000000
40120.0;Termini Imerese;Italy;a0940130, coa09b, gen09, h0940120;37.984999999999999;13.723000000000001
40680.0;Fano;Italy;coa09c, gen09;43.856999999999999;13.016999999999999
39855.0;Terracina;Italy;a0939860, coa09b, gen09;41.283000000000001;13.257999999999999
40640.0;San Benedetto Del Tronto;Italy;coa09c, gen09;42.960000000000001;13.891999999999999
39500.0;Chiavari - Lavagna;Italy;a0839470, coa08k, gen08a;44.305000000000000;9.326000000000001
39570.0;Viareggio;Italy;a0839520, coa08k, gen08a;43.862000000000002;10.234000000000000
39850.0;San Felice Circeo;Italy;a0939860, coa09b, gen09;41.225999999999999;13.097000000000000
40460.0;Corigliano Calabro;Italy;coa09b, gen09;39.671999999999997;16.529000000000000
40450.0;Ciro Marina;Italy;coa09b, gen09;39.372000000000000;17.135999999999999
40510.0;Monopoli;Italy;coa09c, gen09, h0940510;40.954999999999998;17.308000000000000
40280.0;Riposta;Italy;coa09b, gen09, h0940280;37.734999999999999;15.209000000000000
40140.0;Castellammare Del Golfo;Italy;coa09b, gen09;38.031999999999996;12.885000000000000
40520.0;Mola Di Bari;Italy;a0940590, coa09c, gen09;41.061999999999998;17.100000000000001
39940.0;Pozzuoli;Italy;a0939960, coa09b, gen09, h0939960;40.823999999999998;14.109999999999999
40355.0;Cala Pozzolana;Italy;coa09b, gen09;35.863999999999997;12.852000000000000
39900.0;Forio;Italy;a0939960, coa09b, gen09, h0939960;40.741999999999997;13.859000000000000
39310.0;Porto Torres;Italy;a0839310, coa08l, gen08a, h0839310;40.851999999999997;8.396000000000001
40200.0;Porto Empedocle;Italy;a0940210, coa09b, gen09, h0940200;37.277999999999999;13.528000000000000
40630.0;Pescara;Italy;coa09c, gen09;42.463999999999999;14.236000000000001
40490.0;Otranto;Italy;coa09c, gen09, h0940490;40.152000000000001;18.492999999999999
40165.0;Favignana;Italy;coa09b, gen09;37.933000000000000;12.324000000000000
39920.0;Procida;Italy;a0939960, coa09b, gen09, h0939960;40.770000000000003;14.031000000000001
39865.0;Formia;Italy;a0939860, coa09b, gen09, h0939860;41.253999999999998;13.614000000000001
40670.0;Senigallia;Italy;coa09c, gen09;43.723999999999997;13.221000000000000
40635.0;Giulianova;Italy;coa09c, gen09;42.756000000000000;13.978999999999999
40150.0;Trapani;Italy;coa09b, gen09, h0940150;38.012000000000000;12.506000000000000
39420.0;Rada Di Vado;Italy;a0839470, coa08k, gen08a, h0839440;44.265000000000001;8.452999999999999
40160.0;Marettimo;Italy;coa09b, gen09;37.966000000000001;12.074999999999999
39260.0;Porto Vesme;Italy;a0839210, coa08l, gen08a, h0839260;39.194000000000003;8.384000000000000
40080.0;Reggio Di Calabria;Italy;a0940100, coa09b, gen09, h0940080;38.128999999999998;15.650000000000000
39905.0;Casamicciola;Italy;a0939960, coa09b, gen09, h0939960;40.752000000000002;13.912000000000001
40710.0;Cesenatico;Italy;a0940720, coa09c, gen09;44.207999999999998;12.407999999999999
39790.0;Porto Santo Stefano;Italy;a0839810, coa08l, gen08a, h0839790;42.439999999999998;11.122000000000000
7840.0;Tompkinsville SI;United States;a1707640, coa17c, gen17a, h1707640;40.633333000000000;-74.066666999999995
40350.0;Lampedusa;Italy;coa09a, gen09;35.494000000000000;12.601000000000001
61810.0;Tsuruga Ko;Japan;coa12a, gen12b;35.649999999999999;136.066666999999995
7830.0;Stapleton SI;United States;a1707640, coa17c, gen17a, h1707640;40.633333000000000;-74.066666999999995
48257.0;Port Of Sohar;Oman;coa10l, gen10a, h1048257;24.516667000000002;56.633333000000000
40243.0;Santa Panagia;Italy;a0940250, coa09b, gen09, h0940240;37.069000000000003;15.297000000000001
61400.0;Yokosuka Ko;Japan;a1261400, coa12b, gen12b, h1261400;35.283332999999999;139.666666999999990
39780.0;Giglio Porto;Italy;a0839810, coa08l, gen08a;42.362000000000002;10.920999999999999
40230.0;Pozzallo;Italy;a0940210, coa09b, gen09;36.716667000000001;14.850000000000000
40190.0;Sciacca;Italy;a0940210, coa09b, gen09;37.502000000000002;13.074999999999999
39930.0;Baia;Italy;a0939960, coa09b, gen09, h0939960;40.817000000000000;14.074000000000000
40780.0;Nogaro;Italy;a0940820, coa09c, gen09;45.759000000000000;13.167000000000000
48262.0;Al Fujayrah;United Arab Emirates;a1048262, coa10l, gen10a, h1048262;25.173055556000001;56.369166667000002
40730.0;Porto Garibaldi;Italy;a0940720, coa09c, gen09;44.677000000000000;12.252000000000001
40690.0;Pesaro;Italy;a0940720, coa09c, gen09;43.927999999999997;12.903000000000000
45140.0;Bur Sa'id;Egypt;a1045140, coa10e, gen10b, h1045140;31.266667000000002;32.299999999999997
47960.0;Nuwaybi';Egypt;coa10f, gen10c;28.966667000000001;34.649999999999999
47982.0;At Tur;Egypt;a1048015, coa10f, gen10c, h1048015;28.233332999999998;33.616667000000000
47987.0;Marsa az Zaytiyah;Egypt;a1048015, coa10f, gen10c;27.850000000000001;33.600000000000001
48615.0;Vadinar Terminal;India;a0348660, coa03h, gen03a;22.466666666999998;69.666666667000001
48613.0;Sikka;India;a0348660, coa03h, gen03a;22.433333000000001;69.833332999999996
48680.0;Porbandar;India;coa03h, gen03a;21.633333000000000;69.599999999999994
49030.0;New Mangalore;India;a0349030, coa03i, gen03a, h0349030;12.916667000000000;74.816666999999995
49130.0;Kochi (Cochin);India;a0349130, coa03i, gen03a, h0349130;9.966666999999999;76.233333000000002
49320.0;Tuticorin;India;a0349320, coa03k, gen03a, h0349320;8.800000000000001;78.166667000000004
49010.0;Honavar;India;coa03i, gen03a;14.283333333000000;74.450000000000003
49455.0;Krishnapatnam;India;coa03l, gen03a;14.250000000000000;80.133333332999996
49287.0;Batticaloa Roads;Sri Lanka;coa03k, gen03a;7.766666667000000;81.683333332999993
49255.0;Hambantota;Sri Lanka;a0349270, coa03k, gen03a;6.116666667000000;81.133333332999996
48890.0;Port Dabhol;India;coa03i, gen03a;17.583333332999999;73.166666667000001
48895.0;Jaigarh Bay;India;coa03i, gen03a;17.300000000000001;73.216666666999998
48720.0;Jafarabad;India;coa03i, gen03a;20.866666667000001;71.383333332999996
49540.0;Dhamra;India;coa03m, gen03a;20.816666667000000;86.966666666999998
49479.0;Gangavaram;India;a0349480, coa03l, gen03a, h0349480;17.633333332999999;83.250000000000000
49470.0;Kakinada Bay;India;a0349470, coa03l, gen03a;17.000000000000000;82.316666999999995
49370.0;Karaikal Port;India;coa03k, gen03a;10.833333000000000;79.866667000000007
49410.0;Cuddalore;India;coa03k, gen03a;11.716666999999999;79.766666999999998
48770.0;Magdalla;India;coa03i, gen03a;21.149999999999999;72.750000000000000
49290.0;Trincomalee Harbor;Sri Lanka;a0349290, coa03k, gen03a, h0349290;8.550000000000001;81.216667000000001
39155.0;Porto Cervo;Italy;a0839140, coa08l, gen08a;41.137000000000000;9.539999999999999
39280.0;Alghero;Italy;a0839280, coa08l, gen08a, h0839280;40.567999999999998;8.307000000000000
39170.0;Golfo Aranci;Italy;a0839180, coa08l, gen08a, h0839170;40.993000000000002;9.624000000000001
39230.0;Sant'Antioco;Italy;a0839210, coa08l, gen08a;39.066000000000003;8.460000000000001
39150.0;Liscia Di Vacca;Italy;a0839140, coa08l, gen08a;41.140999999999998;9.510999999999999
39160.0;Cala Volpe;Italy;a0839140, coa08l, gen08a;41.088000000000001;9.542000000000000
49560.0;Calcutta;India;h0349560;22.550000000000001;88.333332999999996
48845.0;Jawaharlal Nehru Port (Nhava Shiva);India;a0348840, coa03i, gen03a, h0348840;18.949999999999999;72.950000000000003
48990.0;Karwar;India;a0348990, coa03i, gen03a;14.816667000000001;74.116667000000007
49590.0;Chittagong;Bangladesh;a0349590, coa03m, gen03a, h0349590;22.316666999999999;91.816666999999995
49555.0;Haldia Port;India;a0349560, coa03m, gen03a;22.016667000000002;88.083332999999996
49450.0;Chennai (Madras);India;a0349450, coa03l, gen03a, h0349450;13.100000000000000;80.299999999999997
48730.0;Pipavav Bandar;India;coa03i, gen03a;20.916667000000000;71.516666999999998
49430.0;Pondicherry;India;coa03k, gen03a, h0349430;11.933332999999999;79.833332999999996
48760.0;Bhavnagar;India;a0348760, coa03i, gen03a, h0348760;21.766667000000002;72.233333000000002
49240.0;Colombo;Sri Lanka;a0349240, coa03k, gen03a, h0349240;6.950000000000000;79.849999999999994
49480.0;Vishakhapatnam;India;a0349480, coa03l, gen03a, h0349480;17.683333000000001;83.299999999999997
49535.0;Paradip;India;a0349535, coa03m, gen03a, h0349535;20.266667000000002;86.683333000000005
49454.0;Kamarajar Port;India;a0349450, coa03l, gen03a;13.261388888999999;80.342500000000001
49250.0;Galle Harbor;Sri Lanka;a0349240, coa03k, gen03a, h0349250;6.033055556000000;80.228333332999995
49500.0;Gopalpur;India;coa03l, gen03a;19.301944444000000;84.966666666999998
48970.0;Marmagao;India;a0348970, coa03i, gen03a, h0348970;15.417500000000000;73.795000000000002
48840.0;Mumbai (Bombay);India;a0348840, coa03i, gen03a, h0348840;18.966667000000001;72.866667000000007
49110.0;Beypore;India;coa03i, gen03a;11.166667000000000;75.799999999999997
48900.0;Ratnagiri;India;coa03i, gen03a;16.983332999999998;73.283332999999999
49000.0;Belekeri;India;coa03i, gen03a;14.699999999999999;74.266666999999998
49350.0;Nagappattinam;India;coa03k, gen03a;10.766667000000000;79.849999999999994
48674.0;Dahej;India;a0348760, coa03i, gen03a;21.699999999999999;72.533332999999999
48960.0;Panaji;India;a0348970, coa03i, gen03a, h0348970;15.500000000000000;73.816666999999995
49300.0;Kankesanturai;Sri Lanka;coa03k, gen03a;9.816667000000001;80.049999999999997
49454.5;Kattupalli Port;India;a0349450, coa03l, gen03a;13.306944444000001;80.352222221999995
49550.0;Baleshwar;India;coa03m, gen03a;21.483333333000001;86.950000000000003
49460.0;Machilipatnam;India;coa03l, gen03a, h0349460;16.149999999999999;81.150000000000006
49160.0;Quilon (Kollam);India;coa03i, gen03a;8.871944444000000;76.583888888999994
49040.0;Azhikal (Azhikkal);India;coa03i, gen03a;11.945555556000000;75.309444443999993
49170.0;Trivandrum;India;coa03i, gen03a;8.483333000000000;76.950000000000003
49180.0;Kolachel;India;coa03k, gen03a;8.166667000000000;77.250000000000000
49100.0;Calicut (Kozhikode);India;coa03i, gen03a;11.250000000000000;75.766666999999998
12025.0;La Salina;Venezuela;a1411960, coa14f, gen14a, h1412030;10.366667000000000;-71.466667000000001
9550.0;San Miguel De Cozumel;Mexico;a1509550, coa15c, gen15, h1509550;20.500000000000000;-86.966667000000001
9425.0;Dos Bocas Terminal;Mexico;coa15c, gen15;18.433333000000001;-93.216667000000001
12032.0;Punta De Palmas;Venezuela;a1411960, gen14a;10.783333000000001;-71.583332999999996
11980.0;San Lorenzo;Venezuela;coa14f, h1411980;9.783333000000001;-71.066666999999995
11840.0;Paarden Baai - (Oranjestad);Aruba;a1411825, coa14k, gen14a, h1411840;12.516667000000000;-70.033332999999999
12230.0;El Guamache;Venezuela;a1412185, coa14d, gen14a, h1412325;10.900000000000000;-64.099999999999994
12185.0;Puerto La Cruz;Venezuela;a1412185, coa14d, gen14a, h1412185;10.250000000000000;-64.633332999999993
12200.0;Guanta;Venezuela;a1412185, coa14d, gen14a, h1412185;10.250000000000000;-64.583332999999996
12090.0;Puerto Cumarebo;Venezuela;coa14k, gen14a;11.483333000000000;-69.349999999999994
12034.0;Bajo Grande;Venezuela;a1411960, gen14a;10.516667000000000;-71.633332999999993
12220.0;Cumana (Puerto Sucre);Venezuela;a1412185, coa14d, gen14a, h1412220;10.466666999999999;-64.183333000000005
11940.0;Santa Marta;Colombia;a1411930, coa14c, gen14a, h1411940;11.250000000000000;-74.216667000000001
12035.0;Puerto Miranda;Venezuela;a1411960, gen14a, h1412035;10.766667000000000;-71.566666999999995
11910.0;Cartagena;Colombia;a1411910, coa14c, gen14a, h1411910;10.416667000000000;-75.533332999999999
11935.0;Pozos Colorados;Colombia;a1411930, coa14c, gen14a, h1411940;11.150000000000000;-74.250000000000000
11946.0;Puerto Bolivar;Colombia;a1411946, coa14k, gen14a, h1411946;12.250000000000000;-71.966667000000001
12180.0;Jose Terminal;Venezuela;coa14d, gen14a;10.100000000000000;-64.849999999999994
45025.0;Tarabulus;Lebanon;a1045003, coa10d, gen10b, h1045025;34.450000000000003;35.833333000000003
45003.0;Tartus;Syria;a1045003, coa10d, gen10b, h1045003;34.899999999999999;35.866667000000000
45030.0;Bayrut;Lebanon;a1045030, coa10d, gen10b, h1045030;33.899999999999999;35.500000000000000
45005.0;Baniyas;Syria;a1045003, coa10d, gen10b, h1045005;35.188333333000003;35.943333332999998
10978.0;Amber Cove;Dominican Republic;coa16f, gen16;19.833333332999999;-70.766666666999996
10962.0;Manzanillo;Dominican Republic;a1610930, coa16f, gen16, h1610960;19.716666666999998;-71.750000000000000
9930.0;Freeport;Bermuda;a1609930, coa16d, gen16, h1609930;32.316666667000000;-64.833333332999999
10030.0;Providenciales;Turks and Caicos Islands;coa16c, gen16;21.733333333000001;-72.283333333000002
10370.0;Santiago De Cuba;Cuba;coa16h, gen16, h1610370;20.016667000000002;-75.833332999999996
10320.0;Puerto Guantanamo;Cuba;a1610320, coa16h, gen16, h1610320;19.983332999999998;-75.133332999999993
10260.0;Nicaro;Cuba;coa16a, gen16, h1610260;20.716667000000001;-75.549999999999997
11010.0;Sanchez;Dominican Republic;coa16f, gen16, h1611000;19.233332999999998;-69.616667000000007
9960.0;Hamilton;Bermuda;a1609930, coa16d, gen16, h1609930;32.299999999999997;-64.783332999999999
11000.0;Santa Barbara De Samana;Dominican Republic;a1611000, coa16f, gen16, h1611000;19.199999999999999;-69.333332999999996
10280.0;Cayo Moa Grande;Cuba;a1610280, coa16a, gen16, h1610280;20.666667000000000;-74.900000000000006
10585.0;Cayman Brac;Cayman Islands;a1510579, coa15e, gen15;19.750000000000000;-79.750000000000000
10120.0;Cardenas;Cuba;a1510120, coa15d, gen15, h1510120;23.050000000000001;-81.200000000000003
10550.0;Nueva Gerona;Cuba;coa15e, gen15, h1510550;21.916667000000000;-82.799999999999997
11075.0;Cabo Rojo;Dominican Republic;a1411075, coa14h, gen14a, h1411075;17.916667000000000;-71.650000000000006
10130.0;Isabela De Sagua;Cuba;a1510140, coa15d, gen15, h1510130;22.949999999999999;-80.000000000000000
10710.0;Port Antonio;Jamaica;coa16g, gen16, h1610710;18.183333000000001;-76.450000000000003
10230.0;Antilla;Cuba;coa16a, gen16, h1610260;20.833333000000000;-75.733333000000002
11380.0;Gustavia;Guadeloupe;a1411370, coa14h, gen14a, h1411380;17.899999999999999;-62.850000000000001
10110.0;Matanzas;Cuba;a1510120, coa15d, gen15, h1510111;23.050000000000001;-81.549999999999997
10980.0;Puerto Plata;Dominican Republic;coa16f, gen16, h1610980;19.800000000000001;-70.700000000000003
10250.0;Felton;Cuba;coa16a, gen16, h1610260;20.733332999999998;-75.599999999999994
10270.0;Bahia De Sagua De Tanamo;Cuba;coa16a, gen16, h1610270;20.683333000000001;-75.333332999999996
10930.0;Cap Haitien;Haiti;a1610930, coa16f, gen16, h1610930;19.766667000000002;-72.200000000000003
9985.0;Freeport;The Bahamas;a1509985, coa15h, gen15, h1509985;26.516667000000002;-78.783332999999999
11370.0;Philipsburg;Sint Maarten;a1611370, coa16b, gen16, h1611370;18.016667000000002;-63.049999999999997
10580.0;Georgetown;Cayman Islands;a1510580, coa15e, gen15, h1510580;19.300000000000001;-81.383332999999993
11350.0;Road Harbor;British Virgin Islands;a1611310, coa16b, gen16, h1611350;18.416667000000000;-64.616667000000007
10460.0;Manzanillo;Cuba;a1610460, coa16h, gen16, h1610460;20.350000000000001;-77.116667000000007
9987.0;South Riding Point;The Bahamas;a1509985, coa15h, gen15, h1509987;26.616667000000000;-78.216667000000001
11630.0;Castries;Saint Lucia;a1411615, gen14a, h1411630;14.016667000000000;-61.000000000000000
10540.0;Cienfuegos;Cuba;coa15e, gen15, h1510540;22.149999999999999;-80.450000000000003
10530.0;Casilda;Cuba;a1510500, coa15e, gen15, h1510530;21.750000000000000;-79.983333000000002
11020.0;La Romana;Dominican Republic;a1611020, coa16k, gen16, h1611020;18.416667000000000;-68.966667000000001
9990.0;Nassau;The Bahamas;a1609990, coa16i, gen16, h1609990;25.083333000000000;-77.349999999999994
10470.0;Guayabal;Cuba;a1610460, coa16h, gen16;20.699999999999999;-77.616667000000007
48030.0;North Ain Sukhna Port;Egypt;a1048045, coa10f, gen10c, h1048030;29.649999999999999;32.366667000000000
10210.0;Banes;Cuba;coa16a, gen16, h1610210;20.916666667000001;-75.716666666999998
10140.0;Caibarien;Cuba;a1510140, coa15d, gen15, h1510140;22.533333333000002;-79.466666666999998
10290.0;Baracoa;Cuba;coa16a, gen16;20.350000000000001;-74.500000000000000
10240.0;Preston;Cuba;coa16a, gen16, h1610260;20.766666666999999;-75.650000000000006
10480.0;Santa Cruz del Sur;Cuba;a1610460, coa16h, gen16;20.699999999999999;-77.983333333000004
47946.0;Sawakin Harbor;Sudan;a1047940, coa10g, gen10c, h1047930;19.133333000000000;37.350000000000001
10505.0;Palo Alto;Cuba;a1510500, coa15e, gen15, h1510500;21.583333332999999;-78.966666666999998
47900.0;Mitsiwa Harbor;Eritrea;a1047900, coa10h, gen10c, h1047900;15.616667000000000;39.466667000000001
47880.0;Assab;Eritrea;a1048170, coa10h, gen10c, h1047880;13.000000000000000;42.750000000000000
16260.0;Moss;United States;coa13b, gen13a, h1316240;36.799999999999997;-121.783332999999999
48090.0;Al Aqabah;Jordan;coa10f, gen10c, h1048090;29.516667000000002;35.000000000000000
48045.0;El-Adabiya;Egypt;coa10f, gen10c, h1048040;29.866667000000000;32.466667000000001
48055.0;Ain Sukhna Terminal;Egypt;a1048045, coa10f, gen10c, h1048030;29.583333000000000;32.366667000000000
47940.0;Port Sudan;Sudan;a1047940, coa10g, gen10c, h1047940;19.600000000000001;37.233333000000002
54830.0;Dover;Australia;a0554760, coa05b, gen05b;-43.316667000000002;147.033332999999999
48140.0;Jiddah;Saudi Arabia;a1048140, coa10g, gen10c, h1048140;21.483332999999998;39.183332999999998
48142.0;Jizan;Saudi Arabia;coa10h, gen10c, h1048142;16.899999999999999;42.483333000000002
8680.0;St Petersburg;United States;a1508670, coa15g, gen15, h1508670;27.766667000000002;-82.616667000000007
46180.0;Sea Eagle Terminal;Nigeria;coa01a, gen01b;4.800000000000000;5.316667000000000
46008.0;Espoir Marine Terminal;Cote D'Ivoire;coa01a, gen01b;5.050000000000000;-4.450000000000000
45970.0;Baobab Marine Terminal;Cote D'Ivoire;coa01a, gen01b;4.966667000000000;-4.550000000000000
45963.0;San Pedro;Cote D'Ivoire;coa01a, gen01b;4.737777778000000;-6.611111111000000
46070.0;Tema;Ghana;a0146065, coa01a, gen01b, h0146070;5.631944444000000;0.015555556000000
48165.0;Al Ahmadi;Yemen;a1048165, coa10h, gen10c, h1048165;14.833333000000000;42.966667000000001
48190.0;Aden;Yemen;a1048190, coa10i, gen10c, h1048190;12.783333000000001;44.950000000000003
45990.0;Port Bouet;Cote D'Ivoire;a0146000, coa01a, gen01b;5.233333000000000;-3.966667000000000
46131.0;Tin Can Island;Nigeria;a0146130, coa01a, gen01b;6.350000000000000;3.350000000000000
46000.0;Abidjan;Cote D'Ivoire;a0146000, coa01a, gen01b, h0146000;5.250000000000000;-4.016667000000000
46090.0;Lome;Togo;a0146090, coa01a, gen01b, h0146090;6.133333000000000;1.283333000000000
46095.0;Kpeme;Togo;a0146090, coa01a, gen01b;6.200000000000000;1.516667000000000
46171.0;Ukpokiti Marine Terminal;Nigeria;coa01a, gen01b;5.733333333000000;4.833333333000000
46040.0;Takoradi;Ghana;a0146040, coa01a, gen01b, h0146040;4.883333000000000;-1.733333000000000
46200.0;Pennington Oil Terminal;Nigeria;coa01a, gen01b;4.250000000000000;5.616667000000000
46110.0;Cotonou;Benin;a0146110, coa01a, gen01b, h0146110;6.350000000000000;2.433333000000000
46190.0;Brass Oil Terminal;Nigeria;coa01a, gen01b;4.066667000000000;6.283333000000000
48214.0;Rudum Terminal;Yemen;coa10i, gen10c;13.983333000000000;47.916666999999997
48235.0;Duqm;Oman;a1048235, coa10k, gen10a, h1048235;19.673252583000000;57.716908916000001
47850.0;Djibouti;Djibouti;a1047850, coa10i, gen10c, h1047850;11.600000000000000;43.133333000000000
48210.0;Al Mukalla;Yemen;coa10i, gen10a, h1048210;14.516667000000000;49.116667000000000
48230.0;Mina Raysut;Oman;a1048230, coa10k, gen10a, h1048230;16.951111110999999;54.029166666999998
48216.0;Balhaf;Yemen;coa10i, gen10a, h1048216;13.966666999999999;48.183332999999998
48202.0;Ash Shihr Oil Terminal;Yemen;coa10i, gen10a;14.699999999999999;49.483333332999997
48198.0;Nishtun;Yemen;coa10k, gen10a;15.816667000000001;52.200000000000003
49640.0;Bassein;Burma;a0349640, gen03a;16.783333333000002;94.733333333000004
48259.0;Khawr Khasab;Oman;coa10l, gen10a;26.216667000000001;56.233333000000002
48520.0;Bandar Abbas;Iran;a1048520, coa10l, gen10a, h1048520;27.149999999999999;56.200000000000003
49720.0;Port Blair;India;a0349720, coa03n, gen03a, h0349720;11.677777777999999;92.733333333000004
49650.0;Rangoon;Burma;gen03a, h0349650;16.766667000000002;96.166667000000004
49660.0;Moulmein Harbor;Burma;coa03p, gen03a, h0349660;16.483332999999998;97.616667000000007
48590.0;Gwadar;Pakistan;a1048590, coa10p, gen10a;25.133333000000000;62.299999999999997
2555.0;Port de Valleyfield;Canada;a1802550;45.216666666999998;-74.099999999999994
9510.1;Puerto Progreso;Mexico;coa15c, gen15, h1509510;21.350000000000001;-89.683333332999993
9548.0;Punta Venado;Mexico;coa15c, gen15;20.566666667000000;-87.133333332999996
9570.0;Puerto Costa Maya;Mexico;coa15c, gen15;18.733333333000001;-87.683333332999993
9440.0;Frontera;Mexico;coa15c, gen15, h1509440;18.533332999999999;-92.650000000000006
9590.0;Belize City;Belize;coa14b, gen14a, h1409590;17.500000000000000;-88.183333000000005
9395.0;Cayo Arcas Terminal;Mexico;coa15c, gen15;20.166667000000000;-91.983333000000002
9490.0;Ciudad Del Carmen;Mexico;a1509490, coa15c, gen15, h1509490;18.633333000000000;-91.866667000000007
9380.0;Veracruz;Mexico;a1509380, coa15c, gen15, h1509380;19.199999999999999;-96.133332999999993
9690.0;Puerto Castilla;Honduras;a1409690, coa14b, gen14a, h1409690;16.000000000000000;-85.983333000000002
9410.0;Nanchital;Mexico;coa15c, gen15, h1509405;18.066666999999999;-94.416667000000004
9670.0;La Ceiba;Honduras;a1409690, coa14b, gen14a, h1409670;15.783333000000001;-86.799999999999997
9660.0;Tela;Honduras;a1409660, coa14b, gen14a, h1409660;15.783333000000001;-87.450000000000003
9405.0;Coatzacoalcos;Mexico;a1509405, coa15c, gen15, h1509405;18.149999999999999;-94.416667000000004
49730.0;Victoria Point Harbor;Burma;coa03p, gen03a;9.983333332999999;98.549999999999997
9855.0;Punta Rincon;Panama;coa14j, gen14a;9.016666667000001;-80.700000000000003
9768.0;San Andres Island;Colombia;a1409767, gen14a, h1409768;12.566666667000000;-81.700000000000003
9760.0;Puerto Cabezas;Nicaragua;coa14i, gen14a, h1409760;14.016667000000000;-83.383332999999993
9769.0;El Bluff;Nicaragua;coa14i, gen14a, h1409770;12.000000000000000;-83.700000000000003
9805.0;Puerto Moin;Costa Rica;a1409810, coa14j, gen14a, h1409810;10.000000000000000;-83.083332999999996
9598.0;Big Creek;Belize;coa14b, gen14a, h1409598;16.516666666999999;-88.400000000000006
9810.0;Puerto Limon;Costa Rica;a1409810, coa14j, gen14a, h1409810;9.983333000000000;-83.016666999999998
9675.0;Coxen Hole;Honduras;a1409690, coa14b, gen14a, h1409677;16.316666999999999;-86.549999999999997
9770.0;Bluefields;Nicaragua;coa14i, gen14a, h1409770;12.016667000000000;-83.750000000000000
48280.0;Hulaylah Oil Terminal;United Arab Emirates;a1048275, coa10l, gen10a;25.983332999999998;55.933332999999998
51200.0;Panarukan;Indonesia;a0451200, coa04d, gen04c;-7.700000000000000;113.933333000000005
51810.0;Benoa;Indonesia;coa11j, gen11b;0.983333000000000;117.966667000000001
52297.0;Parepare;Indonesia;a0452320, coa04c, gen04c;-4.000000000000000;119.616667000000007
48264.0;Mina Saqr;United Arab Emirates;a1048275, coa10l, gen10a, h1048264;25.983332999999998;56.049999999999997
48480.0;Jazireh-Ye Lavan Oil Terminal;Iran;a1048480, coa10m, gen10a, h1048480;26.783332999999999;53.333333000000003
48272.0;Sharjah Offshore Terminal;United Arab Emirates;a1048275, coa10l, gen10a, h1048274;25.583333000000000;55.399999999999999
46230.0;Calabar;Nigeria;a0146230, coa01a, gen01b, h0146230;4.966667000000000;8.316667000000001
46207.0;Okrika;Nigeria;coa01a, gen01b, h0146210;4.716667000000000;7.083333000000000
46240.0;Okwori Terminal;Nigeria;coa01a, gen01b;3.850000000000000;6.983333000000000
46178.0;Yoho Terminal;Nigeria;coa01a, gen01b;4.016667000000000;7.466667000000000
48273.0;Umm Al Qaywayn;United Arab Emirates;a1048275, coa10l, gen10a, h1048272;25.583333000000000;55.583333000000003
48269.0;Al Jazeera Port;United Arab Emirates;a1048275, coa10l, gen10a;25.716667000000001;55.783332999999999
46206.0;Bonny Offshore Terminal;Nigeria;a0146205, coa01a, gen01b;4.183333000000000;7.233333000000000
46292.0;Kome Kribi 1 Marine Terminal;Cameroon;a0146292, coa01a, gen01b;2.916667000000000;9.800000000000001
48276.0;Mina Jabal Ali;United Arab Emirates;a1048275, coa10m, gen10a, h1048276;25.016667000000002;55.049999999999997
46195.0;Qua Iboe Oil Terminal;Nigeria;coa01a, gen01b;4.233333000000000;8.033333000000001
46205.0;Bonny;Nigeria;a0146205, coa01a, gen01b, h0146205;4.450000000000000;7.166667000000000
48271.0;Ash Shariqah;United Arab Emirates;a1048275, coa10l, gen10a, h1048271;25.366666667000001;55.383333333000003
48275.0;Dubayy;United Arab Emirates;a1048275, coa10l, gen10a, h1048275;25.266666666999999;55.299999999999997
46210.0;Port Harcourt;Nigeria;coa01a, gen01b, h0146210;4.766667000000000;7.000000000000000
46287.0;Ebome Marine Terminal;Cameroon;a0146292, coa01a, gen01b;2.800000000000000;9.816667000000001
46295.0;Kribi Deep Sea Port;Cameroon;a0146292, coa01a, gen01b;2.718531540000000;9.860530084000001
46310.0;Serpentina Terminal;Equatorial Guinea;coa01a, gen01b;3.800000000000000;8.083333000000000
48270.0;Ajman;United Arab Emirates;a1048275, coa10l, gen10a, h1048270;25.416667000000000;55.433332999999998
46238.0;Okono Terminal;Nigeria;coa01a, gen01b;3.983333000000000;7.300000000000000
46262.0;Limboh Terminal;Cameroon;a0146280, coa01a, gen01b, h0146260;3.983333000000000;9.150000000000000
46235.0;Odudu Terminal;Nigeria;coa01a, gen01b;4.000000000000000;7.766667000000000
48274.0;Al Hamriyah Lpg Terminal;United Arab Emirates;a1048275, coa10l, gen10a, h1048274;25.466667000000001;55.483333000000002
47855.0;Doraleh;Djibouti;a1047850, coa10i, gen10c, h1047850;11.602777778000000;43.088611110999999
46285.0;Kole Oil Terminal;Cameroon;coa01a, gen01b;4.250000000000000;8.550000000000001
46208.0;Onne;Nigeria;coa01a, gen01b, h0146210;4.683333000000000;7.150000000000000
46280.0;Douala;Cameroon;a0146280, coa01a, gen01b, h0146280;4.050000000000000;9.683332999999999
46225.0;Antan Oil Terminal;Nigeria;coa01a, gen01b;4.216667000000000;8.333333000000000
62140.0;Moji Ko;Japan;a2361690, coa23h, gen23a, h2361700;33.950000000000003;130.966667000000001
61640.0;Kure;Japan;a1261650, coa12c, gen12b, h1261640;34.233333000000002;132.550000000000011
62030.0;Matsuyama;Japan;a1262030, coa12c, gen12b, h1262030;33.850000000000001;132.699999999999989
12820.0;Portocel;Brazil;coa01f, gen01c;-19.850000000000001;-40.049999999999997
62020.0;Yawatahama;Japan;a1262178, coa12c, gen12b, h1262178;33.450000000000003;132.416666999999990
60431.0;Tonghae;South Korea;a2360430, coa23g, gen23a, h2360430;37.533332999999999;129.150000000000006
45950.0;Buchanan;Liberia;a0145950, coa01a, gen01b, h0145950;5.866667000000000;-10.066667000000001
45952.0;Greenville;Liberia;a0145952, coa01a, gen01b, h0145952;4.983333000000000;-9.050000000000001
38160.0;Santa Cruz De Tenerife;Spain;a0138160, coa01b, gen01a, h0138160;28.466667000000001;-16.233332999999998
60385.0;Chinae;South Korea;a2360380, coa23f, gen23a, h2360380;35.133333000000000;128.650000000000006
48630.0;Kandla;India;coa03h, gen03a, h0348630;23.033332999999999;70.216667000000001
45825.0;Banjul;The Gambia;a0145825, coa01b, gen01a, h0145825;13.449999999999999;-16.566666999999999
45862.0;Freetown;Sierra Leone;a0145862, coa01a, gen01a, h0145862;8.500000000000000;-13.233333000000000
45855.0;Conakry;Guinea;a0145855, coa01a, gen01a, h0145855;9.516667000000000;-13.716666999999999
45838.0;Bissau;Guinea-Bissau;a0145838, coa01b, gen01a;11.866667000000000;-15.633333000000000
38130.0;Funchal;Portugal;a0838130, coa08h, gen08b, h0838130;32.633333000000000;-16.916667000000000
38170.0;Las Palmas;Spain;a0138170, coa01b, gen01a, h0138170;28.149999999999999;-15.416667000000000
45809.0;Laayoune;Western Sahara;coa01b, gen01a;27.083333000000000;-13.433332999999999
38190.0;Arrecife;Spain;coa01b, gen01a, h0138190;28.949999999999999;-13.533333000000001
49620.0;Sittwe;Burma;coa03m, gen03a, h0349620;20.133333000000000;92.900000000000006
48690.0;Veraval;India;coa03h, gen03a, h0348690;20.899999999999999;70.366667000000007
48620.0;Mandvi;India;coa03h, gen03a;22.833333000000000;69.349999999999994
48790.0;Hazira;India;coa03i, gen03a;21.083333000000000;72.633332999999993
8240.0;Alexandria;United States;a1708230, coa17d;38.799999999999997;-77.033332999999999
7520.0;Essex;United States;a1707550, coa17c, gen17a, h1707520;41.350000000000001;-72.383332999999993
45297.0;As Sidr;Libya;coa09a, gen09, h0945297;30.633333000000000;18.366667000000000
45295.0;Al Burayqah;Libya;coa09a, gen09, h0945295;30.416667000000000;19.600000000000001
45290.0;Ez Zueitina;Libya;a0945290, coa09a, gen09;30.850000000000001;20.050000000000001
45010.0;Al Ladhiqiyah;Syria;a1045003, coa10d, gen10b, h1045010;35.533332999999999;35.766666999999998
42920.0;Limin Sirou;Greece;a0942920, coa09d, gen09, h0942920;37.433332999999998;24.949999999999999
41940.0;Kalamata;Greece;a0941940, coa09d, gen09, h0941940;37.016666999999998;22.116667000000000
46165.0;Burutu;Nigeria;coa01a, gen01b, h0146160;5.350000000000000;5.500000000000000
46160.0;Forcados;Nigeria;coa01a, gen01b, h0146160;5.366667000000000;5.433333000000000
46140.0;Koko;Nigeria;coa01a, gen01b, h0146150;6.000000000000000;5.466667000000000
46135.0;Escravos Oil Terminal;Nigeria;a0146160, coa01a, gen01b;5.500000000000000;5.000000000000000
7370.0;New Bedford;United States;a1707420, coa17c, gen17a, h1707360;41.633333000000000;-70.916667000000004
16630.0;Bodega Bay;United States;coa13b, gen13a, h1316630;38.333333000000003;-123.049999999999997
5060.0;Gladstone;United States;gen28a;45.850000000000001;-87.016666999999998
5050.0;Escanaba;United States;gen28a;45.766666999999998;-87.049999999999997
5030.0;Menominee;United States;gen28a;45.095277778000003;-87.589444443999994
5020.0;Marinette;United States;gen28a;45.083333000000003;-87.599999999999994
5010.0;Oconto;United States;gen28a;44.894444444000001;-87.829444444000004
4940.0;Green Bay;United States;gen28a;44.516666999999998;-88.016666999999998
4920.0;Algoma;United States;gen28a;44.600000000000001;-87.433333000000005
4910.0;Kewaunee;United States;gen28a;44.466667000000001;-87.500000000000000
4640.0;Frankfort;United States;gen28a;44.633333000000000;-86.250000000000000
4630.0;Leland;United States;gen28a;45.016666999999998;-85.766666999999998
4590.0;Harbor Springs;United States;gen28a;45.433332999999998;-84.983333000000002
4520.0;Mackinaw City;United States;gen28a;45.783332999999999;-84.716667000000001
10150.0;Nuevitas Bay;Cuba;a1610150, coa16a, gen16, h1610150;21.550000000000001;-77.266666999999998
10020.0;Grand Turk;Turks and Caicos Islands;coa16c, gen16, h1610020;21.433333000000001;-71.150000000000006
16470.0;Benicia;United States;gen13a, h1316410;38.049999999999997;-122.150000000000006
16170.0;Gaviota;United States;a1316150, coa13b, gen13a;34.466667000000001;-120.200000000000003
16080.0;Los Angeles;United States;a1316080, coa13b, gen13a, h1316080;33.750000000000000;-118.250000000000000
16070.0;Long Beach;United States;a1316080, coa13b, gen13a, h1316080;33.766666999999998;-118.183333000000005
9170.0;Baytown;United States;a1509150, coa15a, gen15, h1509150;29.733332999999998;-95.016666999999998
8580.0;Jacksonville;United States;a1508580, coa15b, gen15, h1508580;30.316666999999999;-81.650000000000006
8560.0;Fernandina Beach;United States;a1508555, coa15b, gen15, h1508555;30.683333000000001;-81.466667000000001
8550.0;Brunswick;United States;a1508555, coa15b, gen15, h1508550;31.149999999999999;-81.500000000000000
8540.0;Darien;United States;a1508555, coa15b, gen15, h1508540;31.366667000000000;-81.433333000000005
8430.0;Morehead City;United States;a1708430, coa17a, gen17a, h1708430;34.716667000000001;-76.700000000000003
2720.0;Gananoque;Canada;h1802740;44.333333000000003;-76.166667000000004
2790.0;Alexandria Bay;United States;h1802740;44.333333000000003;-75.916667000000004
16160.0;Ellwood;United States;a1316150, coa13b, gen13a;34.433332999999998;-119.916667000000004
8420.0;Beaufort;United States;a1708430, coa17a, gen17a, h1708430;34.716667000000001;-76.666667000000004
10158.0;Manati;Cuba;coa16a, gen16, h1610155;21.366667000000000;-76.816666999999995
10025.0;Cockburn Harbor;Turks and Caicos Islands;coa16c, gen16, h1610018;21.500000000000000;-71.533332999999999
4610.0;Charlevoix;United States;gen28a;45.316667000000002;-85.266666999999998
40300.0;Lipari;Italy;coa09b, gen09, h0940300;38.483333000000002;14.966666999999999
43030.0;Milos;Greece;a0943030, coa09d, gen09, h0943030;36.716667000000001;24.449999999999999
43280.0;Lakki;Greece;a0943280, coa09d, gen09;37.133333000000000;26.850000000000001
58750.0;Baybay;Philippines;a1158740, coa11g, gen11a;10.683332999999999;124.799999999999997
58795.0;Isabel;Philippines;a1158960, coa11g, gen11a;10.916667000000000;124.433333000000005
4530.0;Mackinac Island;United States;gen28a;45.850000000000001;-84.616667000000007
5070.0;Nahma;United States;gen28a;45.833333000000003;-86.666667000000004
5100.0;Manistique;United States;gen28a;45.950000000000003;-86.250000000000000
45175.0;El Hamra Oil Terminal;Egypt;a1045175, coa10e, gen10b, h1045175;30.983332999999998;28.866667000000000
2700.0;Brockville;Canada;h1802741;44.583333000000003;-75.666667000000004
16480.0;Martinez;United States;gen13a, h1316410;38.033332999999999;-122.133332999999993
44825.0;Alanya;Turkey;a1044825, coa10d, gen10b, h1044825;36.533332999999999;32.000000000000000
45790.0;Mohammedia;Morocco;a0845793, coa08f, gen08b;33.716667000000001;-7.400000000000000
48121.0;King Fahd Port;Saudi Arabia;a1048120, coa10g, gen10c, h1048121;23.949999999999999;38.216667000000001
51780.0;Lingkas;Indonesia;a1151780, coa11i, gen11b;3.283333000000000;117.599999999999994
61664.0;Namikata;Japan;a1262070, coa12c, gen12b, h1262070;34.116667000000000;132.900000000000006
45955.0;Cape Palmas;Liberia;a0145955, coa01a, gen01b, h0145955;4.366667000000000;-7.716667000000000
58740.0;Maasin;Philippines;a1158870, coa11g, gen11a;10.133333000000000;124.833332999999996
62060.0;Kikuma Ko;Japan;a1262070, coa12c, gen12b;34.033332999999999;132.833333000000010
62070.0;Imabari Ko;Japan;a1262070, coa12c, gen12b, h1262070;34.066667000000002;133.016667000000012
8180.0;Cape Charles;United States;a1708280, coa17d, gen17a;37.266666999999998;-76.016666999999998
8480.0;Southport;United States;a1708470, coa17a, gen17a, h1708470;33.916666999999997;-78.016666999999998
46150.0;Sapele;Nigeria;coa01a, gen01b, h0146150;5.900000000000000;5.683333000000000
4540.0;St Ignace;United States;gen28a;45.850000000000001;-84.716667000000001
45040.0;Sayda;Lebanon;a1045040, coa10d, gen10b, h1045040;33.500000000000000;35.350000000000001
4580.0;St. James Harbor;United States;gen28a;45.733333000000002;-85.516666999999998
41950.0;Yithion;Greece;a0941950, coa09d, gen09;36.750000000000000;22.566666999999999
9080.0;Port Arthur;United States;a1509140, gen15, h1509140;29.833333000000000;-93.966667000000001
39720.0;Portoferraio;Italy;a0839740, coa08k, gen08a;42.816667000000002;10.333333000000000
16450.0;Port Costa;United States;gen13a, h1316410;38.049999999999997;-122.183333000000005
4620.0;Traverse City;United States;gen28a;44.766666999999998;-85.616667000000007
45036.0;Sidon/zahrani Terminal;Lebanon;a1045040, coa10d, gen10b, h1045040;33.533332999999999;35.316667000000002
5110.0;Port Inland;United States;gen28a;45.966667000000001;-85.866667000000007
3170.0;Oswego;United States;h1802740;43.466667000000001;-76.516666999999998
47050.0;Zanzibar;Tanzania;a0247050, coa02c, gen02a, h0247050;-6.166667000000000;39.183332999999998
46170.0;Warri;Nigeria;coa01a, gen01b, h0146170;5.516667000000000;5.733333000000000
9060.0;Sabine Pass;United States;a1509140, coa15a, gen15, h1509140;29.733332999999998;-93.900000000000006
16290.0;Princetown;United States;a1316300, coa13b, gen13a, h1316290;37.500000000000000;-122.483333000000002
8610.0;Palm Beach;United States;a1508610, coa15h, gen15, h1508610;26.766667000000002;-80.049999999999997
4600.0;Petoskey;United States;gen28a;45.366667000000000;-84.966667000000001
16320.0;Redwood City;United States;coa13b, gen13a, h1316315;37.533332999999999;-122.200000000000003
8470.0;Wilmington;United States;a1708470, coa17a, gen17a, h1708470;34.233333000000002;-77.950000000000003
2710.0;Rockport;Canada;h1802741;44.383333000000000;-75.933333000000005
8590.0;St Augustine;United States;a1508580, coa15b, gen15;29.899999999999999;-81.316666999999995
9050.0;Sabine;United States;a1509140, coa15a, gen15, h1509140;29.716667000000001;-93.866667000000007
45296.0;Ras   Lanuf;Libya;coa09a, gen09, h0945297;30.516667000000002;18.566666999999999
8830.0;Port Sulphur;United States;a1508860, coa15f, gen15;29.483332999999998;-89.683333000000005
44850.0;Tasucu;Turkey;a1044845, coa10d, gen10b, h1044850;36.316667000000002;33.883333000000000
8460.0;Wrightsville;United States;a1708470, coa17a, gen17a;34.216667000000001;-77.816666999999995
4930.0;Sturgeon Bay;United States;gen28a;44.833333000000003;-87.383332999999993
8440.0;Swansboro;United States;a1708430, coa17a, gen17a, h1708450;34.683332999999998;-77.133332999999993
61967.0;Shingu;Japan;coa12c, gen12b;33.666666999999997;135.983332999999988
61515.0;Owase Ko;Japan;a1261515, coa12c, gen12b, h1261515;34.066667000000002;136.216667000000001
8245.0;Piney Point;United States;a1708230, coa17d, gen17a;38.133333000000000;-76.533332999999999
8227.0;Solomons Island;United States;a1708227, coa17d, gen17a, h1708227;38.316667000000002;-76.450000000000003
58590.0;Port Romblon;Philippines;coa11f, gen11a;12.583333000000000;122.266666999999998
52270.0;Raha Roadstead;Indonesia;a0452260, coa04e, gen04c, h0452270;-4.850000000000000;122.733333000000002
48120.0;Yanbu;Saudi Arabia;a1048120, coa10g, gen10c, h1048120;24.083333000000000;38.049999999999997
48348.0;Ras Al Mishab;Saudi Arabia;a1048345, coa10n, gen10a, h1048345;28.116667000000000;48.633333000000000
8230.0;Washington D.C.;United States;a1708230, coa17d, h1708230;38.866667000000000;-77.033332999999999
48152.0;Salif;Yemen;a1048150, coa10h, gen10c, h1048150;15.300000000000001;42.666666999999997
8190.0;Salisbury;United States;a1708242, coa17a, gen17a;38.366667000000000;-75.599999999999994
40360.0;Pantelleria;Italy;a0840350, coa08m, gen08a, h0840360;36.838000000000001;11.942000000000000
62497.0;Nishihara;Japan;a2362505, coa23h, gen23a, h2362505;26.216667000000001;127.799999999999997
45027.0;Selaata;Lebanon;coa10d, gen10b;34.283333333000002;35.655000000000001
48268.0;Mubarraz Oil Terminal;United Arab Emirates;a1048268, coa10m, gen10a, h1048268;24.433333000000001;53.516666999999998
48290.0;Doha;Qatar;a1048290, coa10m, gen10a, h1048290;25.283332999999999;51.533332999999999
48266.0;Zirkuh;United Arab Emirates;a1048277, coa10m, gen10a, h1048277;25.016667000000002;53.000000000000000
48265.0;Fateh Oil Terminal;United Arab Emirates;a1048265, coa10l, gen10a;25.583333000000000;54.416666999999997
48298.0;Al Shaheen Terminal;Qatar;coa10m, gen10a;26.583333000000000;52.000000000000000
48282.0;Jabal Az Zannah/ruways;United Arab Emirates;a1048282, coa10m, gen10a, h1048282;24.199999999999999;52.700000000000003
48295.0;Jazirat Halul;Qatar;coa10m, gen10a, h1048295;25.683333000000001;52.416666999999997
48279.0;Umm An Nar;United Arab Emirates;a1048278, coa10m, gen10a, h1048278;24.449999999999999;54.483333000000002
48287.0;Umm Said;Qatar;a1048290, coa10m, gen10a, h1048287;24.916667000000000;51.566667000000002
48297.0;Ras Laffan;Qatar;a1048297, coa10m, gen10a, h1048297;25.916667000000000;51.583333000000003
48278.0;Abu Zaby;United Arab Emirates;a1048278, coa10m, gen10a, h1048278;24.500000000000000;54.333333000000003
48277.0;Jazirat Das;United Arab Emirates;a1048277, coa10m, gen10a, h1048277;25.149999999999999;52.866667000000000
51680.0;Victoria;Malaysia;a1151680, coa11c, gen11b, h1151680;5.283333000000000;115.233333000000002
51440.0;Dili;Timor-Leste;coa04g, gen04c, h0451390;-8.533333000000001;125.583332999999996
59270.0;Puerto Princesa;Philippines;coa11d, gen11a, h1159270;9.733333000000000;118.733333000000002
59500.0;Polloc (Cotabato);Philippines;coa11h, gen11b;7.350000000000000;124.216667000000001
49970.0;Melaka;Malaysia;a0349970, coa03f, gen03c;2.200000000000000;102.250000000000000
49960.0;Port Dickson;Malaysia;a0349960, coa03f, gen03c, h0349960;2.533333000000000;101.783332999999999
46454.0;M'bya Oil Terminal;Gabon;coa01h, gen01b;-3.883333000000000;10.933332999999999
46451.0;Etame Terminal;Gabon;coa01h, gen01b;-3.750000000000000;10.516667000000000
46330.0;Luba;Equatorial Guinea;coa01a, gen01b;3.500000000000000;8.566667000000001
55300.0;Picton;New Zealand;coa06f, gen06b, h0655300;-41.283332999999999;174.016667000000012
50450.0;Teluk Bayur;Indonesia;a0350450, coa03g, gen03c, h0350450;-1.000000000000000;100.366667000000007
55150.0;Wellington;New Zealand;a0655150, coa06f, gen06b, h0655152;-41.283332999999999;174.783332999999999
55270.0;Collingwood;New Zealand;coa06f, gen06b;-40.683332999999998;172.666666999999990
46335.0;Ceiba Terminal;Equatorial Guinea;coa01h, gen01b;1.416667000000000;9.233333000000000
46690.0;Jamestown;Saint Helena, Ascension, and Tristan da Cunha;coa01j, gen01b, h0146690;-15.916667000000000;-5.716667000000000
46580.0;Sumbe;Angola;coa01c, gen01b;-11.199999999999999;13.833333000000000
46440.0;Port Gentil;Gabon;a0146440, coa01h, gen01b, h0146440;-0.700000000000000;8.800000000000001
46485.0;Takula Terminal;Angola;coa01c, gen01b;-5.216667000000000;11.783333000000001
46670.0;Georgetown;Saint Helena, Ascension, and Tristan da Cunha;a0146670, gen01b, h0146670;-7.933333000000000;-14.416667000000000
46560.0;Luanda;Angola;a0146560, coa01c, gen01b, h0146560;-8.800000000000001;13.250000000000000
46487.0;Malongo Oil Terminal;Angola;a0146490, coa01c, gen01b;-5.433333000000000;12.083333000000000
46650.0;Luderitz Bay;Namibia;a0146650, coa01c, gen01c;-26.649999999999999;15.150000000000000
12740.0;Porto De Suape;Brazil;coa01d, gen01b, h0112740;-8.400000000000000;-34.966667000000001
55275.0;Tarakohe;New Zealand;coa06f, gen06b;-40.850000000000001;172.900000000000006
12380.0;Linden;Guyana;gen14a;6.000000000000000;-58.299999999999997
46340.0;Cogo;Equatorial Guinea;a0146300, coa01h, gen01b;1.083333000000000;9.699999999999999
46610.0;Namibe;Angola;coa01c, gen01b, h0146610;-15.199999999999999;12.150000000000000
46545.0;Soyo Angola Lng Terminal;Angola;a0146530, coa01c, gen01b;-6.116667000000000;12.333333000000000
46770.0;Cape Town;South Africa;a0146770, coa01c, gen01c, h0146770;-33.916666999999997;18.416667000000000
12650.0;Porto De Mucuripe;Brazil;a0112650, coa01d, gen01b, h0112650;-3.716667000000000;-38.483333000000002
46446.0;Oguendjo Terminal;Gabon;coa01h, gen01b;-1.466667000000000;8.916667000000000
46435.0;Port Owendo;Gabon;a0146430, coa01h, gen01b, h0146435;0.283333000000000;9.500000000000000
46510.0;Banana;Congo (Kinshasa);a0146530, coa01c, gen01b;-5.983333000000000;12.383333000000000
12410.0;Paramaribo;Suriname;a1412410, coa14m, gen14a, h1412410;5.833333000000000;-55.166666999999997
46430.0;Libreville;Gabon;a0146430, coa01h, gen01b;0.383333000000000;9.449999999999999
12630.0;Camocim;Brazil;coa01d, gen01b, h0112630;-2.900000000000000;-40.833333000000003
39210.0;Cagliari;Italy;a0839210, coa08l, gen08a, h0839210;39.189999999999998;9.102000000000000
55290.0;Nelson;New Zealand;a0655290, coa06f, gen06b, h0655290;-41.266666999999998;173.266667000000012
46550.0;Porto Do Ambriz;Angola;coa01c, gen01b;-7.833333000000000;13.100000000000000
12405.0;Nieuw Nickerie;Suriname;a1412400, coa14l, gen14a, h1412400;5.950000000000000;-57.000000000000000
46590.0;Lobito;Angola;coa01c, gen01b, h0146590;-12.333333000000000;13.566667000000001
46452.0;Olowi Marine Terminal;Gabon;coa01h, gen01b;-3.133333000000000;10.216666999999999
12390.0;New Amsterdam;Guyana;coa14l, gen14a;6.250000000000000;-57.516666999999998
46488.0;Kuito Oil Field;Angola;coa01c, gen01b;-5.466667000000000;11.500000000000000
46305.0;Bata;Equatorial Guinea;a0146305, coa01a, gen01b;1.866667000000000;9.766667000000000
46490.0;Cabinda;Angola;a0146490, coa01c, gen01b;-5.533333000000000;12.199999999999999
46453.0;Gamba Oil Terminal;Gabon;coa01h, gen01b;-2.833333000000000;10.000000000000000
46472.0;Djeno Terminal;Congo (Brazzaville);a0146470, coa01c, gen01b;-4.933333000000000;11.900000000000000
46460.0;Yombo Terminal;Congo (Brazzaville);coa01c, gen01b;-4.450000000000000;11.100000000000000
46750.0;Saldanha Bay;South Africa;a0146675, coa01c, gen01c, h0146675;-33.033332999999999;17.966667000000001
46445.0;Cap Lopez;Gabon;a0146440, coa01h, gen01b, h0146445;-0.633333000000000;8.716666999999999
46306.0;Punta Europa Terminal;Equatorial Guinea;a0146280, coa01a, gen01b;3.783333000000000;8.716666999999999
46640.0;Walvis Bay;Namibia;a0146640, coa01c, gen01c, h0146640;-22.949999999999999;14.500000000000000
46473.0;N'kossa Terminal;Congo (Brazzaville);coa01c, gen01b;-5.266667000000000;11.566667000000001
46380.0;Sao Tome;Sao Tome and Principe;coa01h, gen01b, h0146380;0.350000000000000;6.733333000000000
46320.0;Malabo;Equatorial Guinea;a0146280, coa01a, gen01b;3.750000000000000;8.783333000000001
46543.0;Kizomba C Terminal;Angola;coa01c, gen01b;-6.316667000000000;11.283333000000001
12415.0;Paranam;Suriname;a1412410, gen14a, h1412410;5.616667000000000;-55.100000000000001
46495.0;Futila Terminal;Angola;a0146490, coa01c, gen01b;-5.450000000000000;12.183332999999999
12661.0;Guamare Oil Terminal;Brazil;coa01d, gen01b;-4.866667000000000;-36.283332999999999
46547.0;Palanca Terminal;Angola;coa01c, gen01b;-6.950000000000000;12.400000000000000
12730.0;Recife;Brazil;a0112730, coa01d, gen01b, h0112730;-8.050000000000001;-34.866667000000000
46470.0;Pointe Noire;Congo (Brazzaville);a0146470, coa01c, gen01b, h0146470;-4.783333000000000;11.833333000000000
46570.0;Porto Amboim;Angola;coa01c, gen01b;-10.733333000000000;13.750000000000000
57700.0;Hon Gai;Vietnam;a2357710, coa23a, gen23b;20.949999999999999;107.066666999999995
59930.0;Haimen;China;coa23d, gen23a, h2359925;28.683333000000001;121.450000000000003
59960.0;Zhoushan;China;a2359940, coa23d, gen23a;30.000000000000000;122.099999999999994
14470.0;Puerto San Antonio;Chile;coa07d, gen07b, h0714470;-33.583333000000003;-71.616667000000007
60810.0;De Kastri;Russia;coa24c, gen24a;51.466667000000001;140.783332999999999
36280.0;Lezardrieux;France;a2036130, coa20b, gen20b;48.790299726999997;-3.098863445000000
60500.0;Ch'ongjin;North Korea;a2360510, coa23g, gen23a;41.766666999999998;129.816666999999995
59385.0;Mangagoy;Philippines;a1159385, coa11h, gen11b;8.233333000000000;126.316666999999995
56280.0;Honolulu;United States;a1356285, coa13c, gen13c, h1356280;21.300000000000001;-157.866667000000007
56272.0;Barber's Point;United States;a1356285, coa13c, gen13c, h1356275;21.316666999999999;-158.116667000000007
56260.0;Kaunakakai;United States;a1356200, coa13c, gen13c;21.083333000000000;-157.033332999999999
56200.0;Lahaina;United States;a1356200, coa13c, gen13c, h1356200;20.866667000000000;-156.666666999999990
56180.0;Kahului;United States;a1356200, coa13c, gen13c, h1356180;20.899999999999999;-156.466667000000001
56150.0;Kiholo;United States;a1356160, coa13c, gen13c;19.866667000000000;-155.949999999999989
56120.0;Kauhako Bay;United States;coa13c, gen13c;19.383333000000000;-155.900000000000006
56110.0;Milolii;United States;coa13c, gen13c;19.183333000000001;-155.900000000000006
56100.0;Honuapo;United States;coa13c, gen13c;19.083333000000000;-155.550000000000011
30680.0;Husum;Germany;coa21b, gen21a;54.483333000000002;9.050000000000001
56090.0;Hilo;United States;coa13c, gen13c, h1356090;19.733332999999998;-155.066666999999995
56070.0;Honokaa;United States;coa13c, gen13c;20.100000000000001;-155.466667000000001
55740.0;Avatiu;Cook Islands;a0655740, gen06c, h0655740;-21.199999999999999;-159.783332999999999
55440.0;Greymouth;New Zealand;a0655440, coa06g, gen06b, h0655440;-42.433332999999998;171.216667000000001
55210.0;New Plymouth;New Zealand;a0655210, coa06f, gen06b, h0655210;-39.066667000000002;174.033332999999999
52720.0;Ambon;Indonesia;coa04e, gen04c, h0452720;-3.683333000000000;128.166666999999990
52235.0;Mangkasa Oil Terminal;Indonesia;gen04c;-2.733333000000000;121.066666999999995
52065.0;Bitung;Indonesia;coa11j, gen11b, h1152065;1.433333000000000;125.183333000000005
47980.0;Safaja;Egypt;a1047980, coa10f, gen10c, h1047980;26.733332999999998;33.950000000000003
47970.0;Al Qusayr;Egypt;coa10f, gen10c;26.100000000000001;34.283332999999999
17080.0;Hoquiam;United States;a2617060, coa26a, gen26a;46.966667000000001;-123.900000000000006
57245.0;Forari Bay;Vanuatu;coa06d, gen06a, h0657245;-17.683333000000001;168.550000000000011
57120.0;Honiara;Solomon Islands;a0657120, coa06e, gen06a, h0657120;-9.416667000000000;159.949999999999989
56970.0;Gizo Harbor;Solomon Islands;coa06e, gen06a, h0656970;-8.100000000000000;156.849999999999994
56820.0;Kokopo;Papua New Guinea;a0556810, coa05g, gen05a;-4.333333000000000;152.266667000000012
56710.0;Longan Island;Papua New Guinea;gen05a;-1.216667000000000;144.300000000000011
56660.0;Malakal Harbor;Palau;a1256660, coa12e, gen12c, h1256660;7.333333000000000;134.449999999999989
56630.0;Colonia;Federated States of Micronesia;a1256630, gen12c, h1256630;9.516667000000000;138.133332999999993
56600.0;Moen;Federated States of Micronesia;a1256600, coa12g, gen12c;7.433333000000000;151.833333000000010
56570.0;Lele Harbor;Federated States of Micronesia;a1256570, gen12c, h1256570;5.333333000000000;163.033332999999999
56328.0;Midway Island;Midway Islands;coa13d, gen13c, h1356328;28.183333000000001;-177.366667000000007
56325.0;Johnston Atoll;Johnson Atoll;coa13e, gen13c, h1356325;16.750000000000000;-169.516667000000012
46530.0;Matadi;Congo (Kinshasa);gen01b, h0146530;-5.816667000000000;13.449999999999999
46520.0;Boma;Congo (Kinshasa);a0146530, gen01b;-5.850000000000000;13.050000000000001
45320.0;Misratah;Libya;coa09a, gen09;32.366667000000000;15.216666999999999
44610.0;Derince Burnu;Turkey;a1044620, coa10c, gen10b, h1044620;40.750000000000000;29.816666999999999
44540.0;Haydarpasa;Turkey;a1043410, coa10c, gen10b, h1043420;41.000000000000000;29.016667000000002
44410.0;Giresun;Turkey;coa10a, gen10b;40.933332999999998;38.399999999999999
50910.0;Flying Fish Cove;Christmas Island;a0450910, coa04m, gen04c;-10.416667000000000;105.700000000000003
44200.0;Novorossiysk;Russia;a1044200, coa10a, gen10b, h1044200;44.716667000000001;37.783332999999999
44080.0;Azov;Russia;coa10a, gen10b;47.100000000000001;39.433332999999998
44010.0;Mariupol;Ukraine;coa10a, gen10b, h1044010;47.083333000000003;37.566667000000002
44000.0;Berdyansk;Ukraine;coa10a, gen10b;46.750000000000000;36.783332999999999
43900.0;Kerch;Ukraine;a1043900, coa10a, gen10b, h1043900;45.350000000000001;36.483333000000002
43850.0;Feodosiya;Ukraine;a1043850, coa10b, gen10b, h1043850;45.016666999999998;35.433332999999998
43680.0;Kherson;Ukraine;coa10b, gen10b;46.616667000000000;32.600000000000001
43650.0;Odesa;Ukraine;a1043650, coa10b, gen10b, h1043650;46.483333000000002;30.733332999999998
43645.0;Illichivsk;Ukraine;a1043650, coa10b, gen10b, h1043645;46.299999999999997;30.649999999999999
43560.0;Constanta;Romania;a1043560, coa10b, gen10b, h1043560;44.166666999999997;28.649999999999999
43550.0;Mangalia;Romania;coa10b, gen10b;43.816667000000002;28.583333000000000
43420.0;Istanbul;Turkey;a1043410, coa10c, gen10b, h1043420;41.016666999999998;28.966667000000001
43600.0;Galati;Romania;gen10b;45.416666999999997;28.083333000000000
43590.0;Braila;Romania;gen10b;45.250000000000000;27.983332999999998
33090.0;Mallaig;United Kingdom;a2033090, coa20i, gen20b;57.000000000000000;-5.816667000000000
32955.0;Lochmaddy;United Kingdom;a1932920, coa19e, gen19a;57.600000000000001;-7.166667000000000
32750.0;Klaksvik;Faroe Islands;a1932690, coa19h, gen19b;62.233333000000002;-6.583333000000000
32600.0;Lerwick;United Kingdom;a2032600, coa20g, gen20b;60.167000000000002;-1.150000000000000
32320.0;Burghead;United Kingdom;a2032350, coa20f, gen20b;57.700000000000003;-3.500000000000000
32290.0;Buckie Harbor;United Kingdom;a2032350, coa20f, gen20b;57.683332999999998;-2.966667000000000
32240.0;Fraserburgh Harbor;United Kingdom;coa20f, gen20b;57.683332999999998;-2.000000000000000
32220.0;Aberdeen;United Kingdom;a2032220, coa20f, gen20b, h2032220;57.149999999999999;-2.083333000000000
32200.0;Montrose;United Kingdom;a2032220, coa20e, gen20b;56.700000000000003;-2.466667000000000
32170.0;Dundee;United Kingdom;coa20e, gen20b, h2032170;56.466667000000001;-2.950000000000000
32010.0;Grangemouth;United Kingdom;gen20b, h2031980;56.016666999999998;-3.716667000000000
31930.0;Leith;United Kingdom;a2031980, gen20b, h2031980;55.983333000000002;-3.183333000000000
31860.0;Berwick-Upon-Tweed;United Kingdom;coa20e, gen20b;55.766666999999998;-2.000000000000000
31820.0;Blyth;United Kingdom;a2031765, coa20e, gen20b;55.116667000000000;-1.500000000000000
31680.0;Bridlington;United Kingdom;coa20e, gen20b;54.083333000000003;-0.183333000000000
31670.0;Goole;United Kingdom;gen20b;53.700000000000003;-0.833333000000000
31660.0;Kingston Upon Hull;United Kingdom;a2031660, gen20b;53.750000000000000;-0.283333000000000
31650.0;Immingham;United Kingdom;a2031660, coa20d, gen20b, h2031650;53.633333000000000;-0.200000000000000
31640.0;Grimsby;United Kingdom;a2031660, coa20d, gen20b, h2031640;53.583333000000003;-0.066666999999900
31610.0;King's Lynn;United Kingdom;gen20b;52.750000000000000;0.400000000000000
31580.0;Great Yarmouth;United Kingdom;a2031530, coa20d, gen20b;52.616667000000000;1.733333000000000
31570.0;Lowestoft;United Kingdom;a2031530, coa20d, gen20b;52.483333000000002;1.750000000000000
31560.0;Felixstowe;United Kingdom;a2031530, coa20d, gen20b, h2031530;51.950000000000003;1.316667000000000
31550.0;Ipswich;United Kingdom;coa20d, gen20b, h2031530;52.049999999999997;1.166667000000000
31530.0;Harwich;United Kingdom;a2031530, coa20d, gen20b, h2031530;51.950000000000003;1.283333000000000
31420.0;Gravesend;United Kingdom;gen20b, h2031430;51.450000000000003;0.366667000000000
31310.0;Oostende;Belgium;a2035730, coa20d, gen20b, h2031310;51.233333000000002;2.916667000000000
31290.0;Bruges;Belgium;coa21a, gen21a;51.233333000000002;3.216667000000000
31270.0;Ghent;Belgium;gen21a, h2131220;51.066667000000002;3.733333000000000
31260.0;Bruxelles;Belgium;gen21a;50.866667000000000;4.350000000000000
31250.0;Antwerpen;Belgium;gen21a, h2131250;51.216667000000001;4.400000000000000
31150.0;Dordrecht;Netherlands;gen21a;51.816667000000002;4.650000000000000
31060.0;Amsterdam;Netherlands;coa21a, gen21a, h2131060;52.366667000000000;4.900000000000000
31040.0;Ijmuiden;Netherlands;a2131060, coa21a, gen21a, h2131060;52.466667000000001;4.583333000000000
31010.0;Harlingen;Netherlands;coa21a, gen21a;53.183332999999998;5.416667000000000
30990.0;Delfzijl;Netherlands;a2130950, coa21b, gen21a;53.333333000000003;6.933333000000000
30950.0;Emden;Germany;a2130950, coa21b, gen21a, h2130950;53.333333000000003;7.183333000000000
30900.0;Bremen;Germany;gen21a, h2130900;53.133333000000000;8.766667000000000
30840.0;Nordenham;Germany;a2130810, coa21b, gen21a;53.483333000000002;8.483333000000000
30810.0;Bremerhaven;Germany;a2130810, coa21b, gen21a, h2130810;53.533332999999999;8.583333000000000
30800.0;Cuxhaven;Germany;a2130800, gen21a, h2130800;53.866667000000000;8.716666999999999
30780.0;Hamburg;Germany;h2130780;53.549999999999997;9.933332999999999
30725.0;Itzehoe;Germany;a2130710, gen21a;53.916666999999997;9.516667000000000
30260.0;Arhus;Denmark;a2130260, coa21c, gen21a, h2130260;56.149999999999999;10.216666999999999
29880.0;Odense;Denmark;coa21d, gen21a, h2129880;55.416666999999997;10.383333000000000
29670.0;Bandholm;Denmark;a2129560, coa21d, gen21a;54.833333000000003;11.500000000000000
29350.0;Helsingor;Denmark;a2229230, coa22q, gen22e, h2224120;56.033332999999999;12.616667000000000
29005.0;Flensburg;Germany;gen21a, h2129005;54.799999999999997;9.433332999999999
27220.0;Lulea;Sweden;a2227220, coa22l, gen22d, h2227220;65.583332999999996;22.166667000000000
25590.0;Gavle;Sweden;a2225550, coa22u, gen22d, h2225550;60.683332999999998;17.166667000000000
25330.0;Nynashamn;Sweden;a2225330, coa22k, gen22e, h2225370;58.899999999999999;17.966667000000001
25290.0;Nykoping;Sweden;coa22k, gen22e;58.750000000000000;17.016667000000002
24570.0;Kalmar;Sweden;a2224570, coa22p, gen22e, h2224570;56.666666999999997;16.366667000000000
24460.0;Karlskrona;Sweden;a2224460, coa22p, gen22e, h2224460;56.166666999999997;15.600000000000000
24220.0;Limhamn;Sweden;a2229230, coa22i, gen22e, h2224210;55.591111110999996;12.918333333000000
24210.0;Malmo;Sweden;a2229230, coa22i, gen22e, h2224210;55.623333332999998;12.984722222000000
24180.0;Landskrona;Sweden;a2229230, coa22q, gen22e;55.859722222000002;12.826666667000000
24040.0;Falkenberg;Sweden;a2230423, coa22q, gen22e;56.881666666999998;12.466111111000000
24020.0;Goteborg;Sweden;a2124020, coa21c, gen21a, h2124020;57.709722222000003;11.954722221999999
23840.0;Fredrikstad;Norway;a2123850, coa21e, gen21a, h2123840;59.179166666999997;10.952777778000000
23830.0;Moss;Norway;a2123810, gen21a, h2123830;59.440555556000000;10.655277778000000
7380.0;Newport;United States;a1707420, coa17c, gen17a, h1707420;41.500000000000000;-71.333332999999996
7340.0;Edgartown;United States;a1707330, coa17c, gen17a, h1707350;41.383333000000000;-70.500000000000000
7320.0;Falmouth;United States;a1707420, coa17c, gen17a, h1707360;41.549999999999997;-70.616667000000007
37190.0;Bordeaux;France;a0837190, gen08b, h0837190;44.866667000000000;-0.566667000000000
35810.0;Dieppe;France;a2035810, coa20c, gen20b, h2035810;49.933332999999998;1.083333000000000
35750.0;Calais;France;a2035710, gen20b, h2035730;50.966667000000001;1.850000000000000
35740.0;Gravelines;France;a2035710, coa20d, gen20b, h2035730;51.000000000000000;2.116667000000000
35732.0;Dunkerque Port Ouest;France;a2035730, coa20d, gen20b, h2035730;51.066667000000002;2.350000000000000
35730.0;Dunkerque Port Est;France;a2035730, coa20d, gen20b, h2035730;51.049999999999997;2.383333000000000
35710.0;Dover Harbor;United Kingdom;a2035710, coa20d, gen20b, h2035710;51.116667000000000;1.333333000000000
35650.0;Newhaven Harbour;United Kingdom;a2035600, coa20c, gen20b;50.783332999999999;0.050000000000100
35610.0;Littlehampton Harbour;United Kingdom;a2035600, coa20c, gen20b;50.783332999999999;-0.533333000000000
35550.0;Cowes Harbour;United Kingdom;a2035600, coa20c, gen20b, h2035580;50.766666999999998;-1.300000000000000
35400.0;Brixham Harbour;United Kingdom;a2035370, coa20b, gen20b, h2035400;50.399999999999999;-3.516667000000000
35390.0;Dartmouth Harbour;United Kingdom;a2035370, coa20b, gen20b, h2035390;50.350000000000001;-3.616667000000000
35340.0;Fowey Harbour;United Kingdom;a2035370, coa20b, gen20b;50.333333000000003;-4.633333000000000
35290.0;Falmouth Harbour;United Kingdom;a2035290, coa20a, gen20b, h2035290;50.149999999999999;-5.066667000000000
35200.0;Hayle;United Kingdom;coa20a, gen20b;50.183332999999998;-5.416667000000000
35150.0;Bideford;United Kingdom;a2035070, coa20j, gen20b;51.033332999999999;-4.200000000000000
35070.0;Bristol;United Kingdom;gen20b, h2035070;51.466667000000001;-2.633333000000000
35060.0;Avonmouth;United Kingdom;a2035070, gen20b, h2035070;51.500000000000000;-2.716667000000000
35010.0;Cardiff;United Kingdom;a2035070, coa20j, gen20b, h2035010;51.450000000000003;-3.166667000000000
34990.0;Barry;United Kingdom;a2035070, coa20j, gen20b, h2035010;51.399999999999999;-3.266667000000000
34880.0;Milford Haven;United Kingdom;a2034880, coa20j, gen20b;51.716667000000001;-5.033333000000000
34700.0;Manchester;United Kingdom;gen20b;53.483333000000002;-2.266667000000000
34690.0;Liverpool;United Kingdom;a2034690, coa20j, gen20b, h2034690;53.416666999999997;-3.000000000000000
34660.0;Fleetwood;United Kingdom;coa20j, gen20b;53.916666999999997;-3.016667000000000
34630.0;Barrow In Furness;United Kingdom;coa20i, gen20b;54.116667000000000;-3.233333000000000
34160.0;Fenit;Ireland;coa19f, gen19a;52.266666999999998;-9.866667000000000
34060.0;Galway;Ireland;coa19f, gen19a;53.266666999999998;-9.050000000000001
33930.0;Killybegs;Ireland;coa19f, gen19a;54.633333000000000;-8.449999999999999
33830.0;Londonderry;United Kingdom;coa19e, gen19a, h1933830;55.000000000000000;-7.316667000000000
33690.0;Ardglass;United Kingdom;coa20i, gen20b;54.266666999999998;-5.616667000000000
33610.0;Douglas;Isle of Man;coa20i, gen20b;54.149999999999999;-4.466667000000000
33560.0;Ayr;United Kingdom;a2033490, coa20i, gen20b;55.466667000000001;-4.633333000000000
33520.0;Millport;United Kingdom;a2033490, coa20i, gen20b, h2033500;55.750000000000000;-4.916667000000000
33490.0;Glasgow;United Kingdom;gen20b, h2033490;55.866667000000000;-4.283333000000000
33340.0;Ardrishaig;United Kingdom;a2033490, coa20i, gen20b;56.016666999999998;-5.450000000000000
33300.0;Campbeltown;United Kingdom;a2033490, coa20i, gen20b;55.433332999999998;-5.600000000000000
6900.0;Bangor;United States;a1806920, coa18a, gen18a;44.799999999999997;-68.766666999999998
6640.0;Jonesport;United States;a1806700, coa18b, gen18a;44.533332999999999;-67.616667000000007
6610.0;Lubec;United States;coa18b, gen18a, h1806565;44.866667000000000;-66.983333000000002
6410.0;Liverpool (Brooklyn);Canada;a1806410, coa18b, gen18b, h1806410;44.033332999999999;-64.650000000000006
6340.0;Halifax;Canada;a1806340, coa18b, gen18b, h1806340;44.649999999999999;-63.583333000000003
5980.0;Little Bras D Or;Canada;a1805860, coa18b, gen18b, h1805980;46.250000000000000;-60.299999999999997
23750.0;Horten;Norway;a2123810, gen21a, h2123750;59.416666999999997;10.500000000000000
23660.0;Brevik;Norway;a2123660, coa21e, gen21a, h2123660;59.066667000000002;9.699999999999999
19820.0;Kodiak;United States;a2519820, coa25d, gen25b, h2519820;57.783332999999999;-152.400000000000006
19800.0;Anchorage;United States;a2519800, coa25d, gen25b, h2519800;61.216667000000001;-149.900000000000006
19795.0;Nikiski;United States;a2519800, coa25d, gen25b, h2519795;60.683332999999998;-151.400000000000006
19781.0;Homer;United States;a2519781, coa25d, gen25b, h2519781;59.600000000000001;-151.416666999999990
19640.0;Cordova;United States;a2519670, coa25d, gen25b, h2519640;60.549999999999997;-145.766667000000012
19160.0;Knudson Cove;United States;a2619300, coa26d, gen26c;55.466667000000001;-131.800000000000011
18923.0;Kemano Bay;Canada;gen26b;53.483333000000002;-128.133332999999993
18835.0;Coal Harbor;Canada;coa26b, gen26b;50.600000000000001;-127.583332999999996
18460.0;Comox Harbor;Canada;a2618150, gen26b, h2618460;49.666666999999997;-124.916667000000004
18110.0;Fraser Mills;Canada;a2618150, gen26b, h2618100;49.224147221999999;-122.855966667000004
18100.0;New Westminster;Canada;a2618150, gen26b, h2618100;49.200000000000003;-122.916667000000004
18055.0;Cherry Point;United States;a2618060, gen26b, h2617940;48.866667000000000;-122.750000000000000
18050.0;Bellingham;United States;a2618060, gen26b, h2618050;48.750000000000000;-122.500000000000000
18040.0;Anacortes;United States;a2618060, gen26b, h2618040;48.516666999999998;-122.616667000000007
17920.0;Friday Harbor;United States;a2618060, gen26b, h2617940;48.533332999999999;-123.016666999999998
17790.0;Everett;United States;a2617160, gen26a, h2617790;48.000000000000000;-122.216667000000001
17780.0;Mukilteo;United States;a2617160, gen26a, h2617790;47.950000000000003;-122.299999999999997
17760.0;Edwards Point;United States;a2617160, gen26a, h2617750;47.799999999999997;-122.400000000000006
28930.0;Kiel;Germany;a2128930, coa21d, gen21a, h2128930;54.316667000000002;10.133333000000000
28880.0;Lubeck-Travemunde;Germany;a2128890, coa21d, gen21a, h2128890;53.966667000000001;10.883333000000000
28720.0;Nowy Port;Poland;a2228710, coa22j, gen22e, h2228710;54.416666999999997;18.666667000000000
28710.0;Gdansk;Poland;a2228710, coa22j, gen22e, h2228710;54.350000000000001;18.666667000000000
28690.0;Kaliningrad;Russia;coa22j, gen22e;54.700000000000003;20.483332999999998
28240.0;Hamina;Finland;a2228230, coa22v, gen22d, h2228240;60.566667000000002;27.199999999999999
27750.0;Mantyluoto;Finland;coa22u, gen22d;61.600000000000001;21.483333333000001
27580.0;Nykarleby;Finland;coa22l, gen22d;63.516666999999998;22.533332999999999
17660.0;Olympia;United States;a2617700, gen26a, h2617660;47.049999999999997;-122.900000000000006
17430.0;Bremerton;United States;a2617700, gen26a, h2617730;47.566667000000002;-122.650000000000006
17100.0;Neah Bay;United States;a2617100, coa26a, gen26b, h2617100;48.366667000000000;-124.616667000000007
17090.0;La Push;United States;coa26a, gen26a, h2617090;47.899999999999999;-124.633332999999993
17060.0;Aberdeen;United States;a2617060, gen26a;46.983333000000002;-123.816666999999995
17000.0;Nahcotta;United States;a2616940, coa26a, gen26a;46.500000000000000;-124.033332999999999
16900.0;Longview;United States;a2616940, gen26a;46.133333000000000;-122.933333000000005
16850.0;Astoria;United States;a2616940, coa26a, gen26a;46.200000000000003;-123.833332999999996
16820.0;Newport;United States;coa13b, gen13a, h1316820;44.633333000000000;-124.049999999999997
16720.0;Bandon;United States;coa13b, gen13a;43.116667000000000;-124.416667000000004
16700.0;Crescent City;United States;coa13b, gen13a, h1316700;41.750000000000000;-124.200000000000003
16670.0;Eureka;United States;coa13b, gen13a, h1316670;40.799999999999997;-124.183333000000005
16660.0;Fields Landing;United States;coa13b, gen13a, h1316670;40.716667000000001;-124.216667000000001
14660.0;Antofagasta;Chile;coa07d, gen07b, h0714660;-23.649999999999999;-70.416667000000004
14570.0;Coquimbo;Chile;a0714570, coa07d, gen07b, h0714570;-29.949999999999999;-71.333332999999996
13780.0;Mar Del Plata;Argentina;a0713780, coa07a, gen07a, h0713780;-38.033332999999999;-57.533332999999999
13770.0;La Plata;Argentina;a0713770, coa07a, gen07a, h0713770;-34.833333000000003;-57.883333000000000
13760.0;Buenos Aires;Argentina;a0713770, gen07a, h0713760;-34.600000000000001;-58.366667000000000
13150.0;Nueva Palmira;Uruguay;a0713150;-33.883333000000000;-58.416666999999997
13040.0;Imbituba;Brazil;coa01f, gen01c;-28.233332999999998;-48.666666999999997
21610.0;Harstad;Norway;a2221610, coa22h, gen22c, h2221610;68.799999999999997;16.550000000000001
5750.0;Charlottetown;Canada;a1805705, coa18c, gen18b, h1805750;46.233333000000002;-63.133333000000000
5740.0;Georgetown;Canada;a1805705, coa18c, gen18b, h1805740;46.183332999999998;-62.533332999999999
5480.0;Grand Marais;United States;gen28a;47.750000000000000;-90.333332999999996
5460.0;Duluth;United States;gen28a;46.766666999999998;-92.099999999999994
5410.0;Bayfield;United States;gen28a;46.799999999999997;-90.816666999999995
5390.0;Ashland;United States;gen28a;46.600000000000001;-90.866667000000007
5280.0;Marquette;United States;gen28a;46.533332999999999;-87.383332999999993
5260.0;Grand Marais;United States;gen28a;46.683332999999998;-85.966667000000001
5160.0;Michipicoten;Canada;gen28a;47.966667000000001;-84.900000000000006
4960.0;Kaukauna;United States;gen28a;44.283332999999999;-88.266666999999998
4950.0;Depere;United States;gen28a;44.450000000000003;-88.066666999999995
4890.0;Manitowoc;United States;gen28a;44.092222221999997;-87.648333332999997
4860.0;Milwaukee;United States;gen28a;43.033332999999999;-87.883332999999993
4840.0;Kenosha;United States;gen28a;42.583333000000003;-87.816666999999995
4800.0;Chicago;United States;coa17a;41.883333000000000;-87.599999999999994
4790.0;Calumet Harbor;United States;coa17a;41.733333000000002;-87.516666999999998
4780.0;Indiana Harbor;United States;coa17a;41.666666999999997;-87.433333000000005
4760.0;Gary;United States;coa17a;41.616667000000000;-87.333332999999996
4750.0;Michigan City;United States;coa17a;41.733333000000002;-86.900000000000006
4710.0;Holland;United States;gen28a;42.783332999999999;-86.133332999999993
4700.0;Grand Haven;United States;gen28a;43.066667000000002;-86.233333000000002
4690.0;Muskegon;United States;gen28a;43.233333000000002;-86.266666999999998
4670.0;Ludington;United States;gen28a;43.950000000000003;-86.450000000000003
4650.0;Manistee;United States;gen28a;44.250000000000000;-86.316666999999995
4510.0;Cheboygan;United States;gen28a;45.649999999999999;-84.466667000000001
20940.0;Bredvik;Norway;a2220950, coa22g, gen22c;70.583332999999996;22.133333000000000
20650.0;Kirkenes;Norway;coa22f, gen22c;69.729722222000007;30.068888889000000
20480.0;Barrow;United States;a2720480, gen27b;71.283332999999999;-156.783332999999999
20430.0;Deering;United States;gen27b;66.083332999999996;-162.733332999999988
20400.0;Nome;United States;coa27b, gen27b, h2720400;64.500000000000000;-165.416666999999990
20290.0;Clarks Point;United States;coa25c, gen25b;58.850000000000001;-158.550000000000011
20150.0;Constantine Harbor;United States;a2520160, coa25a, gen25a, h2520150;51.399999999999999;179.300000000000011
20140.0;Adak Naval Air Station;United States;coa25b, gen25b, h2520140;51.866667000000000;-176.633332999999993
20120.0;Dutch Harbor;United States;coa25b, gen25b, h2520120;53.899999999999999;-166.533332999999999
20080.0;King Cove;United States;a2520090, coa25b, gen25b;55.049999999999997;-162.316666999999995
20050.0;Baralof Bay;United States;coa25b, gen25b;55.233333000000002;-160.533332999999999
19910.0;Larsen Bay;United States;coa25d, gen25b;57.533332999999999;-153.983332999999988
19880.0;Lazy Bay;United States;coa25d, gen25b;56.899999999999999;-154.250000000000000
12935.0;Guaiba Island Terminal;Brazil;a0112935, coa01f, gen01c;-23.016667000000002;-44.033332999999999
12690.0;Natal;Brazil;a0112690, coa01d, gen01b, h0112690;-5.783333000000000;-35.200000000000003
12500.0;Cameta;Brazil;gen01b;-2.250000000000000;-49.500000000000000
12490.0;Belem;Brazil;a0112490, coa01d, gen01b, h0112490;-1.450000000000000;-48.500000000000000
23550.0;Kristiansand;Norway;a2123550, coa21f, gen21a, h2123550;58.138888889000000;8.012777778000000
23530.0;Mandal;Norway;coa21f, gen21a;58.016666999999998;7.466667000000000
23490.0;Egersund;Norway;a2123490, coa21f, gen21a, h2123490;58.438611111000000;5.986388889000000
23440.0;Haugesund;Norway;a2123440, coa21f, gen21a, h2123440;59.412222221999997;5.253611111000000
23355.0;Husnes;Norway;coa21f, gen21a;59.877499999999998;5.762222222000000
23160.0;Bergen;Norway;a2123160, coa21f, gen21a, h2123160;60.402777778000001;5.298611111000000
23130.0;Floro;Norway;a2123130, coa21f, gen21a, h2123130;61.603888888999997;5.030833333000000
23110.0;Molde;Norway;a2123110, coa21g, gen21a;62.733333000000002;7.166667000000000
23075.0;Muruvik;Norway;a2123080, coa21g, gen21b;63.441388889000002;10.841388888999999
23058.0;Djupviken;Norway;a2123080, coa21g, gen21b;63.787777777999999;11.427222221999999
23053.0;Malm;Norway;a2123080, coa21g, gen21b;64.067222221999998;11.227499999999999
23020.0;Berg;Norway;a2222990, coa22h;65.365277778000006;12.196666667000001
22990.0;Bronnoysund;Norway;a2222990, coa22h, h2222990;65.468055555999996;12.196111111000000
22920.0;Mosjoen;Norway;a2222910, coa22h;65.858888888999999;13.170833332999999
22760.0;Mo I Rana;Norway;a2222790, coa22h, h2222760;66.324444443999994;14.122222222000000
22295.0;Lakselv;Norway;coa22h, gen22c;67.357777777999999;15.592222222000000
22290.0;Bodo;Norway;a2222290, coa22h, gen22c, h2222290;67.285555556000006;14.364166666999999
22030.0;Narvik;Norway;a2222030, coa22h, gen22c, h2222030;68.421111111000002;17.402222221999999
8595.0;Canaveral Harbor;United States;a1508595, coa15b, gen15;28.699999999999999;-80.616667000000007
8520.0;Beaufort;United States;a1508530, coa15b, gen15, h1508510;32.433332999999998;-80.666667000000004
8500.0;Charleston;United States;a1508500, coa15b, gen15, h1508500;32.783332999999999;-79.916667000000004
8490.0;Georgetown;United States;a1708490, coa17a, gen17a, h1708490;33.366667000000000;-79.283332999999999
8410.0;New Bern;United States;a1708390, coa17a, gen17a, h1708430;35.100000000000001;-77.049999999999997
8400.0;Bayboro;United States;a1708390, coa17a, gen17a, h1708430;35.149999999999999;-76.766666999999998
8380.0;Belhaven;United States;a1708390, gen17a;35.616667000000000;-76.616667000000007
8370.0;Columbia;United States;a1708375, gen17a;35.916666999999997;-76.250000000000000
8340.0;Edenton;United States;a1708375, gen17a;36.049999999999997;-76.616667000000007
4470.0;Alpena;United States;gen28a;45.066667000000002;-83.416667000000004
4450.0;Au Sable;United States;gen28a;44.399999999999999;-83.316666999999995
4420.0;Alabaster;United States;gen28a;44.183332999999998;-83.549999999999997
4400.0;Bay City;United States;h1802740;43.600000000000001;-83.866667000000007
4330.0;Marine City;United States;h1802740;42.716667000000001;-82.500000000000000
4320.0;Algonac;United States;coa17d;42.616667000000000;-82.516666999999998
4250.0;Desbarats;Canada;gen28a;46.333333000000003;-83.916667000000004
4240.0;Hilton;Canada;gen28a;46.250000000000000;-83.883332999999993
4230.0;Bruce Mines;Canada;gen28a;46.283332999999999;-83.783332999999999
4200.0;Blind River;Canada;gen28a;46.183332999999998;-82.950000000000003
4180.0;Meldrum Bay;Canada;gen28a;45.933332999999998;-83.116667000000007
4170.0;Gore Bay;Canada;coa28o, gen28a;45.916666999999997;-82.466667000000001
4160.0;Kagawong;Canada;coa28o, gen28a;45.916666999999997;-82.250000000000000
4140.0;Little Current;Canada;coa28o, gen28a;45.983333000000002;-81.933333000000005
4080.0;Killarney;Canada;coa28o, gen28a;45.966667000000001;-81.516666999999998
4060.0;Key Harbour;Canada;h1802740;45.883333000000000;-80.750000000000000
4050.0;Byng Inlet;Canada;h1802740;45.766666999999998;-80.566666999999995
3940.0;Midland;Canada;h1802740;44.750000000000000;-79.916667000000004
3900.0;Collingwood;Canada;h1802740;44.500000000000000;-80.233333000000002
3880.0;Meaford;Canada;h1802740;44.616667000000000;-80.599999999999994
3730.0;Goderich;Canada;h1802740;43.750000000000000;-81.733333000000002
3670.0;Courtright;Canada;h1802740;42.816667000000002;-82.466667000000001
3620.0;Detroit;United States;coa17d;42.333333000000003;-83.033332999999999
3520.0;Huron;United States;coa17d;41.399999999999999;-82.549999999999997
3500.0;Lorain;United States;coa17d;41.466667000000001;-82.183333000000005
3470.0;Ashtabula;United States;coa17d;41.899999999999999;-80.799999999999997
3460.0;Conneaut;United States;coa17d;41.966667000000001;-80.549999999999997
3450.0;Erie;United States;coa17d;42.149999999999999;-80.099999999999994
3440.0;Dunkirk;United States;h1802740;42.483333000000002;-79.333332999999996
3430.0;Buffalo;United States;h1802740;42.883333000000000;-78.883332999999993
3130.0;Chaumont;United States;h1802740;44.066667000000002;-76.133332999999993
3050.0;Hamilton;Canada;h1802740;43.250000000000000;-79.849999999999994
3030.0;Bronte;Canada;h1802740;43.399999999999999;-79.716667000000001
2930.0;Belleville;Canada;h1802740;44.149999999999999;-77.400000000000006
2130.0;Chicoutimi (Port Saguenay);Canada;gen18b;48.433332999999998;-71.066666999999995
2015.0;Baie Comeau;Canada;coa18c, gen18b, h1802015;49.233333000000002;-68.133332999999993
1990.0;Matane;Canada;coa18c, gen18b, h1801990;48.850000000000001;-67.533332999999999
1830.0;Corner Brook;Canada;coa18d, gen18b, h1801830;48.950000000000003;-57.950000000000003
640.0;Nuuk;Greenland;a2800640, coa28p, gen28b, h2800640;64.183333000000005;-51.750000000000000
20000.0;Kanatak;United States;coa25d, gen25b;57.566667000000002;-156.033332999999999
5270.0;Munising;United States;gen28a;46.416666999999997;-86.650000000000006
5320.0;Baraga;United States;gen28a;46.783332999999999;-88.483333000000002
5520.0;Douglastown;Canada;a1805510, coa18c, gen18b;48.766666999999998;-64.383332999999993
21490.0;Finnsnes;Norway;a2221380, coa22g, gen22c;69.233333000000002;17.966667000000001
21660.0;Andenes;Norway;a2221610, coa22g, gen22c;69.328333333000003;16.127777777999999
13740.0;Concepcion Del Uruguay;Argentina;a0713150;-32.483333000000002;-58.233333000000002
14670.0;Mejillones;Chile;coa07d, gen07b, h0714670;-23.100000000000001;-70.466667000000001
18780.0;Clayoquot;Canada;a2618780, coa26b, gen26b;49.149999999999999;-125.916667000000004
17050.0;Bay City;United States;a2617060, coa26a, gen26a;46.866667000000000;-124.066666999999995
28615.0;Lielupe;Latvia;a2228610, coa22r, gen22e;57.000000000000000;23.433333000000001
28900.0;Neustadt;Germany;a2128890, coa21d, gen21a, h2128900;54.100000000000001;10.816667000000001
18140.0;Mission City;Canada;gen26b;49.146388889000001;-122.258611110999993
18630.0;Lyall Harbor;Canada;a2618060, gen26b, h2618650;48.799999999999997;-123.200000000000003
18860.0;Alert Bay;Canada;a2618875, gen26b, h2618860;50.583333000000003;-126.933333000000005
18890.0;Bella Coola;Canada;a2618890, gen26b;52.366667000000000;-126.799999999999997
18925.0;Kitimat;Canada;gen26c, h2618925;54.000000000000000;-128.683333000000005
19630.0;Katalla;United States;a2519630, gen25b;60.200000000000003;-144.533332999999999
6630.0;Machias;United States;a1806700, coa18b, gen18a;44.716667000000001;-67.466667000000001
33310.0;Lamlash Harbor;United Kingdom;a2033490, coa20i, gen20b;55.533332999999999;-5.116667000000000
33450.0;Bowling;United Kingdom;gen20b, h2033490;55.933332999999998;-4.483333000000000
33530.0;Ardrossan;United Kingdom;a2033490, coa20i, gen20b;55.649999999999999;-4.816667000000000
34260.0;Bantry;Ireland;a1934260, coa19f, gen19a;51.683332999999998;-9.449999999999999
34648.0;Garlston;United Kingdom;gen20b, h2034690;53.350000000000001;-2.900000000000000
34780.0;Caernarvon;United Kingdom;coa20j, gen20b;53.149999999999999;-4.266667000000000
35760.0;Boulogne-Sur-Mer;France;a2035710, coa20c, gen20b, h2035760;50.733333000000002;1.600000000000000
37170.0;Ambes;France;a0837190, gen08b, h0837190;45.016666999999998;-0.533333000000000
3100.0;Niagara;Canada;h1802740;43.250000000000000;-79.066666999999995
7330.0;Nantucket;United States;a1707330, coa17c, gen17a, h1707330;41.283332999999999;-70.099999999999994
23850.0;Halden;Norway;coa21e, gen21a;59.116667000000000;11.383333000000000
23950.0;Brofjorden;Sweden;a2123930, coa21e, gen21a;58.360277777999997;11.421111111000000
29180.0;Fakse Ladeplads Havn;Denmark;a2229580, coa22i, gen22e;55.216667000000001;12.166667000000000
29790.0;Marstal;Denmark;a2130170, coa21d, gen21a;54.916666999999997;10.333333000000000
29800.0;Aeroskobing;Denmark;a2130170, coa21d, gen21a;54.883333000000000;10.416667000000000
30095.0;Augustenborg;Denmark;a2130170, coa21d, gen21a;54.950000000000003;9.866667000000000
30100.0;Abenra;Denmark;a2130170, coa21d, gen21a;55.049999999999997;9.433332999999999
30455.0;Hanstholm;Denmark;coa21b, gen21a;57.133333000000000;8.600000000000000
30870.0;Oldenburg;Germany;gen21a;53.116667000000000;8.216666999999999
31080.0;Hoek Van Holland;Netherlands;a2131140, coa21a, gen21a, h2131085;51.950000000000003;4.133333000000000
31668.0;New Holland;United Kingdom;a2031660, gen20b;53.700000000000003;-0.366667000000000
31972.0;Hound Point Terminal;United Kingdom;gen20b, h2031980;56.000000000000000;-3.366667000000000
32990.0;Lochboisdale;United Kingdom;a1932920, coa19e, gen19a;57.149999999999999;-7.300000000000000
43670.0;Mykolayiv;Ukraine;a1043670, gen10b;46.950000000000003;31.983332999999998
43950.0;Kyrylivka;Ukraine;coa10a, gen10b;46.350000000000001;35.366667000000000
48470.0;Bushehr;Iran;a1048465, coa10n, gen10a, h1048470;28.983332999999998;50.833333000000003
48533.0;Bandar Taheri Offshore Terminal;Iran;a1048475, coa10m, gen10a, h1048477;27.649999999999999;52.350000000000001
48550.0;Chah Bahar;Iran;a1048550, coa10p, gen10a;25.266667000000002;60.616667000000000
50340.0;Ardjuna Oil Field;Indonesia;coa04a, gen04c;-5.883333000000000;107.716667000000001
44350.0;Batumi;Georgia;a1044350, coa10a, gen10b, h1044350;41.649999999999999;41.649999999999999
44620.0;Izmit;Turkey;a1044620, coa10c, gen10b, h1044620;40.766666999999998;29.916667000000000
45323.0;Khoms;Libya;coa09a, gen09;32.666666999999997;14.250000000000000
56300.0;Nawiliwili Bay;United States;a1356300, coa13c, gen13c, h1356300;21.949999999999999;-159.349999999999994
56730.0;Lorengau;Papua New Guinea;a0556730, coa05g, gen05a;-2.016667000000000;147.266667000000012
56855.0;Kieta;Papua New Guinea;a0556855, coa05g, gen05a, h0556855;-6.216667000000000;155.633332999999993
57200.0;Luganville;Vanuatu;a0657200, coa06d, gen06a, h0657200;-15.516667000000000;167.166666999999990
52523.0;Labuha;Indonesia;coa04e, gen04c;-0.633333000000000;127.466667000000001
53520.0;Ballina;Australia;coa05c, gen05b;-28.866667000000000;153.566666999999995
56130.0;Napoopoo;United States;a1356160, coa13c, gen13c;19.483332999999998;-155.933333000000005
56170.0;Mahukona;United States;a1356160, coa13c, gen13c;20.183333000000001;-155.900000000000006
56270.0;Barbers Point Terminal;United States;a1356285, coa13c, gen13c, h1356275;21.266667000000002;-158.099999999999994
310.0;Akureyri;Iceland;a1900310, coa19d, gen19b, h1900310;65.683333000000005;-18.083333000000000
320.0;Husavik;Iceland;coa19d, gen19b;66.033332999999999;-17.333333000000000
430.0;Eskifjordhur;Iceland;a1900400, coa19j, gen19b, h1900430;65.066666999999995;-14.016667000000000
450.0;Budir;Iceland;a1900400, coa19j, gen19b;64.933333000000005;-14.016667000000000
480.0;Hornafjordur;Iceland;coa19j, gen19b;64.250000000000000;-15.233333000000000
560.0;Nanortalik Havn;Greenland;coa19a, gen19b;60.116667000000000;-45.200000000000003
590.0;Narsarssuaq;Greenland;coa19a, gen19b;61.149999999999999;-45.433332999999998
670.0;Maniitsoq;Greenland;coa28p, gen28b;65.416667000000004;-52.916666999999997
2310.0;Oka Sur Le Lac;Canada;a1802550;45.466667000000001;-74.083332999999996
2420.0;Montebello;Canada;h1802742;45.649999999999999;-74.933333000000005
2510.0;Gatineau;Canada;h1802741;45.483333000000002;-75.650000000000006
2530.0;Hull;Canada;h1802741;45.433332999999998;-75.700000000000003
2960.0;Cobourg;Canada;h1802740;43.950000000000003;-78.166667000000004
3015.0;Clarkson;Canada;h1802740;43.500000000000000;-79.599999999999994
3790.0;Lions Head;Canada;h1802740;44.983333000000002;-81.250000000000000
4150.0;Honora;Canada;coa28o, gen28a;45.866667000000000;-82.166667000000004
4210.0;Cockburn;Canada;gen28a;45.950000000000003;-83.316666999999995
280.0;Dalvik;Iceland;a1900310, coa19d, gen19b;65.983333000000002;-18.516667000000002
420.0;Neskaupstadur;Iceland;a1900400, coa19j, gen19b, h1900420;65.150000000000006;-13.683332999999999
1600.0;Catalina Harbor;Canada;a1801595, coa18d, gen18b, h1801600;48.516111111000001;-53.070555556000002
1715.0;Come By Chance Harbor;Canada;a1801715, coa18d, gen18b, h1801715;47.799999999999997;-54.016666999999998
1890.0;Havre St Pierre;Canada;a1801900, coa18c, gen18b, h1801895;50.233333000000002;-63.600000000000001
2380.0;Grenville;Canada;h1802742;45.633333000000000;-74.599999999999994
2320.0;Hudson;Canada;a1802550;45.466667000000001;-74.133332999999993
4490.0;Calcite;United States;gen28a;45.416666999999997;-83.783332999999999
21880.0;Henningsvaer;Norway;coa22h, gen22c;68.153611111000004;14.212777778000000
23080.0;Hommelvik;Norway;a2123080, coa21g, gen21b;63.416666999999997;10.800000000000001
23180.0;Brattholmen;Norway;a2123160, coa21f, gen21a;60.348611110999997;5.177500000000000
23240.0;Odda;Norway;gen21a;60.096944444000002;6.541111111000000
23300.0;Meling;Norway;a2123330, coa21f, gen21a;59.783332999999999;5.116667000000000
23465.0;Akrahamn;Norway;a2123440, coa21f, gen21a;59.266666999999998;5.183333000000000
21920.0;Brettesnes;Norway;a2221900, coa22h, gen22c;68.233333000000002;14.850000000000000
22120.0;Drag;Norway;coa22h, gen22c;68.049999999999997;16.083333000000000
22320.0;Fauske;Norway;coa22h, gen22c;67.250000000000000;15.398888889000000
22790.0;Hemnesberget;Norway;a2222790, coa22h;66.233333000000002;13.616667000000000
23050.0;Namsos;Norway;a2123050, coa21g, gen21b;64.458333332999999;11.509444444000000
23100.0;Kristiansund;Norway;a2123100, coa21g, gen21b, h2123100;63.113888889000002;7.738611111000000
23107.0;Bud;Norway;a2123110, coa21g, gen21b;62.899999999999999;6.916667000000000
23108.0;Haroysund;Norway;a2123110, coa21g, gen21b;62.891111111000001;6.958055556000000
23111.0;Andalsnes;Norway;coa21g, gen21a;62.568055555999997;7.677222222000000
23112.0;Hareid;Norway;a2123116, coa21g, gen21a;62.372222221999998;6.035555556000000
23115.0;Moldtustranda;Norway;a2123116, coa21g, gen21a;62.299999999999997;5.650000000000000
23120.0;Alesund;Norway;a2123116, coa21g, gen21a, h2123120;62.466667000000001;6.166667000000000
23125.0;Maloy;Norway;a2123116, coa21g, gen21a;61.933332999999998;5.116667000000000
23136.0;Ardalstangen;Norway;gen21a;61.232777777999999;7.698611111000000
23138.0;Mongstad;Norway;coa21f, gen21a, h2123138;60.830833333000001;5.036666667000000
23451.0;Karsto;Norway;a2123440, coa21f, gen21a, h2123451;59.266666999999998;5.516667000000000
23455.0;Espevaer;Norway;a2123440, coa21f, gen21a, h2123455;59.583333000000003;5.150000000000000
23505.0;Kirkehamn;Norway;a2123500, coa21f, gen21a;58.231388889000002;6.527222222000000
23510.0;Flekkefjorden;Norway;a2123500, coa21f, gen21a;58.264166666999998;6.655277778000000
12455.0;Degrad Des Cannes;French Guiana;a1412460, coa14m, gen14a, h1412460;4.850000000000000;-52.266666999999998
19970.0;Bear Island;United States;coa25d, gen25b;58.450000000000003;-152.683333000000005
20010.0;Chignik;United States;coa25c, gen25b;56.299999999999997;-158.400000000000006
20020.0;Ivanof Bay;United States;coa25b, gen25b;55.799999999999997;-159.466667000000001
20085.0;Cold Bay;United States;a2520090, coa25b, gen25b;55.200000000000003;-162.699999999999989
20097.0;Akutan Harbor;United States;a2520120, coa25b, gen25b;54.133333000000000;-165.800000000000011
20100.0;Cannery Bay;United States;coa25b, gen25b;53.700000000000003;-166.750000000000000
20110.0;Makushin;United States;coa25b, gen25b;53.766666999999998;-166.983332999999988
20160.0;Kiska;United States;a2520160, coa25a, gen25a, h2520160;51.966667000000001;177.550000000000011
20250.0;Naknek;United States;coa25c, gen25b;58.716667000000001;-157.016667000000012
20270.0;Koggiung;United States;coa25c, gen25b;58.966667000000001;-156.916666999999990
20280.0;Ekuk;United States;coa25c, gen25b;58.816667000000002;-158.566666999999995
20300.0;Dillingham;United States;coa25c, gen25b;59.033332999999999;-158.483332999999988
20340.0;Kotlik;United States;coa27b, gen27b;63.033332999999999;-163.550000000000011
20350.0;Hamilton;United States;coa25f, gen25b;62.899999999999999;-163.916666999999990
20450.0;Kotzebue;United States;gen27b;66.916667000000004;-162.583333000000010
20486.0;Bernard Harbor;United States;a2720486, gen27b, h2720486;70.133332999999993;-143.633332999999993
20560.0;Barentsburg;Svalbard;coa22a, gen22b;78.059444443999993;14.202222222000000
20710.0;Berlevag;Norway;coa22f, gen22c;70.861666666999994;29.111944443999999
20740.0;Kjollefjorden;Norway;coa22f, gen22c;70.950000000000003;27.333333000000000
21120.0;Oksfjord;Norway;a2220950, coa22g, gen22c;70.233333000000002;22.350000000000001
21380.0;Gibostad;Norway;a2221380, coa22g, gen22c;69.356111111000004;18.081944444000001
4820.0;Great Lakes;United States;gen28a;42.299999999999997;-87.833332999999996
5130.0;Goulais Bay;Canada;gen28a;46.733333000000002;-84.500000000000000
5150.0;Gargantua;Canada;gen28a;47.566667000000002;-84.966667000000001
29720.0;Nysted;Denmark;a2129720, coa21d, gen21a;54.666666999999997;11.733333000000000
29860.0;Nyborg;Denmark;a2129860, coa21d, gen21a;55.316667000000002;10.800000000000001
29910.0;Middelfart;Denmark;a2130170, coa21d, gen21a, h2130170;55.500000000000000;9.733333000000000
29930.0;Assens;Denmark;a2130170, coa21d, gen21a;55.266666999999998;9.883333000000000
30105.0;Ensted;Denmark;a2130170, coa21d, gen21a;55.016666999999998;9.433332999999999
30160.0;Kolding;Denmark;a2130170, coa21d, gen21a, h2130170;55.483333000000002;9.500000000000000
30340.0;Hadsund;Denmark;coa21c, gen21a;56.716667000000001;10.116667000000000
30350.0;Mariager;Denmark;coa21c, gen21a;56.649999999999999;9.983333000000000
30360.0;Hobro;Denmark;gen21a;56.633333000000000;9.800000000000001
30380.0;Hals;Denmark;a2130290, coa21c, gen21a, h2130400;56.983333000000002;10.316667000000001
32330.0;Inverness;United Kingdom;gen20b;57.483333000000002;-4.233333000000000
30430.0;Frederikshavn;Denmark;a2130430, coa21c, gen21a, h2130430;57.433332999999998;10.550000000000001
30480.0;Lemvig;Denmark;coa21b, gen21a;56.583333000000003;8.283333000000001
30500.0;Holstebro-Stuer;Denmark;coa21b, gen21a;56.500000000000000;8.583333000000000
42760.0;Mitilini;Greece;a0942760, coa09d, gen09;39.100000000000001;26.566666999999999
30710.0;Brunsbuttel Elbahafen;Germany;a2130710, gen21a, h2130730;53.883333000000000;9.166667000000000
30720.0;Brunsbuttel Canal Terminals;Germany;a2130710, gen21a, h2130730;53.899999999999999;9.150000000000000
30740.0;Neuhaus;Germany;a2130710, gen21a;53.799999999999997;9.033333000000001
30760.0;Gluckstadt;Germany;a2130710;53.783332999999999;9.416667000000000
30785.0;Butzfleth;Germany;a2130766, h2130766;53.649999999999999;9.516667000000000
30985.0;Eemshaven;Netherlands;a2130950, coa21b, gen21a, h2130985;53.450000000000003;6.833333000000000
31085.0;Europoort;Netherlands;a2131140, coa21a, gen21a, h2131085;51.950000000000003;4.116667000000000
31100.0;Maassluis;Netherlands;a2131140, coa21a, gen21a, h2131085;51.916666999999997;4.250000000000000
31375.0;Isle Of Grain;United Kingdom;gen20b, h2031390;51.433332999999998;0.700000000000000
31470.0;London;United Kingdom;gen20b, h2031470;51.500000000000000;-0.083332999999900
31630.0;Boston;United Kingdom;coa20d, gen20b;52.966667000000001;-0.016666999999900
31940.0;Granton;United Kingdom;a2031980, gen20b, h2031980;55.983333000000002;-3.216667000000000
31945.0;Braefoot Bay Terminal;United Kingdom;gen20b, h2031980;56.033332999999999;-3.316667000000000
32030.0;Burntisland;United Kingdom;a2031980, gen20b, h2031980;56.049999999999997;-3.233333000000000
32070.0;Methil;United Kingdom;a2031980, coa20e, gen20b;56.183332999999998;-3.000000000000000
32250.0;Macduff;United Kingdom;coa20f, gen20b;57.666666999999997;-2.500000000000000
32300.0;Lossiemouth;United Kingdom;a2032350, coa20f, gen20b;57.716667000000001;-3.283333000000000
32340.0;Cromarty;United Kingdom;a2032350, coa20f, gen20b, h2032350;57.683332999999998;-4.033333000000000
32350.0;Invergordon;United Kingdom;coa20f, gen20b, h2032350;57.683332999999998;-4.166667000000000
32370.0;Helmsdale Harbor;United Kingdom;coa20f, gen20b;58.116667000000000;-3.650000000000000
32700.0;Kongshavn;Faroe Islands;a1932690, coa19h, gen19b, h1932702;62.116667000000000;-6.733333000000000
32740.0;Fuglafjordur;Faroe Islands;a1932690, coa19h, gen19b;62.250000000000000;-6.800000000000000
32980.0;Castle Bay;United Kingdom;a1932920, coa19e, gen19a;56.950000000000003;-7.483333000000000
59380.0;Hinatuan;Philippines;a1159385, coa11h, gen11b;8.366667000000000;126.333332999999996
40830.0;Muggia;Italy;a0940820, coa09c, gen09, h0940820;45.600000000000001;13.766667000000000
43388.0;Ambarli;Turkey;a1043410, coa10c, gen10b;40.966667000000001;28.699999999999999
43435.0;Istinye;Turkey;coa10b, gen10b, h1043420;41.116667000000000;29.050000000000001
43566.0;Cernavoda;Romania;coa10b, gen10b;44.333333000000003;28.050000000000001
43677.0;Dnipro-Buzkyy;Ukraine;a1043670, coa10b, gen10b;46.733333000000002;31.883333000000000
43720.0;Khorly;Ukraine;coa10b, gen10b;46.083333000000003;33.283332999999999
43940.0;Henichesk;Ukraine;coa10a, gen10b;46.166666999999997;34.816667000000002
56835.0;Kimbe;Papua New Guinea;coa05g, gen05a;-5.133333000000000;150.533332999999999
44162.0;Kavkaz Oil Terminal;Russia;a1043900, coa10a, gen10b, h1043900;45.333333000000003;36.649999999999999
44180.0;Anapa;Russia;a1043900, coa10a, gen10b;44.883333000000000;37.316667000000002
48464.0;Barkan Oil-loading Terminal;Iran;a1048463, coa10n, gen10a;29.733332999999998;50.166666999999997
48635.0;Navlakhi;India;gen03a, h0348630;22.956388888999999;70.447583332999997
49580.0;Mongla;Bangladesh;a0349580, coa03m, gen03a;22.466667000000001;89.599999999999994
50740.0;Kuala Kapus;Indonesia;gen11b;3.000000000000000;114.366667000000007
50785.0;Dumai;Indonesia;a0350785, gen03c, h0350785;1.683333000000000;101.450000000000003
51010.0;Cirebon;Indonesia;a0451010, coa04d, gen04c;-6.716667000000000;108.566666999999995
51220.0;Cilacap;Indonesia;coa04d, gen04c, h0451220;-7.733333000000000;109.000000000000000
51290.0;Labuhanhaji;Indonesia;coa04d, gen04c, h0451290;-8.699999999999999;116.566666999999995
51320.0;Maumere;Indonesia;coa04g, gen04c;-8.616667000000000;122.216667000000001
56840.0;Bialla;Papua New Guinea;coa05g, gen05a;-5.300000000000000;150.983332999999988
57325.0;Baie Ugue;New Caledonia;coa06d, gen06a;-21.149999999999999;165.550000000000011
57642.0;Dai Hang;Vietnam;coa11a, gen11b;8.483333000000000;108.683333000000005
47974.0;Hamrawein;Egypt;coa10f, gen10c;26.250000000000000;34.200000000000003
51850.0;Gunung Batu Besar;Indonesia;coa04c, gen04c;-2.616667000000000;116.299999999999997
52040.0;Manado;Indonesia;coa11j, gen11b;1.500000000000000;124.833332999999996
52090.0;Gorontalo;Indonesia;coa11j, gen11b;0.500000000000000;123.049999999999997
52760.0;Namlea;Indonesia;coa04e, gen04c;-3.283333000000000;127.083332999999996
53000.0;Miei;Indonesia;coa05h, gen05a;-2.733333000000000;134.500000000000000
5180.0;Heron Bay;Canada;gen28a;48.649999999999999;-86.316666999999995
5370.0;Houghton;United States;gen28a;47.116667000000000;-88.566666999999995
5380.0;Ontonagon;United States;gen28a;46.883333000000000;-89.333332999999996
5430.0;Cornucopia;United States;gen28a;46.866667000000000;-91.099999999999994
12950.0;Gebig;Brazil;a0112935, coa01f, gen01c, h0112940;-23.050000000000001;-44.216667000000001
13100.0;La Paloma;Uruguay;coa07a, gen07a;-34.649999999999999;-54.149999999999999
13140.0;Colonia;Uruguay;a0713770, coa07a, gen07a;-34.466667000000001;-57.850000000000001
13160.0;Fray Bentos;Uruguay;a0713150;-33.116667000000000;-58.316667000000002
16808.0;Cushman;United States;coa13b, gen13a, h1316803;43.983333000000002;-124.066666999999995
16835.0;Depoe Bay;United States;coa13b, gen13a, h1316820;44.799999999999997;-124.066666999999995
16838.0;Ilwaco;United States;a2616940, coa26a, gen26a;46.299999999999997;-124.049999999999997
16920.0;Kalama;United States;a2616940, gen26a;46.016666999999998;-122.849999999999994
17190.0;Hoodsport;United States;a2617700, gen26a, h2617230;47.416666999999997;-123.133332999999993
17260.0;Keyport;United States;a2617160, gen26a, h2617750;47.700000000000003;-122.616667000000007
17350.0;Fort Ward;United States;a2617160, gen26a, h2617730;47.583333000000003;-122.516666999999998
17670.0;Nisqually Head;United States;a2617700, gen26a;47.116667000000000;-122.750000000000000
27560.0;Kokkola;Finland;a2227560, coa22l, gen22d;63.850000000000001;23.016667000000002
27610.0;Hellnas;Finland;coa22l, gen22d;63.283332999999999;22.233332999999998
27670.0;Kaskinen;Finland;coa22u, gen22d;62.383333000000000;21.233332999999998
28170.0;Ekenas;Finland;coa22v, gen22d;59.983333000000002;23.433333000000001
28180.0;Jussaro;Finland;coa22v, gen22d;59.833333000000003;23.566666999999999
28187.0;Inkoo;Finland;coa22v, gen22d;60.016666999999998;23.916667000000000
28310.0;Gavan Vysotsk;Russia;coa22v, gen22d, h2228300;60.616667000000000;28.566666999999999
33190.0;Corpach;United Kingdom;coa20i, gen20b, h2033190;56.850000000000001;-5.116667000000000
28654.0;Butinge Oil Terminal;Lithuania;a2228640, coa22n, gen22e;56.033332999999999;20.949999999999999
28680.0;Baltiysk;Russia;a2228680, coa22j, gen22e, h2228680;54.633333000000000;19.899999999999999
28920.0;Heiligenhafen;Germany;a2129710, coa21d, gen21a;54.366667000000000;10.983333000000000
28950.0;Eckernforde;Germany;a2128930, coa21d, gen21a, h2128950;54.483333000000002;9.833333000000000
17840.0;Coupeville;United States;a2617160, gen26b;48.233333000000002;-122.683333000000005
18518.0;Nanoose Harbor;Canada;a2618150, gen26b, h2618518;49.266666999999998;-124.150000000000006
18790.0;Ahousat;Canada;a2618780, coa26b, gen26b;49.283332999999999;-126.066666999999995
18525.0;Harmac;Canada;a2618520, gen26b, h2618520;49.133333000000000;-123.849999999999994
18600.0;Ganges;Canada;a2618520, gen26b, h2618600;48.850000000000001;-123.483333000000002
18818.0;Bergh Cove;Canada;coa26b, gen26b;50.533332999999999;-127.616667000000007
18915.0;Bella Bella;Canada;a2618890, coa26b, gen26b;52.166666999999997;-128.150000000000006
19290.0;Fishermans Harbor;United States;a2619290, coa26d, gen26c;55.966667000000001;-133.800000000000011
19510.0;Hood Bay;United States;coa26d, gen26c;57.399999999999999;-134.500000000000000
19788.0;Ninilchik;United States;a2519788, coa25d, gen25b;60.049999999999997;-151.683333000000005
23760.0;Holmestrand;Norway;a2123810, gen21a;59.490555555999997;10.326666667000000
5970.0;Grand Narrows;Canada;a1805860, coa18b, gen18b;45.950000000000003;-60.783332999999999
6170.0;Goldsboro;Canada;a1806200, coa18b, gen18b, h1806190;45.183332999999998;-61.649999999999999
6660.0;Milbridge;United States;a1806700, coa18b, gen18a;44.533332999999999;-67.883332999999993
33160.0;Lochaline;United Kingdom;a2032790, coa20i, gen20b, h2033250;56.549999999999997;-5.766667000000000
33170.0;Craignure;United Kingdom;a2032790, coa20i, gen20b, h2033250;56.466667000000001;-5.700000000000000
33210.0;Glensanda;United Kingdom;a2032790, coa20i, gen20b, h2033250;56.566667000000002;-5.533333000000000
33250.0;Oban;United Kingdom;a2032790, coa20i, gen20b, h2033250;56.416666999999997;-5.466667000000000
33290.0;Crinan (Canal);United Kingdom;a2032790, coa20i, gen20b;56.083333000000003;-5.566667000000000
33577.0;Bangor;United Kingdom;a2033770, coa20i, gen20b, h2033770;54.649999999999999;-5.666667000000000
34190.0;Castletown Bearhaven;Ireland;a1934260, coa19f, gen19a, h1934240;51.649999999999999;-9.916667000000000
34200.0;Kilrush;Ireland;coa19f, gen19a, h1934130;52.633333000000000;-9.500000000000000
34640.0;Heysham;United Kingdom;gen20b;54.033332999999999;-2.916667000000000
34650.0;Liverpool Bay Terminal;United Kingdom;a2034690, coa20j, gen20b;53.533332999999999;-3.550000000000000
34850.0;Fishguard;United Kingdom;a2034850, coa20j, gen20b, h2034850;52.016666999999998;-4.983333000000000
34970.0;Neath;United Kingdom;coa20j, gen20b;51.633333000000000;-3.833333000000000
35240.0;Newlyn;United Kingdom;a2035290, coa20a, gen20b;50.100000000000001;-5.550000000000000
35590.0;Fawley Marine Terminal;United Kingdom;a2035600, coa20c, gen20b, h2035580;50.816667000000002;-1.333333000000000
35800.0;Le Treport;France;a2035810, coa20c, gen20b;50.066667000000002;1.366667000000000
37160.0;Blaye;France;a0837190, gen08b, h0837190;45.133333000000000;-0.666667000000000
7240.0;Lynn;United States;a1807250, coa18a, gen18a, h1807250;42.450000000000003;-70.950000000000003
7315.0;Hyannis Port;United States;a1707330, coa17c, gen17a;41.633333000000000;-70.299999999999997
23817.0;Fagerstrand;Norway;a2123810, gen21a, h2123810;59.733055555999996;10.584722222000000
23829.0;Kambo;Norway;a2123810, gen21a, h2123830;59.473055555999998;10.679722222000001
23890.0;Grebbestad;Sweden;a2123910, coa21e, gen21a;58.676944444000000;11.247777778000000
23900.0;Fjallbacka;Sweden;a2123910, coa21e, gen21a;58.600277777999999;11.277222222000001
23910.0;Hunnebostrand;Sweden;a2123910, coa21e, gen21a;58.437777777999997;11.286111111000000
24050.0;Halmstad;Sweden;a2230423, coa22q, gen22e;56.666666999999997;12.866667000000000
24530.0;Bergkvara;Sweden;a2224570, coa22p, gen22e;56.383333000000000;16.100000000000001
24720.0;Figeholm;Sweden;coa22p, gen22e;57.366667000000000;16.500000000000000
24900.0;Farosund;Sweden;coa22k, gen22e;57.916666999999997;19.050000000000001
24960.0;Klintehamn;Sweden;coa22p, gen22e;57.383333000000000;18.199999999999999
25440.0;Grisslehamn;Sweden;a2225460, coa22k, gen22d;60.100000000000001;18.816666999999999
25610.0;Norrsundet;Sweden;a2225620, coa22u, gen22d, h2225610;60.933332999999998;17.166667000000000
26240.0;Harnosand;Sweden;a2226240, coa22u, gen22d, h2226240;62.633333000000000;17.933333000000001
26310.0;Gustavsvik;Sweden;a2226240, coa22u, gen22d;62.833333000000003;17.883333000000000
26340.0;Lunde;Sweden;a2226240, coa22u, gen22d;62.883333000000000;17.883333000000000
26380.0;Kramfors;Sweden;a2226240, coa22u, gen22d;62.933332999999998;17.800000000000001
26720.0;Domsjo;Sweden;a2226730, coa22u, gen22d, h2226730;63.266666999999998;18.733332999999998
26790.0;Husum;Sweden;coa22u, gen22d;63.333333000000003;19.149999999999999
29455.0;Nykobing (Mor);Denmark;coa21c, gen21a;56.766666999999998;11.866667000000000
27130.0;Brannfors;Sweden;coa22l, gen22d;65.016666999999998;21.383333000000000
27540.0;Himanka;Finland;coa22l, gen22d;64.000000000000000;23.649999999999999
29130.0;Christianso Harbor;Denmark;a2229110, coa22p, gen22e;55.316667000000002;15.183332999999999
29410.0;Frederiksvaerk;Denmark;a2229230, coa22q, gen22e;55.966667000000001;12.016667000000000
29420.0;Frederikssund;Denmark;gen22e;55.833333000000003;12.050000000000001
29440.0;Holbaek;Denmark;coa21d, gen21a;55.716667000000001;11.716666999999999
29546.0;Gulfhaven;Denmark;a2129860, coa21d, gen21a;55.200000000000003;11.266667000000000
54671.0;Milner Bay;Australia;coa05e, gen05a;-13.866667000000000;136.416666999999990
54943.0;Beauty Point;Australia;a0554970, coa05b, gen05b, h0554940;-41.149999999999999;146.816666999999995
55530.0;Lautoka Harbor;Fiji;a0655530, coa06a, gen06a, h0655530;-17.600000000000001;177.449999999999989
55590.0;Nuku Alofa;Tonga;a0655590, gen06c, h0655590;-21.133333000000000;-175.199999999999989
55610.0;Neiafu;Tonga;gen06c, h0655610;-18.649999999999999;-173.983332999999988
55617.0;Funafuti Atoll;Tuvalu;a0655617, coa06b, gen06a;-8.516667000000000;179.133332999999993
56010.0;Atuona;French Polynesia;gen06e;-9.816667000000001;-139.033332999999999
56015.0;Baie Taiohae;French Polynesia;gen06e;-8.933332999999999;-140.083333000000010
56140.0;Kailua;United States;a1356160, coa13c, gen13c, h1356140;19.633333000000000;-156.000000000000000
56160.0;Kawaihae;United States;a1356160, coa13c, gen13c, h1356160;20.033332999999999;-155.833333000000010
56190.0;Hana;United States;coa13c, gen13c;20.750000000000000;-155.983332999999988
56230.0;Kaumalapau Harbor;United States;a1356200, coa13c, gen13c;20.783332999999999;-157.000000000000000
58630.0;Laoang;Philippines;a1158635, coa11f, gen11a;12.566667000000001;125.016666999999998
58655.0;Guiuan;Philippines;a1158670, coa11g, gen11a;11.033333000000001;125.716667000000001
58670.0;Catbalogan;Philippines;a1158670, coa11g, gen11a, h1158670;11.766667000000000;124.883332999999993
59800.0;Jolo;Philippines;a1159800, coa11i, gen11a, h1159800;6.050000000000000;121.000000000000000
59974.0;Changshu;China;a2359970, gen23a;31.766667000000002;120.950000000000003
59991.0;Nantong;China;gen23a;32.000000000000000;120.799999999999997
60470.0;Ch'aho;North Korea;coa23g, gen23a, h2360470;40.200000000000003;128.650000000000006
60860.0;Okha;Russia;coa24c, gen24a;53.549999999999997;143.000000000000000
12340.0;Ciudad Bolivar;Venezuela;gen14a;8.133333000000000;-63.549999999999997
12420.0;Moengo;Suriname;gen14a;5.633333000000000;-54.416666999999997
12710.0;Cabedelo;Brazil;a0112710, coa01d, gen01b, h0112710;-6.966667000000000;-34.833333000000003
19890.0;Karluk;United States;a2519995, coa25d, gen25b;57.566667000000002;-154.449999999999989
19930.0;Dry Spruce Bay;United States;a2519820, coa25d, gen25b;57.933332999999998;-153.033332999999999
19980.0;Hogg Island;United States;coa25d, gen25b;58.466667000000001;-152.683333000000005
20070.0;Belkofski;United States;a2520090, coa25b, gen25b;55.083333000000003;-162.033332999999999
20170.0;Alcan Harbor;United States;coa24k, gen24c, h2420170;52.733333000000002;174.066666999999995
20180.0;Massacre Bay;United States;coa24k, gen24c, h2420180;52.833333000000003;173.233332999999988
20240.0;Egegik;United States;coa25c, gen25b;58.200000000000003;-157.366667000000007
20310.0;Bethel;United States;gen25b;60.816667000000002;-161.716667000000001
20320.0;Nash Harbor;United States;gen25b;60.200000000000003;-166.983332999999988
20330.0;Kwiguk;United States;coa25f, gen25b;62.733333000000002;-164.466667000000001
20410.0;Grantley Harbor;United States;a2720410, coa27b, gen27b;65.266666999999998;-166.333333000000010
20570.0;Longyearbyen;Svalbard;coa22a, gen22b;78.227222221999995;15.633333332999999
20580.0;Ny Alesund;Svalbard;coa21i, gen21b;78.928333332999998;11.933055555999999
20800.0;Honningsvag;Norway;a2220800, coa22g, gen22c, h2220800;70.982587559999999;25.950055502000001
20910.0;Kvalsund;Norway;a2220920, coa22g, gen22c;70.506944443999998;23.983333333000001
20920.0;Hammerfest;Norway;a2220920, coa22g, gen22c, h2220920;70.666667000000004;23.666667000000000
21130.0;Alta;Norway;a2221130, coa22g, gen22c;69.973333332999999;23.235277778000000
4770.0;Buffington;United States;coa17a;41.633333000000000;-87.416667000000004
5140.0;Batchawana Bay;Canada;gen28a;46.916666999999997;-84.599999999999994
5310.0;L Anse;United States;gen28a;46.766666999999998;-88.466667000000001
5350.0;Copper Harbor;United States;gen28a;47.466667000000001;-87.866667000000007
5360.0;Eagle Harbor;United States;gen28a;47.466667000000001;-88.166667000000004
5420.0;La Pointe;United States;gen28a;46.783332999999999;-90.783332999999999
5510.0;Gaspe;Canada;a1805510, coa18c, gen18b, h1805510;48.833333000000003;-64.483333000000002
5560.0;Dalhousie;Canada;a1805560, coa18c, gen18b, h1805560;48.066667000000002;-66.366667000000007
5600.0;Caraquet;Canada;a1805600, coa18c, gen18b, h1805600;47.799999999999997;-64.933333000000005
21495.0;Medby;Norway;a2221380, coa22h, gen22c;68.908888888999996;17.728333332999998
13050.0;Laguna;Brazil;coa01f, gen01c;-28.500000000000000;-48.783332999999999
13115.0;Jose Ignacio;Uruguay;coa07a, gen07a;-34.950000000000003;-54.700000000000003
13120.0;Montevideo;Uruguay;a0713120, coa07a, gen07a, h0713120;-34.899999999999999;-56.216667000000001
13720.0;Concordia;Argentina;a0713150;-31.399999999999999;-58.033332999999999
13730.0;Colon;Argentina;a0713150;-32.216667000000001;-58.133333000000000
16805.0;Glenada;United States;coa13b, gen13a, h1316803;43.966667000000001;-124.116667000000007
51340.0;Ende;Indonesia;coa04g, gen04c;-8.833333000000000;121.650000000000006
44270.0;Adler;Russia;coa10a, gen10b;43.433332999999998;39.933332999999998
44370.0;Hopa;Turkey;coa10a, gen10b;41.416666999999997;41.399999999999999
44500.0;Eregli;Turkey;a1044500, coa10b, gen10b;41.299999999999997;31.449999999999999
44542.0;Botas Natural Gas Terminal;Turkey;a1043390, coa10c, gen10b;41.000000000000000;27.983332999999998
44622.0;Gebze;Turkey;a1044620, coa10c, gen10b;40.766666999999998;29.550000000000001
44625.0;Golcuk Burnu;Turkey;a1044620, coa10c, gen10b, h1044620;40.733333000000002;29.816666999999999
45823.0;Lyndiane;Senegal;gen01a;14.166667000000000;-16.166667000000000
46710.0;Edinburgh Of The Seven Seas;Saint Helena, Ascension, and Tristan da Cunha;coa01l, gen01c, h0146710;-37.049999999999997;-12.300000000000001
56310.0;Ahukini Landing;United States;a1356300, coa13c, gen13c;22.000000000000000;-159.333333000000010
56400.0;Majuro Atoll;Marshall Islands;a1256400, gen12c;7.083333000000000;171.383332999999993
16740.0;Empire;United States;coa13b, gen13a, h1316770;43.399999999999999;-124.283332999999999
16750.0;North Bend;United States;coa13b, gen13a, h1316770;43.399999999999999;-124.216667000000001
16770.0;Coos Bay;United States;coa13b, gen13a, h1316770;43.366667000000000;-124.216667000000001
16795.0;Gardiner;United States;coa13b, gen13a;43.716667000000001;-124.099999999999994
16803.0;Florence;United States;coa13b, gen13a, h1316803;43.966667000000001;-124.116667000000007
17170.0;Glen Cove;United States;a2617160, gen26b, h2617230;48.083333000000003;-122.783332999999999
17330.0;Creosote;United States;a2617160, gen26a, h2617730;47.616667000000000;-122.500000000000000
17380.0;East Bremerton;United States;a2617700, gen26a, h2617730;47.566667000000002;-122.616667000000007
27590.0;Kantlax;Finland;coa22l, gen22d;63.416666999999997;22.283332999999999
27805.0;Naantali;Finland;a2227820, coa22m, gen22d, h2227820;60.466667000000001;22.016667000000002
28230.0;Kotka;Finland;a2228230, coa22v, gen22d, h2228230;60.466667000000001;26.966667000000001
28390.0;Lomonosov;Russia;a2228370, coa22v, gen22d;59.916666999999997;29.766667000000002
28640.0;Liepaja;Latvia;a2228640, coa22n, gen22e, h2228640;56.516666999999998;21.016667000000002
28790.0;Darlowo;Poland;coa22j, gen22e;54.433332999999998;16.416667000000000
28800.0;Kolobrzeg;Poland;coa22j, gen22e;54.216667000000001;15.550000000000001
18580.0;Cowichan Bay;Canada;a2618660, gen26b, h2618580;48.750000000000000;-123.616667000000007
18650.0;Hope Bay;Canada;a2618060, gen26b, h2618650;48.799999999999997;-123.283332999999999
18665.0;Bamberton;Canada;a2618660, gen26b;48.549999999999997;-123.516666999999998
18792.0;Gold River;Canada;a2618805, coa26b, gen26b;49.683332999999998;-126.116667000000007
18916.0;Klemtu;Canada;coa26c, gen26b;52.600000000000001;-128.516667000000012
18920.0;Butedale;Canada;a2618920, coa26c, gen26b;53.166666999999997;-128.683333000000005
19055.0;Alliford Bay;Canada;a2619040, coa26c, gen26b, h2619055;53.216667000000001;-131.983332999999988
19090.0;Hyder;United States;gen26c;55.916666999999997;-130.000000000000000
19100.0;Hidden Inlet;United States;coa26c, gen26c;54.950000000000003;-130.333333000000010
19120.0;George Inlet;United States;coa26d, gen26c;55.383333000000000;-131.466667000000001
19200.0;Burnett Inlet;United States;a2619300, coa26d, gen26c, h2619300;56.066667000000002;-132.466667000000001
19330.0;Bay Of Pillars;United States;coa26d, gen26c;56.600000000000001;-134.233332999999988
19430.0;Kimshan Cove;United States;coa25e, gen25b, h2519420;57.683332999999998;-136.116667000000007
19600.0;Letnikof Cove;United States;a2519520, coa25e, gen25b;59.183332999999998;-135.400000000000006
19710.0;Crab Bay;United States;a2519740, coa25d, gen25b;60.066667000000002;-148.000000000000000
19790.0;Kenai;United States;a2519800, coa25d, gen25b, h2519790;60.549999999999997;-151.266667000000012
19805.0;Drift River;United States;a2519800, coa25d, gen25b, h2519805;60.549999999999997;-152.133332999999993
19850.0;Mccord;United States;coa25d, gen25b;57.149999999999999;-153.199999999999989
33200.0;Fort William;United Kingdom;coa20i, gen20b, h2033190;56.816667000000002;-5.116667000000000
5990.0;North Sydney;Canada;a1806000, coa18b, gen18b;46.216667000000001;-60.250000000000000
6020.0;Louisbourg;Canada;a1806020, coa18b, gen18b;45.916666999999997;-59.966667000000001
6330.0;Musquodoboit Harbour;Canada;a1806310, coa18b, gen18b;44.783332999999999;-63.149999999999999
6470.0;Digby;Canada;coa18b, gen18a, h1806480;44.616667000000000;-65.766666999999998
6545.0;Canaport (St. John);Canada;a1806550, coa18b, gen18a, h1806550;45.200000000000003;-65.983333000000002
6600.0;Eastport;United States;coa18b, gen18a, h1806565;44.899999999999999;-66.983333000000002
6620.0;Machiasport;United States;a1806700, coa18b, gen18a;44.700000000000003;-67.400000000000006
33390.0;Greenock;United Kingdom;a2033490, gen20b, h2033420;55.950000000000003;-4.750000000000000
33405.0;Finnart Oil Terminal;United Kingdom;a2033490, gen20b, h2033420;56.116667000000000;-4.833333000000000
33460.0;Old Kilpatrick;United Kingdom;gen20b, h2033490;55.916666999999997;-4.466667000000000
33500.0;Largs;United Kingdom;a2033490, coa20i, gen20b, h2033500;55.799999999999997;-4.866667000000000
33515.0;Hunterston;United Kingdom;a2033490, coa20i, gen20b, h2033500;55.750000000000000;-4.883333000000000
33820.0;Coleraine;United Kingdom;coa19e, gen19a, h1933820;55.133333000000000;-6.666667000000000
33985.0;Lancaster;United Kingdom;gen20b;54.049999999999997;-2.783333000000000
34110.0;Limerick;Ireland;gen19a;52.633333000000000;-8.616667000000000
34130.0;Foynes;Ireland;coa19f, gen19a, h1934130;52.616667000000000;-9.116667000000000
34685.0;Mostyn;United Kingdom;a2034690, coa20j, gen20b;53.316667000000002;-3.266667000000000
43625.0;Izmayil;Ukraine;gen10b;45.333333000000003;28.850000000000001
43700.0;Belgorod-Dnestrovsky;Ukraine;coa10b, gen10b;46.183332999999998;30.366667000000000
43745.0;Chornomors Ke;Ukraine;coa10b, gen10b;45.516666999999998;32.700000000000003
43780.0;Balaklava;Ukraine;a1043760, coa10b, gen10b;44.500000000000000;33.600000000000001
43810.0;Alushta;Ukraine;coa10b, gen10b;44.683332999999998;34.416666999999997
44210.0;Gelendzhik;Russia;a1044200, coa10a, gen10b;44.549999999999997;38.066667000000002
48475.0;Bandar-E Pars Terminal;Iran;a1048475, coa10m, gen10a, h1048477;27.533332999999999;52.533332999999999
50440.0;Bengkulu;Indonesia;coa03q, gen03c;-3.783333000000000;102.250000000000000
44480.0;Inebolu;Turkey;coa10b, gen10b;41.983333000000002;33.766666999999998
44605.0;Kaba Burnu;Turkey;a1044620, coa10c, gen10b;40.766666999999998;29.533332999999999
543.0;Kusanartoq;Greenland;coa19b, gen19b;61.766666999999998;-42.216667000000001
700.0;Attu;Greenland;coa28q, gen28b;67.950000000000003;-53.733333000000002
940.0;Kajalleq Upernavik;Greenland;coa28e, gen28b;72.150000000000006;-55.533332999999999
1611.0;Clarenville;Canada;a1801615, coa18d, gen18b, h1801611;48.175150000000002;-53.959099999999999
1710.0;Argentia;Canada;a1801710, coa18d, gen18b, h1801710;47.299999999999997;-53.983333000000002
1880.0;Blanc Sablon;Canada;coa28a, gen28a;51.416666999999997;-57.133333000000000
2110.0;La Baie (Port Alfred);Canada;gen18b;48.333333000000003;-70.883332999999993
2350.0;Carillon;Canada;a1802550;45.566667000000002;-74.366667000000007
2370.0;Chute A Blondeau;Canada;a1802550;45.583333000000003;-74.466667000000001
2390.0;Hawkesbury;Canada;h1802742;45.616667000000000;-74.616667000000007
2400.0;Fassett;Canada;h1802742;45.649999999999999;-74.866667000000007
2480.0;Cumberland;Canada;h1802741;45.516666999999998;-75.400000000000006
2490.0;Masson;Canada;h1802741;45.533332999999999;-75.416667000000004
2830.0;Millhaven;Canada;h1802740;44.200000000000003;-76.733333000000002
3020.0;Oakville;Canada;h1802740;43.433332999999998;-79.666667000000004
3380.0;Amherstburg;Canada;coa17d;42.100000000000001;-83.099999999999994
4020.0;Depot Harbour;Canada;h1802740;45.316667000000002;-80.099999999999994
4120.0;Manitowaning;Canada;coa28o, gen28a;45.750000000000000;-81.799999999999997
4370.0;Harbor Beach;United States;h1802740;43.850000000000001;-82.650000000000006
8330.0;Hertford;United States;a1708375, gen17a;36.183332999999998;-76.466667000000001
9420.0;Minatitlan;Mexico;h1509405;17.899999999999999;-94.583332999999996
21840.0;Ballstad;Norway;a2221820, coa22h, gen22c;68.066666999999995;13.699999999999999
21950.0;Lodingen;Norway;a2222030, coa22h, gen22c;68.416667000000004;16.000000000000000
22010.0;Lilandsgrunnen;Norway;a2222030, coa22h, gen22c;68.478055556000001;16.890555555999999
22050.0;Litle Ballangen;Norway;a2222030, coa22h, gen22c;68.348611110999997;16.872777778000000
22140.0;Korsnes;Norway;a2222030, coa22h, gen22c;68.251944444000003;16.061666667000001
22270.0;Kjerringoy;Norway;coa22h, gen22c;67.522499999999994;14.759722222000001
22540.0;Glomfjord;Norway;coa22h;66.807500000000005;13.980277778000000
23060.0;Levanger;Norway;a2123080, coa21g, gen21b;63.754722221999998;11.293333333000000
23070.0;Langstein;Norway;a2123080, coa21g, gen21b;63.548611111000000;10.890000000000001
23230.0;Norheimsund;Norway;gen21a;60.366111111000002;6.153888889000000
23310.0;Mosterhamn;Norway;a2123440, coa21f, gen21a;59.698888889000003;5.391111111000000
23340.0;Leirvik;Norway;a2123330, coa21f, gen21a;59.758333333000003;5.496666667000000
23450.0;Kopervik;Norway;a2123440, coa21f, gen21a;59.283332999999999;5.316667000000000
23520.0;Farsund;Norway;coa21f, gen21a;58.086388888999998;6.811388889000000
23600.0;Arendal;Norway;a2123600, coa21e, gen21a, h2123600;58.453888888999998;8.776944444000000
45795.0;El Jadida;Morocco;coa08f, gen08b, h0845795;33.250000000000000;-8.500000000000000
56320.0;Nonopapa;United States;coa13c, gen13c;21.866667000000000;-160.233332999999988
56350.0;Enitwetak Island;Marshall Islands;coa12i, gen12c, h1256350;11.333333000000000;162.333333000000010
56740.0;Hamburg Harbor;Papua New Guinea;coa05g, gen05a;-1.633333000000000;149.966667000000001
56760.0;Kavieng Harbor;Papua New Guinea;a0556760, coa05g, gen05a;-2.583333000000000;150.800000000000011
57436.0;Benchamas Terminal;Thailand;coa03e, gen03a;10.516667000000000;101.250000000000000
48106.0;Duba;Saudi Arabia;a1048106, coa10f, gen10c;27.566666999999999;35.533332999999999
51736.0;Mostyn;Malaysia;coa11i, gen11b;4.683333000000000;118.250000000000000
52220.0;Luwuk;Indonesia;coa04e, gen04c;-0.950000000000000;122.799999999999997
52230.0;Kolonodale;Indonesia;coa04e, gen04c;-1.983333000000000;121.333332999999996
52680.0;Bula;Indonesia;coa04f, gen04c;-3.100000000000000;130.500000000000000
53010.0;Manokwari Road;Indonesia;coa05h, gen05a;-0.866667000000000;134.083333000000010
53045.0;Kasim Terminal;Indonesia;a0453020, coa04f, gen04c;-1.300000000000000;131.016667000000012
53100.0;Fakfak;Indonesia;coa05h, gen05a;-2.933333000000000;132.283332999999999
53115.0;Amamapare;Indonesia;gen05a;-4.816667000000000;136.966667000000001
53195.0;Discovery Bay;Papua New Guinea;coa05f, gen05a;-10.416667000000000;150.416666999999990
54690.0;Karumba;Australia;coa05e, gen05a;-17.483332999999998;140.833333000000010
54970.0;Launceston;Australia;gen05b;-41.450000000000003;147.116667000000007
55030.0;Opua;New Zealand;coa06f, gen06b, h0655030;-35.316667000000002;174.116667000000007
55550.0;Levuka;Fiji;coa06a, gen06a;-17.683333000000001;178.833333000000010
55556.0;Malai;Fiji;coa06a, gen06a;-16.350000000000001;179.366667000000007
55650.0;Mata-Utu;Wallis and Futuna;gen06c;-13.283333000000001;-176.133332999999993
56025.0;Canton Island;Kiribati;a0656025, coa06h, gen06c;-2.833333000000000;-171.716667000000001
56039.0;English Harbor;Kiribati;gen13c;3.850000000000000;-159.366667000000007
56250.0;Kamalo;United States;a1356200, coa13c, gen13c;21.050000000000001;-156.883332999999993
57775.0;Lon Shui Terminal;China;gen23b;20.833333000000000;115.683333000000005
61020.0;Mys Rogatyy Oktyabrskiy;Russia;a2461040, coa24c, gen24a;50.733333000000002;142.099999999999994
34770.0;Holyhead;United Kingdom;coa20j, gen20b;53.316667000000002;-4.633333000000000
35100.0;Bridgwater;United Kingdom;a2035070, coa20j, gen20b;51.133333000000000;-3.000000000000000
35300.0;Mevagissey;United Kingdom;a2035370, coa20b, gen20b;50.266666999999998;-4.783333000000000
35320.0;Charlestown;United Kingdom;a2035370, coa20b, gen20b;50.333333000000003;-4.750000000000000
35440.0;Bridport Harbour;United Kingdom;a2035450, coa20b, gen20b;50.716667000000001;-2.766667000000000
35700.0;Folkestone Harbour;United Kingdom;a2035710, coa20d, gen20b;51.083333000000003;1.200000000000000
35980.0;Alderney Harbour;Guernsey;a2035450, coa20b, gen20b;49.733333000000002;-2.200000000000000
7310.0;Hyannis;United States;a1707330, coa17c, gen17a;41.649999999999999;-70.283332999999999
23780.0;Drammen;Norway;a2123810, gen21a;59.733333000000002;10.250000000000000
23820.0;Drobak;Norway;a2123810, gen21a, h2123810;59.660555555999998;10.625000000000000
23905.0;Bovallstrand;Sweden;a2123910, coa21e, gen21a;58.483333000000002;11.333333000000000
24010.0;Marstrand;Sweden;a2124020, coa21e, gen21a;57.883888888999998;11.588333333000000
24100.0;Hoganas;Sweden;a2229230, coa22q, gen22e;56.196666667000002;12.544722222000001
25190.0;Norrkoping;Sweden;coa22k, gen22e;58.583333000000003;16.199999999999999
25360.0;Gustavsberg;Sweden;coa22k, gen22d;59.316667000000002;18.383333000000000
25460.0;Hallstavik;Sweden;a2225460, coa22k, gen22d;60.049999999999997;18.583333000000000
25780.0;Hudiksvall;Sweden;a2225620, coa22u, gen22d;61.733333000000002;17.116667000000000
26430.0;Bollstabruk;Sweden;a2226240, coa22u, gen22d;63.000000000000000;17.699999999999999
26710.0;Kopmanholmen;Sweden;a2226730, coa22u, gen22d;63.166666999999997;18.583333000000000
26810.0;Nordmaling;Sweden;coa22l, gen22d;63.566667000000002;19.483332999999998
26880.0;Obbola;Sweden;coa22l, gen22d, h2226890;63.700000000000003;20.333333000000000
26990.0;Gumbodahamn;Sweden;coa22l, gen22d;64.233333000000002;21.100000000000001
27090.0;Kagehamn;Sweden;coa22l, gen22d;64.833332999999996;21.033332999999999
28955.0;Kappeln;Germany;a2128930, coa21d, gen21a, h2128955;54.666666999999997;9.933332999999999
29120.0;Hasle;Denmark;a2229110, coa22p, gen22e;55.183332999999998;14.699999999999999
29220.0;Koge;Denmark;a2229230, coa22i, gen22e;55.450000000000003;12.199999999999999
29390.0;Hundested Havn;Denmark;a2130260, coa21c, gen21a;55.966667000000001;11.850000000000000
29520.0;Korsor;Denmark;a2129860, coa21d, gen21a;55.333333000000003;11.133333000000000
29555.0;Naestved;Denmark;a2129560, coa21d, gen21a;55.233333000000002;11.750000000000000
29630.0;Nykobing;Denmark;a2129560, coa21d, gen21a;54.766666999999998;11.866667000000000
29700.0;Nakskov;Denmark;a2129860, coa21d, gen21a;54.833333000000003;11.133333000000000
29870.0;Kerteminde;Denmark;a2129860, coa21d, gen21a;55.450000000000003;10.666667000000000
29940.0;Faborg;Denmark;a2130170, coa21d, gen21a, h2129940;55.100000000000001;10.250000000000000
30120.0;Haderslev;Denmark;a2130170, coa21d, gen21a;55.250000000000000;9.500000000000000
30170.0;Fredericia;Denmark;a2130170, coa21d, gen21a, h2130170;55.566667000000002;9.766667000000000
30640.0;Esbjerg;Denmark;a2130640, coa21b, gen21a, h2130640;55.466667000000001;8.449999999999999
30695.0;Busum;Germany;coa21b, gen21a;54.133333000000000;8.866667000000000
30850.0;Brake;Germany;a2130900, coa21b, gen21a, h2130850;53.333333000000003;8.483333000000000
30860.0;Elsfleth;Germany;a2130900, gen21a, h2130860;53.233333000000002;8.466666999999999
30960.0;Leer;Germany;gen21a;53.233333000000002;7.450000000000000
31020.0;Den Helder;Netherlands;a2131020, coa21a, gen21a, h2131020;52.966667000000001;4.783333000000000
31215.0;Hansweert;Netherlands;a2131250, coa21a, gen21a;51.450000000000003;4.000000000000000
31320.0;Nieuwpoort;Belgium;a2035730, coa20d, gen20b;51.133333000000000;2.750000000000000
31390.0;Chatham Docks;United Kingdom;gen20b, h2031390;51.399999999999999;0.550000000000000
31506.0;Colchester;United Kingdom;gen20b;51.883333000000000;0.916667000000000
31665.0;Howdendyke;United Kingdom;gen20b;53.733333000000002;-0.883333000000000
31740.0;Hartlepool;United Kingdom;a2031765, coa20e, gen20b, h2031720;54.700000000000003;-1.183333000000000
31880.0;Eyemouth;United Kingdom;coa20e, gen20b;55.866667000000000;-2.083333000000000
31890.0;Dunbar;United Kingdom;a2031980, coa20e, gen20b;56.000000000000000;-2.516667000000000
32420.0;Kettletoft;United Kingdom;coa20f, gen20b;59.233333000000002;-2.600000000000000
32440.0;Kirkwall;United Kingdom;coa20f, gen20b;58.983333000000002;-2.966667000000000
32490.0;Lyness;United Kingdom;coa20i, gen20b;58.833333000000003;-3.200000000000000
32830.0;Aultbea;United Kingdom;a2032830, coa20i, gen20b, h2032830;57.833333000000003;-5.583333000000000
32850.0;Gairloch;United Kingdom;a2032920, coa20i, gen20b;57.716667000000001;-5.683333000000000
32900.0;Kyle Of Lochalsh;United Kingdom;a2032920, coa20i, gen20b;57.283332999999999;-5.716667000000000
32910.0;Kyleakin;United Kingdom;a2032920, coa20i, gen20b;57.266666999999998;-5.733333000000000
32920.0;Broadford Bay;United Kingdom;a2032920, coa20i, gen20b, h2032920;57.250000000000000;-5.883333000000000
43562.0;Medgidia;Romania;coa10b, gen10b;44.250000000000000;28.266667000000002
40790.0;Monfalcone;Italy;a0940820, coa09c, gen09;45.783332999999999;13.550000000000001
43430.0;Defterdar Burnu;Turkey;a1043410, coa10c, gen10b, h1043420;41.049999999999997;29.033332999999999
43500.0;Burgas;Bulgaria;a1043500, coa10b, gen10b, h1043500;42.483333000000002;27.483332999999998
43558.0;Basarabi;Romania;coa10b, gen10b;44.166666999999997;28.433333000000001
43565.0;Danube-Black Sea Canal;Romania;coa10b, gen10b;44.266666999999998;28.183333000000001
43568.0;Midia;Romania;coa10b, gen10b;44.350000000000001;28.666667000000000
58620.0;Masbate;Philippines;coa11g, gen11a, h1158620;12.366667000000000;123.616667000000007
59985.0;Jiangyin;China;gen23a;31.916667000000000;120.233333000000002
59986.0;Changzhou;China;gen23a;31.966667000000001;119.983333000000002
59987.0;Gaogang;China;gen23a;32.283332999999999;119.849999999999994
60450.0;Hungnam;North Korea;a2360450, coa23g, gen23a;39.833333000000003;127.616667000000007
60480.0;Kimch'aek;North Korea;a2360480, coa23g, gen23a;40.666666999999997;129.199999999999989
60510.0;Najin;North Korea;a2360510, coa23g, gen23a;42.233333000000002;130.300000000000011
61040.0;Aleksandrovsk -Sakhalinskiy;Russia;a2461040, coa24c, gen24a, h2461040;50.899999999999999;142.133332999999993
61110.0;Mombetsu Ko;Japan;coa24b, gen24b;44.350000000000001;143.349999999999994
14110.0;Bahia Agua Fresca;Chile;a0714100, coa07h, gen07a;-53.383333000000000;-70.966667000000001
14140.0;Bahia Harris;Chile;a0714100, coa07h, gen07a;-53.850000000000001;-70.450000000000003
60290.0;Kyomip'o;North Korea;a2360280, coa23e, gen23a;38.733333000000002;125.616667000000007
18441.0;Duncan Bay;Canada;a2618422, gen26b;50.066667000000002;-125.283332999999999
23220.0;Strandvik;Norway;coa21f, gen21a;60.158611110999999;5.677777778000000
57840.0;Hong Kong;Hong Kong;a2357840, coa23c, gen23b, h2357840;22.266667000000002;114.200000000000003
57810.0;Macau;Macau;a2357840, coa23c, gen23b, h2357810;22.183333000000001;113.566666999999995
28400.0;Kronshtadt;Russia;a2228370, coa22v, gen22d;59.983333000000002;29.783332999999999
28190.0;Helsinki;Finland;a2228190, coa22v, gen22d, h2228190;60.166666999999997;24.966667000000001
14760.0;Iquique;Chile;coa07d, gen07c, h0714760;-20.199999999999999;-70.166667000000004
57750.0;Beihai;China;a2357750, coa23b, gen23b, h2357750;21.483332999999998;109.066666999999995
57859.0;Huizhou;China;coa23c, gen23b;22.716667000000001;114.516666999999998
57862.0;Chaozhou;China;a2357860, coa23c, gen23b;23.616667000000000;117.083332999999996
60720.0;Bukhta Gaydamak;Russia;a2460730, coa24a, gen24a;42.866667000000000;132.683333000000005
35020.0;Bird Port;United Kingdom;gen20b, h2035015;51.566667000000002;-2.966667000000000
35015.0;Newport;United Kingdom;a2035070, gen20b, h2035015;51.549999999999997;-2.983333000000000
28140.0;Hanko;Finland;a2228140, coa22m, gen22d, h2228140;59.816667000000002;22.949999999999999
60060.0;Hankow;China;gen23b;30.583333000000000;114.283332999999999
60000.0;Nanjing;China;gen23a;32.083333000000003;118.750000000000000
60030.0;Ankingcheng;China;gen23a;30.516667000000002;117.033332999999999
45163.0;El Maadiya;Egypt;a1045165, coa10e, gen10b;31.266667000000002;30.149999999999999
57953.0;Mailiao;Taiwan;a2357955, coa23c, gen23b;23.783332999999999;120.166667000000004
14060.0;Grytviken;South Georgia and South Sandwich Islands;a0114040, coa01k, gen01d;-54.266666999999998;-36.500000000000000
27920.0;Mariehamn;Finland;coa22m, gen22d;60.100000000000001;19.916667000000000
18570.0;Crofton;Canada;a2618520, gen26b, h2618570;48.866667000000000;-123.633332999999993
8170.0;Ocean City;United States;a1708170, coa17a, gen17a, h1708170;38.333333000000003;-75.083332999999996
7510.0;Norwich;United States;coa17c;41.516666999999998;-72.083332999999996
7490.0;Mystic;United States;a1707500, coa17c, gen17a, h1707500;41.350000000000001;-71.966667000000001
7480.0;Noank;United States;a1707500, coa17c, gen17a, h1707500;41.316667000000002;-71.983333000000002
7450.0;Montauk Harbor;United States;a1707500, coa17c, gen17a;41.066667000000002;-71.933333000000005
62950.0;Murmansk;Russia;a2262950, gen22c, h2262950;68.983333000000002;33.049999999999997
62800.0;Arkhangels'k;Russia;coa22e, gen22a;64.529722222000004;40.521666666999998
62730.0;Igarka;Russia;gen22a;67.458333332999999;86.588888889000003
3480.0;Fairport;United States;coa17d;41.766666999999998;-81.299999999999997
80.0;Hafnarfjordur;Iceland;a1900105, coa19j, gen19b, h1900080;64.066666999999995;-21.949999999999999
190.0;Isafjordur;Iceland;coa19d, gen19b;66.066666999999995;-23.116667000000000
160.0;Bildudalur;Iceland;coa19d, gen19b;65.683333000000005;-23.600000000000001
61270.0;Aomori Ko;Japan;coa24n, gen24b, h2461270;40.833333000000003;140.750000000000000
62720.0;Dudinka;Russia;gen22a;69.400000000000006;86.166667000000004
8020.0;Atlantic City;United States;a1708020, coa17c, gen17a, h1708020;39.366667000000000;-74.416667000000004
8120.0;Gloucester;United States;a1807180, coa18a, gen18a, h1807210;42.600000000000001;-70.666667000000004
8140.0;Burlington;United States;a1708130, h1708160;40.083333000000003;-74.866667000000007
185.0;Bolungarvik;Iceland;coa19d, gen19b;66.166667000000004;-23.233332999999998
61862.0;Himekawa;Japan;coa12a, gen12b;37.033332999999999;137.849999999999994
61875.0;Eastern Part Of Niigata-Ko;Japan;a1261870, coa12a, gen12b, h1261875;38.016666999999998;139.233332999999988
62775.0;Mezen;Russia;coa22t, gen22a;65.833332999999996;44.183332999999998
3350.0;Leamington;Canada;coa17d;42.033332999999999;-82.599999999999994
62890.0;Kandalaksha;Russia;coa22e, gen22c;67.133332999999993;32.416666999999997
62970.0;Mys Abram;Russia;a2262950, gen22c, h2262950;68.983333000000002;33.033332999999999
7440.0;Davisville Depot;United States;a1707420, h1707420;41.616667000000000;-71.400000000000006
8000.0;Barnegat;United States;a1708020, coa17c, gen17a;39.766666999999998;-74.099999999999994
61277.0;Noshiro Ko;Japan;coa24n, gen24a;40.216667000000001;140.000000000000000
61232.0;Isikari Wan;Japan;coa24b, gen24a;43.233333000000002;141.366667000000007
61820.0;Fukui Ko;Japan;coa12a, gen12b;36.183332999999998;136.099999999999994
8270.0;Fredericksburg;United States;a1708230;38.299999999999997;-77.450000000000003
105.0;Grundartangi;Iceland;a1900105, coa19j, gen19b;64.266666999999998;-22.000000000000000
61822.0;Kanazawa;Japan;coa12a, gen12b, h1261822;36.616667000000000;136.599999999999994
61867.0;Kashiwazaki;Japan;coa12a, gen12b;37.366667000000000;138.550000000000011
62900.0;Bolshaya Piryu Guba;Russia;coa22e, gen22a;66.673055555999994;34.361388888999997
8150.0;Bristol;United States;a1708130, h1708160;40.100000000000001;-74.849999999999994
760.0;Aasiaat;Greenland;a2800670, coa28e, gen28b, h2800670;68.710833332999997;-52.868333333000002
16960.0;Camas;United States;a2616940, gen26a;45.583333000000003;-122.400000000000006
1340.0;Goose Bay;Canada;a2801340, gen28a;53.366667000000000;-60.299999999999997
56370.0;Kwajalein;Marshall Islands;a1256370, coa12n, gen12c, h1256370;8.716666999999999;167.733332999999988
19270.0;Klawock;United States;coa26d, gen26c;55.549999999999997;-133.099999999999994
70.0;Keflavik;Iceland;coa19j, gen19b, h1900070;64.000000000000000;-22.550000000000001
18070.0;Blaine;United States;a2618060, gen26b, h2618060;49.000000000000000;-122.750000000000000
810.0;Illulissat (Jakobshavn);Greenland;coa28e, gen28b;69.216667000000001;-51.100000000000001
19260.0;Craig;United States;coa26d, gen26c;55.466667000000001;-133.150000000000006
21315.0;Olavsvern;Norway;a2221310, coa22g, gen22c, h2221315;69.525629248000001;19.007549286000000
28496.0;Meeruse;Estonia;a2228480, coa22v, gen22d, h2228480;59.450870000000002;24.672200000000000
28520.0;Heltermaa;Estonia;coa22r, gen22e;58.866683999999999;23.048341000000001
28498.0;Bekkeri;Estonia;a2228480, coa22v, gen22d, h2228480;59.454540000000001;24.667449999999999
28492.0;Lahesuu;Estonia;a2228480, coa22v, gen22d, h2228480;59.457056203999997;24.703002723000001
28482.0;Miiduranna;Estonia;a2228480, coa22v, gen22d;59.499402000000003;24.816063000000000
19750.0;Latouche;United States;a2519740, coa25d, gen25b;60.050500000000000;-147.904200000000003
19785.0;Coal Point;United States;a2519781, coa25d, gen25b, h2519781;59.601399999999998;-151.411100000000005
12760.0;Port De Aracaju;Brazil;coa01f, gen01b, h0112760;-10.916667000000000;-37.049999999999997
35990.0;Saint Sampson;Guernsey;a2036130, coa20b, gen20b;49.483333000000002;-2.516667000000000
23055.0;Steinkjer;Norway;a2123080, coa21g, gen21b;64.010000000000005;11.478611110999999
2200.0;Port De Becancour;Canada;a1802210, h1802205;46.399999999999999;-72.383332999999993
19860.0;Three Saints Bay;United States;coa25d, gen25b;57.116667000000000;-153.500000000000000
3340.0;Pelee I West Dock;Canada;coa17d;41.766666999999998;-82.683333000000005
32730.0;Sorvagur;Faroe Islands;a1932690, coa19h, gen19b;62.083333000000003;-7.250000000000000
19190.0;Union Bay;United States;a2619300, coa26d, gen26c;55.766666999999998;-132.216667000000001
44380.0;Rize;Turkey;coa10a, gen10b;41.066667000000002;40.516666999999998
23990.0;Uddevalla;Sweden;a2123930, coa21e, gen21a, h2123990;58.334722222000003;11.877500000000000
17440.0;Port Orchard;United States;a2617700, gen26a, h2617730;47.533332999999999;-122.633332999999993
840.0;Qeqertarsuaq;Greenland;a2800670, coa28e, gen28b;69.233333000000002;-53.533332999999999
20370.0;Unalakleet;United States;coa27b, gen27b;63.883333000000000;-160.783332999999999
31140.0;Rotterdam;Netherlands;coa21a, gen21a, h2131140;51.899999999999999;4.483333000000000
14635.0;Puerto Calderilla;Chile;coa07d, gen07b, h0714630;-27.083333000000000;-70.866667000000007
34950.0;Swansea;United Kingdom;coa20j, gen20b;51.616667000000000;-3.950000000000000
20425.0;Shishmaref;United States;gen27b;66.250000000000000;-166.083333000000010
3610.0;Rouge River;United States;coa17d;42.283332999999999;-83.116667000000007
1040.0;Pangnirtung;Canada;coa28m, gen28f;66.133332999999993;-65.750000000000000
17120.0;Port Angeles;United States;a2617160, gen26b, h2617120;48.116667000000000;-123.433333000000005
26730.0;Ornskoldsvik;Sweden;a2226730, coa22u, gen22d, h2226730;63.283332999999999;18.716667000000001
23139.0;Stura;Norway;a2123160, coa21f, gen21a;60.622222221999998;4.863333333000000
20700.0;Vardo;Norway;coa22f, gen22c, h2220700;70.376944444000003;31.105555555999999
2430.0;Papineauville;Canada;h1802742;45.616667000000000;-75.016666999999998
26290.0;Utansjo;Sweden;a2226240, coa22u, gen22d;62.766666999999998;17.933333000000001
18850.0;Sointula;Canada;a2618875, gen26b;50.633333000000000;-127.016666999999998
27870.0;Signilskar;Finland;coa22m, gen22d;60.200000000000003;19.333333000000000
35370.0;Plymouth;United Kingdom;a2035370, coa20b, gen20b, h2035370;50.366667000000000;-4.150000000000000
19140.0;Ward Cove;United States;a2619300, coa26d, gen26c, h2619130;55.399999999999999;-131.733332999999988
30630.0;Ringkobing;Denmark;coa21b, gen21a;56.083333000000003;8.250000000000000
23720.0;Tonsberg;Norway;a2123810, coa21e, gen21a, h2123720;59.262222221999998;10.410000000000000
31760.0;Sunderland;United Kingdom;a2031765, coa20e, gen20b;54.916666999999997;-1.366667000000000
19390.0;Port Conclusion;United States;coa26d, gen26c;56.250000000000000;-134.683333000000005
6575.0;Port Bayside Nb;Canada;coa18b, gen18a;45.149999999999999;-67.133332999999993
16950.0;Vancouver;United States;gen26a, h2616940;45.633333000000000;-122.683333000000005
44090.0;Yeysk;Russia;coa10a, gen10b;46.733333000000002;38.266666999999998
12750.0;Porto De Maceio;Brazil;a0112750, coa01f, gen01b, h0112750;-9.666667000000000;-35.733333000000002
27400.0;Tornio;Finland;a2227410, coa22l, gen22d, h2227400;65.766666999999998;24.166667000000000
27780.0;Rauma;Finland;a2227780, coa22u, gen22d, h2227780;61.125000000000000;21.446111111000000
19840.0;Port Hobron;United States;coa25d, gen25b;57.166666999999997;-153.166666999999990
14250.0;Puerto Quemchi;Chile;a0714250, coa07d, gen07b;-42.149999999999999;-73.483333000000002
7270.0;Scituate;United States;a1807250, coa18a, gen18a, h1807250;42.200000000000003;-70.716667000000001
13790.0;Quequen;Argentina;a0713790, coa07a, gen07a, h0713790;-38.583333000000003;-58.700000000000003
8510.0;Port Royal;United States;a1508530, coa15b, gen15, h1508510;32.366667000000000;-80.683333000000005
20060.0;Unga;United States;coa25b, gen25b;55.183332999999998;-160.500000000000000
27520.0;Oulu;Finland;a2227520, coa22l, gen22d, h2227520;65.016666999999998;25.399999999999999
35715.0;Ramsgate;United Kingdom;a2031470, coa20d, gen20b, h2035710;51.333333000000003;1.416667000000000
4000.0;Port Severn;Canada;h1802740;44.799999999999997;-79.716667000000001
19030.0;Port Clements;Canada;coa26c, gen26b;53.683332999999998;-132.183333000000005
2980.0;Oshawa;Canada;h1802740;43.866667000000000;-78.816666999999995
20690.0;Vadso;Norway;a2220690, coa22f, gen22c;70.072222221999994;29.741388889000000
35600.0;Portsmouth Harbour;United Kingdom;a2035600, coa20c, gen20b, h2035600;50.799999999999997;-1.100000000000000
18942.0;Porpoise Harbor;Canada;a2618921, coa26c, gen26c, h2618950;54.216667000000001;-130.283332999999999
3330.0;Pelee I North Wharf;Canada;coa17d;41.816667000000002;-82.666667000000004
20220.0;Pilot Point;United States;coa25c, gen25b;57.566667000000002;-157.599999999999994
32950.0;Uig;United Kingdom;a1932830, coa19e, gen19a;57.583333000000003;-6.350000000000000
3700.0;Sarnia;Canada;h1802740;42.983333000000002;-82.416667000000004
33020.0;Stornoway Harbor;United Kingdom;a1932830, coa19e, gen19a;58.183332999999998;-6.366667000000000
2970.0;Port Hope;Canada;h1802740;43.933332999999998;-78.283332999999999
2150.0;Riviere Du Loup;Canada;a1802180;47.833333000000003;-69.516666999999998
19400.0;Port Alexander;United States;coa26d, gen26c;56.250000000000000;-134.650000000000006
34610.0;Workington;United Kingdom;a2034600, coa20i, gen20b;54.566667000000002;-3.633333000000000
32360.0;Portmahomack Harbor;United Kingdom;a2032350, coa20f, gen20b;57.833333000000003;-3.833333000000000
26180.0;Soraker;Sweden;a2225910, coa22u, gen22d;62.500000000000000;17.500000000000000
18090.0;Steveston;Canada;a2618150, gen26b, h2618100;49.133333000000000;-123.183333000000005
14630.0;Puerto Caldera;Chile;coa07d, gen07b, h0714630;-27.050000000000001;-70.833332999999996
34980.0;Port Talbot;United Kingdom;a2035070, coa20j, gen20b;51.583333000000003;-3.816667000000000
21820.0;Reine;Norway;a2221820, coa22h, gen22c;67.938611111000000;13.101666667000000
12600.0;Tutoia;Brazil;coa01d, gen01b;-2.783333000000000;-42.283332999999999
19585.0;Port Chilkoot;United States;a2519520, coa25e, gen25b, h2519588;59.233333000000002;-135.433333000000005
28605.0;Salacgriva;Latvia;a2228610, coa22r, gen22e;57.700000000000003;24.366667000000000
44490.0;Zonguldak;Turkey;coa10b, gen10b;41.466667000000001;31.816666999999999
32590.0;Scalloway;United Kingdom;a2032600, coa20g, gen20b;60.133333000000000;-1.283333000000000
20420.0;Savoonga;United States;coa27b, gen27b;63.683332999999998;-170.400000000000006
4480.0;Rockport;United States;gen28a;45.200000000000003;-83.383332999999993
610.0;Paamuit (Frederikshab);Greenland;a1900610, coa19a, gen19b;62.000000000000000;-49.666666999999997
3980.0;Waubaushene;Canada;h1802740;44.766666999999998;-79.716667000000001
19380.0;Port Armstrong;United States;coa26d, gen26c;56.299999999999997;-134.666666999999990
19230.0;Rose Inlet;United States;coa26d, gen26c;54.950000000000003;-132.966667000000001
30910.0;Wilhelmshaven;Germany;a2130910, coa21b, gen21a, h2130910;53.533332999999999;8.166667000000000
23195.0;Tranneset;Norway;a2123160, coa21f, gen21a;60.416666999999997;5.016667000000000
20210.0;Port Heiden;United States;coa25c, gen25b;56.883333000000000;-158.699999999999989
25380.0;Stockholm;Sweden;coa22k, gen22d, h2225380;59.333333000000003;18.050000000000001
19730.0;Port Ashton;United States;a2519740, coa25d, gen25b;60.066667000000002;-148.050000000000011
1795.0;Port Aux Basques;Canada;a1801795, coa18d, gen18b, h1801795;47.566667000000002;-59.133333000000000
43572.0;Tulcea;Romania;gen10b;45.166666999999997;28.816666999999999
20175.0;Skoot Cove;United States;coa24k, gen24c, h2420170;52.716667000000001;174.066666999999995
32430.0;Whitehall;United Kingdom;coa20f, gen20b;59.133333000000000;-2.600000000000000
4290.0;Sault Ste Marie;Canada;gen28a;46.516666999999998;-84.349999999999994
19490.0;Todd;United States;coa25e, gen25b;57.466667000000001;-135.050000000000011
6220.0;Sonora;Canada;a1806200, coa18b, gen18b, h1806220;45.066667000000002;-61.916666999999997
44070.0;Rostov-Na-Donu;Russia;gen10b;47.166666999999997;39.716667000000001
5170.0;Quebec Harbour;Canada;gen28a;47.700000000000003;-85.799999999999997
2300.0;Vaudreuil;Canada;a1802550;45.399999999999999;-74.033332999999999
8390.0;Washington;United States;h1708390;35.549999999999997;-77.049999999999997
20230.0;Ugashik;United States;coa25c, gen25b;57.533332999999999;-157.416666999999990
5620.0;Shippegan;Canada;a1805600, coa18c, gen18b, h1805620;47.750000000000000;-64.700000000000003
19620.0;Yakutat;United States;coa25e, gen25b;59.549999999999997;-139.733332999999988
3095.0;St Catherine;Canada;h1802740;43.183332999999998;-79.283332999999999
21970.0;Ulvik;Norway;a2221610, coa22h, gen22c;68.560833333000005;16.233888888999999
43835.0;Sudak;Ukraine;coa10b, gen10b;44.850000000000001;34.983333000000002
9270.0;Port Lavaca;United States;a1509275, coa15a, gen15, h1509280;28.616667000000000;-96.616667000000007
23040.0;Rorvik;Norway;a2123050, coa21h, gen21b;64.864722221999997;11.251944443999999
35630.0;Shoreham Harbour;United Kingdom;a2035600, coa20c, gen20b;50.816667000000002;-0.250000000000000
16980.0;The Dalles;United States;a2616940, gen26a;45.600000000000001;-121.183333000000005
3580.0;Trenton;United States;coa17d;42.133333000000000;-83.166667000000004
4030.0;Parry Sound;Canada;h1802740;45.333333000000003;-80.033332999999999
33880.0;Rathmullan;Ireland;coa19e, gen19a;55.100000000000001;-7.533333000000000
44060.0;Taganrog;Russia;coa10a, gen10b;47.200000000000003;38.950000000000003
25700.0;Sandarne;Sweden;a2225620, coa22u, gen22d, h2225650;61.266666999999998;17.183333000000001
24000.0;Stenungsund;Sweden;a2123930, coa21e, gen21a;58.079722222000001;11.800000000000001
31980.0;Rosyth;United Kingdom;gen20b, h2031980;56.016666999999998;-3.433333000000000
18980.0;Stewart;Canada;gen26c;55.933332999999998;-130.000000000000000
32470.0;St Margarets Hope;United Kingdom;coa20f, gen20b;58.833333000000003;-2.950000000000000
19760.0;Seward;United States;a2519760, coa25d, gen25b, h2519760;60.100000000000001;-149.433333000000005
3270.0;Port Dover;Canada;h1802740;42.783332999999999;-80.200000000000003
19320.0;Washington Bay;United States;coa26d, gen26c;56.733333000000002;-134.349999999999994
17020.0;Raymond;United States;a2616940, gen26a;46.683332999999998;-123.733333000000002
3260.0;Port Maitland;Canada;h1802740;42.850000000000001;-79.583332999999996
20130.0;Unalaska;United States;coa25b, gen25b, h2520120;53.866667000000000;-166.533332999999999
28870.0;Wismar;Germany;a2128890, h2128870;53.899999999999999;11.466666999999999
21510.0;Sjovegan;Norway;coa22h, gen22c;68.873611111000002;17.828611111000001
2940.0;Trenton;Canada;h1802740;44.100000000000001;-77.566666999999995
5290.0;Presque Isle;United States;gen28a;46.566667000000002;-87.383332999999993
7280.0;Plymouth;United States;a1707300, coa17c, gen17a;41.950000000000003;-70.666667000000004
12335.0;Puerto Ordaz;Venezuela;gen14a;8.350000000000000;-62.716667000000001
3092.0;Thorold;Canada;h1802740;43.083333000000003;-79.716667000000001
23118.0;Orstav;Norway;a2123116, coa21g, gen21a;62.196111111000000;6.114444444000000
45835.0;Rio Cacheu;Guinea-Bissau;a0145838, coa01b, gen01a;12.283333000000001;-16.233332999999998
35410.0;Torquay Harbour;United Kingdom;a2035370, coa20b, gen20b;50.466667000000001;-3.533333000000000
2880.0;Picton;Canada;h1802740;44.016666999999998;-77.133332999999993
19210.0;Wrangell;United States;a2619300, coa26d, gen26c, h2619210;56.466667000000001;-132.383332999999993
24260.0;Ystad;Sweden;a2229110, coa22p, gen22e;55.418333333000000;13.818055555999999
21910.0;Skrova Havn;Norway;a2221900, coa22h, gen22c;68.165833332999995;14.664166667000000
30970.0;Papenburg;Germany;gen21a;53.100000000000001;7.383333000000000
43750.0;Yevpatoriya;Ukraine;coa10b, gen10b;45.200000000000003;33.383333000000000
26890.0;Umea Hamn;Sweden;coa22l, gen22d, h2226890;63.700000000000003;20.350000000000001
14270.0;Puerto Montt;Chile;a0714270, coa07d, gen07b, h0714270;-41.483333000000002;-72.966667000000001
38270.0;Sevilla;Spain;gen08b, h0838270;37.366667000000000;-6.000000000000000
27535.0;Veitsiluoto;Finland;a2227410, coa22l, gen22d, h2227410;65.700000000000003;24.616667000000000
3110.0;Queenston;Canada;h1802740;43.166666999999997;-79.066666999999995
13970.0;Rio Grande;Argentina;a0713970, coa07b, gen07a;-53.783332999999999;-67.683333000000005
3650.0;Walpole Island;Canada;coa17d;42.616667000000000;-82.516666999999998
16810.0;Waldport;United States;coa13b, gen13a, h1316820;44.433332999999998;-124.066666999999995
22750.0;Sandnessjoen;Norway;a2222910, coa22h;66.026388889000003;12.629444444000001
1810.0;Stephenville;Canada;a1801820, coa18d, gen18b, h1801820;48.533332999999999;-58.533332999999999
16790.0;Winchester Bay;United States;coa13b, gen13a;43.683332999999998;-124.183333000000005
31120.0;Vlaardingen;Netherlands;coa21a, gen21a, h2131085;51.899999999999999;4.350000000000000
20470.0;Wainwright;United States;a2720470, gen27b;70.650000000000006;-160.000000000000000
27530.0;Raahe;Finland;coa22l, gen22d;64.683333000000005;24.416667000000000
12960.0;Sao Sebastiao;Brazil;a0112960, coa01f, gen01c, h0112960;-23.800000000000001;-45.399999999999999
24635.0;Stora Jatterson;Sweden;a2224570, coa22p, gen22e;57.100000000000001;16.566666999999999
18950.0;Prince Rupert;Canada;coa26c, gen26c, h2618950;54.316667000000002;-130.333333000000010
31130.0;Schiedam;Netherlands;coa21a, gen21a, h2131085;51.899999999999999;4.400000000000000
5770.0;Summerside;Canada;a1805705, coa18c, gen18b;46.399999999999999;-63.783332999999999
29580.0;Stubbekobing;Denmark;a2229580, coa22i, gen22e, h2229580;54.883333000000000;12.050000000000001
3420.0;Tonawanda;United States;h1802740;43.033332999999999;-78.883332999999993
44420.0;Ordu;Turkey;coa10a, gen10b;41.000000000000000;37.883333000000000
19650.0;Shepard Point;United States;a2519670, coa25d, gen25b, h2519640;60.633333000000000;-145.666666999999990
2030.0;Rimouski;Canada;coa18c, gen18b;48.450000000000003;-68.516666999999998
32230.0;Peterhead;United Kingdom;coa20f, gen20b;57.500000000000000;-1.783333000000000
19870.0;Trap Point;United States;coa25d, gen25b;57.000000000000000;-154.150000000000006
37150.0;Pauillac;France;a0837190, gen08b, h0837150;45.200000000000003;-0.750000000000000
23046.0;Salsbruket;Norway;a2123050, gen21b;64.797777777999997;11.860277778000000
29710.0;Rodby Havn;Denmark;a2129710, coa21d, gen21a;54.649999999999999;11.350000000000000
13080.0;Porto Alegre;Brazil;gen07a, h0713080;-30.033332999999999;-51.233333000000002
32890.0;Plockton;United Kingdom;a2032920, coa20i, gen20b, h2032920;57.333333000000003;-5.650000000000000
3390.0;Windsor;Canada;coa17d;42.316667000000002;-83.033332999999999
44460.0;Sinop;Turkey;a1044460, coa10b, gen10b;42.049999999999997;35.166666999999997
27650.0;Vaasa;Finland;coa22u, gen22d;63.100000000000001;21.583333000000000
28820.0;Swinoujscie;Poland;a2228820, coa22j, gen22e, h2228820;53.916666999999997;14.266667000000000
3890.0;Thornbury;Canada;h1802740;44.566667000000002;-80.450000000000003
28840.0;Sassnitz;Germany;a2228840, coa22i, gen22e;54.516666999999998;13.650000000000000
23090.0;Trondheim;Norway;a2123080, coa21g, gen21b, h2123090;63.448333333000001;10.401666667000001
27250.0;Torehamn;Sweden;coa22l, gen22d;65.900000000000006;22.649999999999999
13950.0;Puerto Santa Cruz;Argentina;coa07b, gen07a;-50.016666999999998;-68.516666999999998
19050.0;Queen Charlotte;Canada;a2619040, coa26c, gen26b, h2619050;53.250000000000000;-132.083333000000010
24940.0;Storugns;Sweden;coa22k, gen22e;57.833333000000003;18.800000000000001
28912.0;Orth;Germany;a2129710, coa21d, gen21a;54.450000000000003;11.050000000000001
1035.0;Padloping Island;Canada;coa28m, gen28b;67.033332999999999;-62.733333000000002
510.0;Vestmannaeyjar;Iceland;coa19j, gen19b;63.433332999999998;-20.283332999999999
31430.0;Tilbury;United Kingdom;gen20b, h2031430;51.466667000000001;0.333333000000000
19920.0;Port Obrien;United States;coa25d, gen25b;57.733333000000002;-153.316666999999995
3930.0;Penetanguishene;Canada;h1802740;44.766666999999998;-79.933333000000005
17320.0;Winslow;United States;a2617160, gen26a, h2617730;47.616667000000000;-122.516666999999998
31376.0;Thamesport;United Kingdom;gen20b, h2031390;51.433332999999998;0.700000000000000
18705.0;Port San Juan;Canada;a2617100, coa26a, gen26b;48.549999999999997;-124.433333000000005
5440.0;Port Wing;United States;gen28a;46.783332999999999;-91.383332999999993
25370.0;Sandhamn;Sweden;a2225370, coa22k, gen22d, h2225370;59.283332999999999;18.916667000000000
19440.0;Pelican;United States;a2519520, coa25e, gen25b;57.966667000000001;-136.233332999999988
13000.0;Sao Francisco;Brazil;a0113000, coa01f, gen01c;-26.250000000000000;-48.633333000000000
23105.0;Sunndalsora;Norway;a2123105, gen21a;62.683332999999998;8.550000000000001
17940.0;Roche  Harbor;United States;a2618060, gen26b, h2617940;48.616667000000000;-123.166667000000004
18660.0;Sidney;Canada;a2618660, gen26b, h2618660;48.649999999999999;-123.383332999999993
17040.0;Westhaven Cove;United States;a2617060, coa26a, gen26a;46.916666999999997;-124.116667000000007
4850.0;Racine;United States;gen28a;42.733333000000002;-87.783332999999999
29830.0;Svendborg;Denmark;a2130170, coa21d, gen21a;55.066667000000002;10.616667000000000
32460.0;South Ness;United Kingdom;coa20i, gen20b;58.799999999999997;-3.200000000000000
43790.0;Yalta;Ukraine;a1043760, coa10b, gen10b;44.483333000000002;34.166666999999997
23736.0;Slagenstangen;Norway;a2123810, gen21a;59.327777777999998;10.519444443999999
23480.0;Stavanger;Norway;a2123480, coa21f, gen21a, h2123480;58.966667000000001;5.750000000000000
5400.0;Washburn;United States;gen28a;46.666666999999997;-90.883332999999993
23470.0;Sandnes;Norway;a2123490, coa21f, gen21a;58.873333332999998;5.752777778000000
1958.0;Port Cartier;Canada;a1801955, coa18c, gen18b;50.033332999999999;-66.783332999999999
25280.0;Oxelosund;Sweden;a2225190, coa22k, gen22e;58.666666999999997;17.116667000000000
5870.0;Port Hawkesbury;Canada;a1805880, coa18c, gen18b;45.616667000000000;-61.366667000000000
12970.0;Santos;Brazil;a0112970, coa01f, gen01c, h0112970;-23.949999999999999;-46.299999999999997
32820.0;Ullapool;United Kingdom;a2032830, coa20i, gen20b;57.899999999999999;-5.150000000000000
3530.0;Sandusky;United States;coa17d;41.450000000000003;-82.716667000000001
31690.0;Scarborough;United Kingdom;coa20e, gen20b;54.283332999999999;-0.400000000000000
33030.0;Tarbert;United Kingdom;coa19e, gen19a;57.899999999999999;-6.816667000000000
1820.0;St George's;Canada;a1801820, coa18d, gen18b;48.450000000000003;-58.450000000000003
32930.0;Portree Harbor;United Kingdom;a1932830, coa19e, gen19a;57.416666999999997;-6.200000000000000
13170.0;Paysandu;Uruguay;a0713150;-32.316667000000002;-58.066667000000002
4500.0;Rogers City;United States;gen28a;45.450000000000003;-83.816666999999995
2990.0;Port Whitby;Canada;h1802740;43.850000000000001;-78.933333000000005
34590.0;Silloth;United Kingdom;a2034600, coa20i, gen20b, h2034590;54.866667000000000;-3.400000000000000
23630.0;Risor;Norway;a2123600, coa21e, gen21a;58.721944444000002;9.245277778000000
19410.0;Sitka;United States;coa25e, gen25b, h2519410;57.049999999999997;-135.333333000000010
18805.0;Tahsis;Canada;a2618805, coa26b, gen26b;49.916666999999997;-126.666667000000004
33280.0;Port Ellen;United Kingdom;a1932790, coa19e, gen19a;55.633333000000000;-6.200000000000000
36000.0;Saint Peter Port;Guernsey;a2036130, coa20b, gen20b;49.450000000000003;-2.533333000000000
8320.0;Richmond;United States;h1708320;37.533332999999999;-77.416667000000004
4350.0;Port Huron;United States;h1802740;43.000000000000000;-82.433333000000005
17730.0;Seattle;United States;a2617160, gen26a, h2617730;47.600000000000001;-122.333332999999996
34196.0;Valentia;Ireland;coa19f, gen19a;51.933332999999998;-10.300000000000001
35450.0;Portland Harbour;United Kingdom;a2035450, coa20b, gen20b, h2035450;50.583333000000003;-2.433333000000000
4430.0;Tawas City;United States;gen28a;44.266666999999998;-83.500000000000000
43747.0;Ust-Dunaisk;Ukraine;a1043570, coa10b, gen10b;45.466667000000001;29.699999999999999
19780.0;Seldovia;United States;a2519781, coa25d, gen25b;59.433332999999998;-151.733332999999988
7260.0;Quincy;United States;a1807250, coa18a, gen18a, h1807250;42.250000000000000;-70.966667000000001
25320.0;Sodertalje;Sweden;gen22d;59.183332999999998;17.649999999999999
3950.0;Tiffin;Canada;h1802740;44.750000000000000;-79.849999999999994
27790.0;Uusikaupunki;Finland;coa22u, gen22d;60.799999999999997;21.399999999999999
24310.0;Solvesborg;Sweden;a2224460, coa22p, gen22e;56.045555555999996;14.586388889000000
32690.0;Torshavn;Faroe Islands;a1932690, coa19h, gen19b, h1932690;62.000000000000000;-6.750000000000000
7290.0;Provincetown;United States;a1807250, coa18a, gen18a, h1807290;42.049999999999997;-70.183333000000005
27330.0;Sandvik;Sweden;coa22l, gen22d;65.733333000000002;23.766667000000002
4720.0;Saugatuck;United States;gen28a;42.666666999999997;-86.200000000000003
32720.0;Vestmanna;Faroe Islands;a1932690, coa19h, gen19b;62.149999999999999;-7.166667000000000
26280.0;Ulvvik;Sweden;a2226240, coa22u, gen22d;62.666666999999997;17.866667000000000
13965.0;San Sebastian Bay;Argentina;a0714100, coa07b, gen07a;-53.166666999999997;-68.500000000000000
44603.0;Yarimca;Turkey;a1044620, coa10c, gen10b;40.799999999999997;29.699999999999999
32500.0;Scapa Bay;United Kingdom;coa20f, gen20b;58.950000000000003;-2.983333000000000
31600.0;Wisbech;United Kingdom;gen20b;52.666666999999997;0.150000000000000
23710.0;Sandefjorden;Norway;a2123850, coa21e, gen21a, h2123710;59.100555556000003;10.233055556000000
23730.0;Valloy;Norway;a2123810, coa21e, gen21a, h2123720;59.258055556000002;10.490000000000000
9260.0;Palacios;United States;a1509275, coa15a, gen15, h1509280;28.683333000000001;-96.216667000000001
5470.0;Two Harbors;United States;gen28a;47.016666999999998;-91.650000000000006
17030.0;Willapa Harbor;United States;a2616940, gen26a;46.683332999999998;-123.750000000000000
24440.0;Ronneby;Sweden;a2224460, coa22p, gen22e;56.172777777999997;15.301388889000000
28300.0;Vyborg;Russia;coa22v, gen22d, h2228300;60.716667000000001;28.750000000000000
19639.0;Orca;United States;a2519670, coa25d, gen25b, h2519640;60.583333000000003;-145.716667000000001
400.0;Seydhisfjordhur;Iceland;a1900400, coa19j, gen19b, h1900400;65.266666999999998;-14.000000000000000
23095.0;Thamshamm;Norway;a2123080, gen21b;63.323611110999998;9.872222222000000
5800.0;Pictou;Canada;a1805705, coa18c, gen18b, h1805800;45.666666999999997;-62.716667000000001
3540.0;Port Clinton;United States;coa17d;41.516666999999998;-82.933333000000005
35250.0;Penzance;United Kingdom;a2035290, coa20a, gen20b;50.116667000000000;-5.533333000000000
35690.0;Rye Harbour;United Kingdom;a2035810, coa20c, gen20b;50.933332999999998;0.766667000000000
25800.0;Stocka;Sweden;coa22u, gen22d;61.899999999999999;17.350000000000001
30440.0;Skagen Havn;Denmark;coa21c, gen21a;57.716667000000001;10.600000000000000
33060.0;Ornsay;United Kingdom;a2033090, coa20i, gen20b;57.149999999999999;-5.800000000000000
19470.0;Tenakee Springs;United States;coa25e, gen25b;57.783332999999999;-135.199999999999989
33140.0;Tobermory;United Kingdom;a1932790, coa19e, gen19a;56.616667000000000;-6.066667000000000
21690.0;Stokkmarknes;Norway;coa22h, gen22c;68.566666999999995;14.916667000000000
32180.0;Perth;United Kingdom;gen20b;56.399999999999999;-3.450000000000000
27755.0;Tahkoluoto;Finland;coa22u, gen22d;61.633333000000000;21.399999999999999
16710.0;Port Orford;United States;coa13b, gen13a;42.733333000000002;-124.500000000000000
22160.0;Tranoy;Norway;a2221900, coa22h, gen22c;68.180833332999995;15.673611111000000
7200.0;Rockport;United States;a1807180, coa18a, gen18a, h1807210;42.666666999999997;-70.616667000000007
29905.0;Skaerbaek;Denmark;a2130170, coa21d, gen21a, h2130170;55.516666999999998;9.616667000000000
32450.0;Stromness;United Kingdom;coa20i, gen20b;58.966667000000001;-3.300000000000000
17550.0;Quartermaster Harbor;United States;a2617700, gen26a;47.383333000000000;-122.466667000000001
18330.0;Westview;Canada;a2618150, gen26b, h2618340;49.834166666999998;-124.531944444000004
20190.0;Village Cove;United States;coa25g, gen25b;57.133333000000000;-170.266667000000012
7350.0;Vineyard Haven;United States;a1707420, coa17c, gen17a, h1707350;41.450000000000003;-70.599999999999994
4880.0;Sheboygan;United States;gen28a;43.750000000000000;-87.700000000000003
2340.0;St Andrews East;Canada;a1802550;45.566667000000002;-74.333332999999996
17700.0;Tacoma;United States;a2617700, gen26a, h2617700;47.283332999999999;-122.416667000000004
33550.0;Troon;United Kingdom;a2033490, coa20i, gen20b;55.549999999999997;-4.683333000000000
17900.0;Richardson;United States;a2618060, gen26b, h2618040;48.450000000000003;-122.900000000000006
25720.0;Soderhamn;Sweden;a2225620, coa22u, gen22d, h2225650;61.299999999999997;17.083333000000000
3000.0;Toronto;Canada;h1802740;43.616667000000000;-79.383332999999993
34150.0;Tarbert;Ireland;coa19f, gen19a, h1934130;52.583333000000003;-9.366667000000000
16730.0;Prosper;United States;coa13b, gen13a;43.149999999999999;-124.366667000000007
13960.0;Puerto Gallegos;Argentina;coa07b, gen07a;-51.616667000000000;-68.966667000000001
24030.0;Varberg;Sweden;a2230423, coa22q, gen22e, h2224030;57.108888888999999;12.232500000000000
28750.0;Police;Poland;a2228820, gen22e, h2228823;53.566667000000002;14.566667000000001
23620.0;Tvedestrand;Norway;a2123600, coa21e, gen21a;58.611666667000001;8.942500000000001
44450.0;Samsun;Turkey;a1044450, coa10a, gen10b, h1044450;41.299999999999997;36.350000000000001
3510.0;Vermilion;United States;coa17d;41.433332999999998;-82.366667000000007
26420.0;Vaja;Sweden;a2226240, coa22u, gen22d;62.983333000000002;17.716667000000001
16880.0;Westport;United States;a2616940, gen26a;46.133333000000000;-123.383332999999993
28828.0;Wolgast;Germany;coa22i, gen22e;54.049999999999997;13.783333000000001
35415.0;Teignmouth Harbour;United Kingdom;a2035450, coa20b, gen20b;50.549999999999997;-3.500000000000000
17160.0;Port Townsend;United States;a2617160, gen26b, h2617230;48.116667000000000;-122.750000000000000
31210.0;Vlissingen;Netherlands;a2131250, coa21a, gen21a, h2131210;51.450000000000003;3.600000000000000
20390.0;Solomon;United States;coa27b, gen27b;64.549999999999997;-164.400000000000006
18760.0;Ucluelet;Canada;a2618730, coa26b, gen26b;48.950000000000003;-125.549999999999997
790.0;Qasigiannguit-Christianshab;Greenland;coa28e, gen28b;68.816666999999995;-51.183332999999998
32380.0;Wick;United Kingdom;coa20f, gen20b;58.433332999999998;-3.083333000000000
16840.0;Warrenton;United States;a2616940, coa26a, gen26a;46.166666999999997;-123.916667000000004
35170.0;Padstow;United Kingdom;coa20a, gen20b;50.549999999999997;-4.933333000000000
13900.0;Puerto Madryn;Argentina;a0713900, coa07a, gen07a, h0713900;-42.766666999999998;-65.033332999999999
23140.0;Vaksdal;Norway;coa21f, gen21a;60.478333333000002;5.732777778000000
4460.0;Oscoda;United States;gen28a;44.416666999999997;-83.316666999999995
43510.0;Varna;Bulgaria;a1043510, coa10b, gen10b;43.183332999999998;27.966667000000001
23810.0;Oslo;Norway;a2123810, gen21a, h2123810;59.898055556000003;10.745555555999999
32680.0;Tvoroyri;Faroe Islands;a1932690, coa19h, gen19b, h1932680;61.549999999999997;-6.800000000000000
4220.0;Thessalon;Canada;gen28a;46.250000000000000;-83.566666999999995
13250.0;Puerto De Asuncion;Paraguay;gen07a;-25.266667000000002;-57.683332999999998
43655.0;Yuzhnyy;Ukraine;a1043650, coa10b, gen10b, h1043650;46.600000000000001;31.016667000000002
23670.0;Porsgrunn;Norway;a2123660, coa21e, gen21a, h2123660;59.147222222000003;9.653888888999999
19250.0;Waterfall;United States;coa26d, gen26c;55.299999999999997;-133.233332999999988
24810.0;Ronehamn;Sweden;coa22p, gen22e;57.116667000000000;18.500000000000000
44140.0;Temryuk;Russia;a1043900, coa10a, gen10b;45.350000000000001;37.350000000000001
18130.0;Port Coquitlam;Canada;gen26b;49.233333332999997;-122.766666666999996
27850.0;Tolkkinen;Finland;coa22v, gen22d;60.033332999999999;25.583333000000000
31360.0;Whitstable;United Kingdom;a2031470, coa20d, gen20b;51.366667000000000;1.033333000000000
6550.0;St John;Canada;a1806550, coa18b, gen18a, h1806550;45.266666999999998;-66.049999999999997
30457.0;Thisted;Denmark;coa21b, gen21a;56.950000000000003;8.699999999999999
4830.0;Waukegan;United States;gen28a;42.366667000000000;-87.816666999999995
44230.0;Tuapse;Russia;a1044230, coa10a, gen10b;44.100000000000001;39.066667000000002
31220.0;Terneuzen;Netherlands;a2131250, coa21a, gen21a, h2131220;51.350000000000001;3.816667000000000
23460.0;Sauda;Norway;gen21a;59.636944444000001;6.341111111000000
22520.0;Ornes;Norway;coa22h;66.864722221999997;13.706944443999999
31700.0;Whitby;United Kingdom;coa20e, gen20b;54.483333000000002;-0.616667000000000
4410.0;Saginaw;United States;h1802740;43.433332999999998;-83.933333000000005
4740.0;St Joseph;United States;coa17a;42.116667000000000;-86.483333000000002
43673.0;Port Oktyabrsk;Ukraine;a1043670, gen10b;46.833333000000003;31.933333000000001
20090.0;Sanak;United States;a2520090, coa25b, gen25b;54.483333000000002;-162.816666999999995
30285.0;Studstrup;Denmark;a2130260, coa21c, gen21a;56.250000000000000;10.350000000000000
35790.0;Saint-Valery-Sur-Somme;France;gen20b;50.183332999999998;1.616667000000000
17410.0;Silverdale;United States;a2617160, gen26a, h2617730;47.649999999999999;-122.700000000000003
2470.0;Rockland;Canada;h1802741;45.549999999999997;-75.299999999999997
20305.0;Platinum;United States;coa25c, gen25b;59.016666999999998;-161.833333000000010
35210.0;St. Mary's (Scilly Isl.);United Kingdom;a1935290, coa19g, gen19a;49.916666999999997;-6.316667000000000
6650.0;Wyman;United States;a1806700, coa18b, gen18a;44.516666999999998;-67.866667000000007
19900.0;Uyak;United States;coa25d, gen25b;57.633333000000000;-154.000000000000000
16870.0;Tongue Point;United States;a2616940, coa26a, gen26a;46.200000000000003;-123.750000000000000
19770.0;Port Graham;United States;a2519781, coa25d, gen25b;59.350000000000001;-151.816666999999995
21140.0;Talvik;Norway;a2221130, coa22g, gen22c;70.033333333000002;22.949999999999999
32410.0;Pierowall;United Kingdom;coa20f, gen20b;59.317777778000000;-2.988611111000000
1020.0;Pond Inlet;Canada;coa28h, gen28f;72.750000000000000;-76.750000000000000
29660.0;Sakskobing;Denmark;a2129560, coa21d, gen21a;54.799999999999997;11.633333000000000
23525.0;Stusvik;Norway;coa21f, gen21a;58.004444444000001;7.034166667000000
21900.0;Svolvaer;Norway;a2221900, coa22h, gen22c;68.233333000000002;14.583333000000000
19280.0;Steamboat Bay;United States;coa26d, gen26c;55.533332999999999;-133.633332999999993
6500.0;Windsor;Canada;coa18b, gen18b;45.000000000000000;-64.150000000000006
17010.0;South Bend;United States;a2616940, gen26a;46.666666999999997;-123.783332999999999
20360.0;St. Michael;United States;coa27b, gen27b;63.483333000000002;-162.033332999999999
43570.0;Sulina;Romania;a1043570, coa10b, gen10b;45.166666999999997;29.666667000000000
14220.0;Puerto Castro;Chile;coa07d, gen07b;-42.483333000000002;-73.766666999999998
3710.0;Point Edward;Canada;h1802740;43.000000000000000;-82.416667000000004
4560.0;Sault Ste Marie;United States;gen28a;46.500000000000000;-84.349999999999994
2210.0;Trois Rivieres;Canada;a1802210, h1802210;46.350000000000001;-72.549999999999997
13130.0;Puerto Sauce;Uruguay;coa07a, gen07a;-34.433332999999998;-57.450000000000003
24950.0;Visby;Sweden;coa22k, gen22e;57.633333000000000;18.283332999999999
19740.0;San Juan Cannery;United States;a2519740, coa25d, gen25b;60.049999999999997;-148.066666999999995
28823.0;Szczecin;Poland;gen22e, h2228823;53.416666999999997;14.550000000000001
28848.0;Stralsund;Germany;coa22i, gen22e;54.316667000000002;13.100000000000000
12491.0;Vila Do Conde;Brazil;a0112490, gen01b;-1.550000000000000;-48.750000000000000
29560.0;Vordingborg;Denmark;coa21d, gen21a, h2129560;55.000000000000000;11.900000000000000
23485.0;Skudeneshavn;Norway;a2123480, coa21f, gen21a;59.143333333000001;5.258333333000000
35330.0;Par;United Kingdom;a2035370, coa20b, gen20b;50.350000000000001;-4.700000000000000
31750.0;Seaham;United Kingdom;a2031765, coa20e, gen20b;54.833333000000003;-1.316667000000000
7360.0;Woods Hole;United States;a1707420, coa17c, gen17a, h1707360;41.516666999999998;-70.666667000000004
542.0;Qutdleq;Greenland;coa19b, gen19b;61.516666999999998;-42.216667000000001
19830.0;Womens Bay;United States;a2519820, coa25d, gen25b, h2519820;57.716667000000001;-152.516667000000012
8822.0;Southwest Pass;United States;coa15a, gen15;28.449999999999999;-90.700000000000003
28860.0;Rostock;Germany;coa22i, gen22e, h2228860;54.100000000000001;12.133333000000000
19950.0;Port Vita;United States;a2519820, coa25d, gen25b;58.066667000000002;-153.066666999999995
30060.0;Sonderborg;Denmark;a2130170, coa21d, gen21a;54.916666999999997;9.783333000000001
17230.0;Port Gamble;United States;a2617160, gen26a, h2617230;47.850000000000001;-122.583332999999996
35460.0;Weymouth Harbour;United Kingdom;a2035450, coa20b, gen20b, h2035450;50.616667000000000;-2.450000000000000
27990.0;Pargas;Finland;a2227820, coa22m, gen22d;60.283332999999999;22.066666999999999
1955.0;Sept Iles;Canada;a1801955, coa18c, gen18b, h1801955;50.200000000000003;-66.383332999999993
34020.0;Westport;Ireland;coa19f, gen19a;53.799999999999997;-9.533333000000001
32630.0;Sullom Voe;United Kingdom;a2032600, coa20g, gen20b;60.466667000000001;-1.300000000000000
2520.0;Ottawa;Canada;h1802741;45.433332999999998;-75.700000000000003
29530.0;Skaelskor;Denmark;a2129860, coa21d, gen21a;55.250000000000000;11.300000000000001
3750.0;Port Elgin;Canada;h1802740;44.433332999999998;-81.400000000000006
18160.0;Port Moody;Canada;a2618150, gen26b, h2618150;49.283332999999999;-122.883332999999993
31050.0;Zaandam;Netherlands;coa21a, gen21a, h2131060;52.433332999999998;4.833333000000000
31370.0;Sheerness;United Kingdom;gen20b, h2031390;51.450000000000003;0.750000000000000
35560.0;Yarmouth Harbour;United Kingdom;a2035600, coa20c, gen20b, h2035580;50.700000000000003;-1.500000000000000
24690.0;Oskarshamn;Sweden;a2224570, coa22p, gen22e, h2224690;57.266666999999998;16.449999999999999
44345.0;Supsa Marine Terminal;Georgia;a1044340, coa10a, gen10b;42.100000000000001;41.716667000000001
25910.0;Sundsvall;Sweden;a2225910, coa22u, gen22d, h2225910;62.383333000000000;17.350000000000001
17110.0;Sekiu;United States;a2617100, coa26a, gen26b;48.266666999999998;-124.299999999999997
43710.0;Skadovs'k;Ukraine;coa10b, gen10b;46.100000000000001;32.916666999999997
1670.0;St John's;Canada;a1801670, coa18d, gen18b, h1801670;47.566667000000002;-52.700000000000003
13930.0;Puerto Deseado;Argentina;coa07b, gen07a, h0713930;-47.750000000000000;-65.900000000000006
26140.0;Vivstavarv;Sweden;a2225910, coa22u, gen22d;62.483333000000002;17.350000000000001
35480.0;Poole Harbour;United Kingdom;a2035450, coa20b, gen20b, h2035480;50.683332999999998;-1.950000000000000
24840.0;Slite;Sweden;coa22k, gen22e;57.700000000000003;18.816666999999999
32676.0;Vagur;Faroe Islands;a1932690, coa19h, gen19a;61.483333000000002;-6.800000000000000
4340.0;St Clair;United States;h1802740;42.816667000000002;-82.483333000000002
14650.0;Taltal;Chile;coa07d, gen07b;-25.399999999999999;-70.483333000000002
20483.0;Prudhoe Bay;United States;a2720483, gen27b;70.333332999999996;-148.416666999999990
16800.0;Reedsport;United States;coa13b, gen13a;43.700000000000003;-124.099999999999994
2330.0;St Placide;Canada;a1802550;45.533332999999999;-74.200000000000003
16890.0;Rainier;United States;a2616940, gen26a;46.083333000000003;-122.933333000000005
13981.0;Villa Constitucion;Argentina;gen07a;-33.299999999999997;-60.333333000000003
20135.0;Palisades Point;United States;coa25b, gen25b;52.233333000000002;-174.166666999999990
33480.0;Renfrew;United Kingdom;gen20b, h2033490;55.883333000000000;-4.383333000000000
16940.0;Portland;United States;gen26a, h2616940;45.516666999999998;-122.666667000000004
1000.0;Pituffik (Thule Air Base);Greenland;a2801000, coa28f, gen28c, h2801000;76.533332999999999;-68.866667000000007
3660.0;Sombra;Canada;h1802740;42.716667000000001;-82.483333000000002
3590.0;Wyandotte;United States;coa17d;42.200000000000003;-83.150000000000006
3010.0;Port Credit;Canada;h1802740;43.549999999999997;-79.583332999999996
32702.0;Runavik;Faroe Islands;a1932690, coa19h, gen19b, h1932702;62.116667000000000;-6.716667000000000
30730.0;Rendsburg;Germany;gen21a, h2130730;54.299999999999997;9.683332999999999
22940.0;Tjotta;Norway;a2222940, coa22h;65.821111110999993;12.433333333000000
4730.0;South Haven;United States;gen28a;42.399999999999999;-86.283332999999999
4870.0;Port Washington;United States;gen28a;43.383333000000000;-87.866667000000007
35950.0;Rade De Cherbourg;France;a2036130, coa20c, gen20b, h2035950;49.649999999999999;-1.633333000000000
28770.0;Ustka;Poland;coa22j, gen22e;54.583333000000003;16.850000000000001
19180.0;Yes Bay;United States;a2619300, coa26d, gen26c;55.916666999999997;-131.800000000000011
29760.0;Rudkobing;Denmark;a2129860, coa21d, gen21a;54.950000000000003;10.716666999999999
21670.0;Sortland;Norway;coa22h, gen22c;68.696944443999996;15.421944443999999
37040.0;Rochefort;France;gen08b, h0837040;45.933332999999998;-0.950000000000000
4270.0;Richards Landing;Canada;gen28a;46.299999999999997;-84.033332999999999
19590.0;Skagway;United States;a2519520, coa25e, gen25b, h2519590;59.450000000000003;-135.333333000000010
23823.0;Tofte;Norway;a2123810, gen21a;59.544166666999999;10.570555556000000
5960.0;Whycocomagh;Canada;a1805860, coa18c, gen18b;45.966667000000001;-61.133333000000000
13940.0;Puerto San Julian;Argentina;coa07b, gen07a;-49.316667000000002;-67.700000000000003
44320.0;Sokhumi;Georgia;coa10a, gen10b, h1044320;42.983333000000002;40.983333000000002
12330.0;Palua;Venezuela;gen14a;8.366667000000000;-62.683332999999998
23680.0;Skien;Norway;coa21e, gen21a;59.199722221999998;9.603611110999999
31280.0;Zeebrugge;Belgium;a2131250, coa21a, gen21a, h2131280;51.333333000000003;3.200000000000000
32780.0;Scrabster Harbor;United Kingdom;coa20i, gen20b;58.616667000000000;-3.550000000000000
5450.0;Superior;United States;gen28a;46.733333000000002;-92.066666999999995
1750.0;Port De St Pierre;Saint Pierre and Miquelon;a1801750, coa18d, gen18b, h1801750;46.783332999999999;-56.166666999999997
43925.0;Reni;Ukraine;gen10b;45.433332999999998;28.300000000000001
37050.0;Tonnay Charente;France;gen08b, h0837040;45.933332999999998;-0.900000000000000
31720.0;Teesport;United Kingdom;a2031765, coa20e, gen20b, h2031720;54.649999999999999;-1.133333000000000
33620.0;Ramsey;Isle of Man;coa20i, gen20b;54.316667000000002;-4.366667000000000
260.0;Siglufjorhurd;Iceland;a1900310, coa19d, gen19b, h1900260;66.150000000000006;-18.916667000000000
3760.0;Southampton;Canada;h1802740;44.500000000000000;-81.383332999999993
19300.0;Petersburg;United States;coa26d, gen26c, h2619300;56.816667000000002;-132.949999999999989
23835.0;Sarpsborg;Norway;coa21e, gen21a;59.266666999999998;11.100000000000000
44240.0;Sochi;Russia;coa10a, gen10b;43.583333000000003;39.733333000000002
3150.0;Sackets Harbor;United States;h1802740;43.950000000000003;-76.116667000000007
31765.0;Tynemouth;United Kingdom;a2031765, coa20e, gen20b, h2031765;55.000000000000000;-1.400000000000000
1605.0;Port Union;Canada;a1801595, coa18d, gen18b, h1801600;48.500000000000000;-53.083333000000003
3770.0;Tobermory;Canada;h1802740;45.266666999999998;-81.666667000000004
35580.0;Southampton;United Kingdom;coa20c, gen20b, h2035580;50.899999999999999;-1.400000000000000
31070.0;Scheveningen;Netherlands;a2131140, coa21a, gen21a, h2131070;52.100000000000001;4.266667000000000
3200.0;Rochester;United States;h1802740;43.266666999999998;-77.599999999999994
20930.0;Sorvaer;Norway;coa22g, gen22c;70.627222222000000;21.964722221999999
2180.0;Quebec;Canada;a1802210, h1802180;46.816667000000002;-71.216667000000001
12980.0;Paranagua;Brazil;a0112980, coa01f, gen01c, h0112980;-25.500000000000000;-48.516666999999998
3960.0;Port Mcnicoll;Canada;h1802740;44.750000000000000;-79.799999999999997
33570.0;Stranraer;United Kingdom;coa20i, gen20b;54.899999999999999;-5.033333000000000
6190.0;Stormont;Canada;a1806200, coa18b, gen18b, h1806190;45.216667000000001;-61.716667000000001
4380.0;Port Hope;United States;h1802740;43.950000000000003;-82.700000000000003
20040.0;Sand Point;United States;coa25b, gen25b;55.333333000000003;-160.533332999999999
21870.0;Stamsund;Norway;coa22h, gen22c;68.121111111000005;13.848888888999999
4680.0;White Lake;United States;gen28a;43.383333000000000;-86.349999999999994
25060.0;Vastervik;Sweden;coa22k, gen22e, h2225060;57.766666999999998;16.649999999999999
17750.0;Point Wells;United States;a2617160, gen26a, h2617750;47.783332999999999;-122.400000000000006
22350.0;Rognan;Norway;coa22h, gen22c;67.108611111000002;15.397777778000000
8350.0;Plymouth;United States;a1708375;35.866667000000000;-76.750000000000000
23500.0;Rekefjord;Norway;a2123500, coa21f, gen21a;58.325833332999999;6.258333333000000
30460.0;Thyboron;Denmark;coa21b, gen21a;56.700000000000003;8.216666999999999
18820.0;Port Alice;Canada;coa26b, gen26b;50.383333000000000;-127.450000000000003
31830.0;Warkworth Harbour;United Kingdom;coa20e, gen20b;55.333333000000003;-1.583333000000000
23790.0;Storsteilene;Norway;a2123810, gen21a, h2123810;59.816666667000000;10.607500000000000
8870.0;Port Of Memphis;United States;a1509000;35.066667000000002;-90.166667000000004
35110.0;Watchet Harbor;United Kingdom;a2035070, coa20j, gen20b;51.183332999999998;-3.333333000000000
19670.0;Valdez;United States;a2519670, coa25d, gen25b, h2519670;61.116667000000000;-146.250000000000000
25900.0;Stockvik;Sweden;a2225910, coa22u, gen22d;62.333333000000003;17.383333000000000
19990.0;Port William;United States;coa25d, gen25b;58.483333000000002;-152.583333000000010
2460.0;Thurso;Canada;h1802741;45.600000000000001;-75.233333000000002
28715.0;Port Polnochny;Poland;a2228710, coa22j, gen22e, h2228710;54.399999999999999;18.716667000000001
17250.0;Poulsbo;United States;a2617160, gen26a, h2617750;47.733333000000002;-122.650000000000006
30190.0;Vejle;Denmark;coa21d, gen21a;55.716667000000001;9.550000000000001
29600.0;Stege;Denmark;a2229580, coa22i, gen22e;54.983333000000002;12.283333000000001
23487.0;Tananger;Norway;a2123490, coa21f, gen21a;58.930000000000000;5.570833333000000
3550.0;Put In Bay;United States;coa17d;41.649999999999999;-82.816666999999995
57070.0;Yandina;Solomon Islands;coa06e, gen06a;-9.083333000000000;159.216667000000001
27190.0;Pitea;Sweden;a2227220, coa22l, gen22d;65.316666999999995;21.483332999999998
44390.0;Trabzon;Turkey;coa10a, gen10b;41.016666999999998;39.766666999999998
33370.0;Rothesay Harbor;United Kingdom;a2033490, coa20i, gen20b, h2033500;55.833333000000003;-5.050000000000000
20200.0;Port Moller;United States;coa25b, gen25b;55.983333000000002;-160.566666999999995
16930.0;St Helens;United States;a2616940, gen26a;45.866667000000000;-122.799999999999997
19807.0;Snug Harbor;United States;a2519788, coa25d, gen25b;60.100000000000001;-152.583333000000010
21310.0;Tromso;Norway;a2221310, coa22g, gen22c, h2221310;69.650000000000006;18.966667000000001
35040.0;Sharpness;United Kingdom;gen20b;51.716667000000001;-2.483333000000000
28510.0;Osmussaar;Estonia;coa22v, gen22d;59.299999999999997;23.366667000000000
4900.0;Two Rivers;United States;gen28a;44.149999999999999;-87.566666999999995
13860.0;San Blas;Argentina;coa07a, gen07a;-40.566667000000002;-62.233333000000002
4130.0;Sheguiandah;Canada;coa28o, gen28a;45.899999999999999;-81.916667000000004
19810.0;Ouzinkie;United States;a2519820, coa25d, gen25b, h2519810;57.916666999999997;-152.500000000000000
43760.0;Sevastopol;Ukraine;a1043760, coa10b, gen10b, h1043760;44.616667000000000;33.533332999999999
3220.0;Youngstown;United States;h1802740;43.250000000000000;-79.049999999999997
36370.0;Port De Roscoff-Bloscon;France;a2036130, coa20b, gen20b;48.733333000000002;-3.983333000000000
33950.0;Sligo;Ireland;coa19f, gen19a;54.266666999999998;-8.466666999999999
5880.0;Port Hastings;Canada;a1805880, coa18c, gen18b;45.649999999999999;-61.399999999999999
23330.0;Sagvag;Norway;a2123330, coa21f, gen21a;59.771666666999998;5.378888889000000
33470.0;Rothesay Dock;United Kingdom;gen20b, h2033490;55.899999999999999;-4.400000000000000
35850.0;Port Of Rouen;France;gen20b, h2035850;49.450000000000003;1.066667000000000
3190.0;Sodus Bay;United States;h1802740;43.266666999999998;-76.983333000000002
24280.0;Simrishamn;Sweden;a2229110, coa22p, gen22e;55.558333333000000;14.358055556000000
19589.0;Tanani Point;United States;a2519520, coa25e, gen25b, h2519589;59.283332999999999;-135.449999999999989
25050.0;Verkeback;Sweden;coa22k, gen22e;57.733333000000002;16.533332999999999
18960.0;Port Simpson;Canada;coa26c, gen26c;54.566667000000002;-130.433333000000005
3810.0;Wiarton;Canada;h1802740;44.750000000000000;-81.133332999999993
18872.0;Port Mcneill;Canada;a2618875, gen26b, h2618872;50.583333000000003;-127.083332999999996
5490.0;Washington Harbor;United States;gen28a;47.916666999999997;-89.150000000000006
100.0;Reykjavik;Iceland;a1900105, coa19j, gen19b, h1900100;64.150000000000006;-21.933333000000001
19660.0;Valdez Marine Terminal;United States;a2519670, coa25d, gen25b, h2519670;61.083333000000003;-146.400000000000006
51030.0;Pekalongan;Indonesia;coa04d, gen04c;-6.850000000000000;109.700000000000003
56590.0;Pohnpei Harbor;Federated States of Micronesia;coa12h, gen12c, h1256590;6.983333000000000;158.199999999999989
59988.0;Yangzhou;China;gen23a;32.266666999999998;119.433333000000005
53050.0;Sailolof;Indonesia;a0453020, coa04f, gen04c;-1.250000000000000;130.750000000000000
59070.0;San Carlos;Philippines;a1159015, coa11g, gen11a;10.483333000000000;123.416667000000004
690.0;Sisimiut;Greenland;a2800660, coa28q, gen28b;66.916667000000004;-53.700000000000003
50330.0;Palembang;Indonesia;a0350300, gen03c;-2.983333000000000;104.766666999999998
51020.0;Tegal;Indonesia;a0451020, coa04d, gen04c;-6.850000000000000;109.133332999999993
51040.0;Semarang;Indonesia;a0451040, coa04d, gen04c, h0451040;-6.950000000000000;110.416667000000004
55600.0;Pangai;Tonga;gen06c;-19.800000000000001;-174.349999999999994
3320.0;Rondeau;Canada;coa17d;42.266666999999998;-81.900000000000006
7470.0;Stonington;United States;a1707500, coa17c, gen17a, h1707500;41.333333000000003;-71.900000000000006
16970.0;Washougal;United States;a2616940, gen26a;45.583333000000003;-122.349999999999994
250.0;Saudarkrokur;Iceland;coa19d, gen19b;65.750000000000000;-19.666667000000000
8890.0;Tri-City Port;United States;a1509000;38.716667000000001;-90.200000000000003
53300.0;Thursday Island;Australia;a0553300, coa05d, gen05a, h0553300;-10.583333000000000;142.216667000000001
54940.0;Port Dalrymple;Australia;a0554970, coa05b, gen05b, h0554940;-41.133333000000000;146.833333000000010
62680.0;Pevek;Russia;coa27c, gen27a;69.716667000000001;170.300000000000011
55000.0;Whangaroa;New Zealand;coa06f, gen06b;-35.049999999999997;173.766667000000012
53020.0;Tg. Sorong;Indonesia;a0453020, coa04f, gen04c, h0453020;-0.883333000000000;131.233332999999988
75.0;Straumsvik;Iceland;a1900105, coa19j, gen19b, h1900080;64.049999999999997;-22.050000000000001
56530.0;Tinian;Northern Mariana Islands;a1256520, coa12f, gen12d, h1256530;14.966666999999999;145.616667000000007
61090.0;Shakotan;Russia;a2461090, coa24m, gen24a;43.866667000000000;146.833333000000010
59976.0;Taicang;China;a2359970, coa23d, gen23a;31.649999999999999;121.200000000000003
57100.0;Tulaghi;Solomon Islands;a0657120, coa06e, gen06a;-9.100000000000000;160.150000000000006
61353.0;Soma;Japan;coa12b, gen12b;37.833333000000003;140.949999999999989
56450.0;Tarawa Atoll;Kiribati;a1256450, gen12c;1.333333000000000;172.933333000000005
17990.0;Orcas;United States;a2618060, gen26b, h2617940;48.600000000000001;-122.933333000000005
56290.0;Port Allen;United States;a1356300, coa13c, gen13c, h1356290;21.899999999999999;-159.583333000000010
4810.0;Wilmette;United States;gen28a;42.083333000000003;-87.683333000000005
50231.0;Ramba;Indonesia;gen03c;-2.616667000000000;104.133332999999993
52480.0;Teluk Beo;Indonesia;gen11b;4.233333000000000;126.783332999999999
55840.0;Papeete;French Polynesia;a0655830, coa06j, gen06e, h0655840;-17.533332999999999;-149.583333000000010
28500.0;Vene-Balti;Estonia;a2228480, coa22v, gen22d, h2228480;59.456960000000002;24.656359999999999
28540.0;Virtsu;Estonia;coa22r, gen22e;58.575015999999998;23.510000999999999
28480.0;Vanasadam - Port of Tallinn;Estonia;a2228480, coa22v, gen22d, h2228480;59.450127999999999;24.766676000000000
62840.0;Rabocheostrovsk;Russia;coa22e, gen22a;64.991666667000004;34.795277777999999
58690.0;Tacloban;Philippines;a1158670, coa11g, gen11a, h1158690;11.250000000000000;125.000000000000000
16680.0;Samoa;United States;coa13b, gen13a, h1316670;40.816667000000002;-124.183333000000005
56520.0;Saipan;Northern Mariana Islands;a1256520, coa12f, gen12d, h1256520;15.199999999999999;145.683333000000005
61165.0;Tomakomai Ko;Japan;coa24n, gen24b, h2461165;42.633333000000000;141.633332999999993
59820.0;Siasi;Philippines;a1159800, coa11i, gen11b;5.550000000000000;120.816666999999995
62810.0;Severodvinsk;Russia;coa22e, gen22a;64.577222222000003;39.773055556000003
56975.0;Port Noro;Solomon Islands;a0656970, coa06e, gen06a, h0656975;-8.216666999999999;157.183333000000005
8160.0;Trenton;United States;a1708130, h1708160;40.200000000000003;-74.766666999999998
52660.0;Wahai;Indonesia;coa04f, gen04c;-2.783333000000000;129.500000000000000
50510.0;Sibolga;Indonesia;a0350510, coa03g, gen03c, h0350510;1.733333000000000;98.766666999999998
51070.0;Rembang;Indonesia;coa04d, gen04c;-6.700000000000000;111.349999999999994
51254.0;Tanjung Benete;Indonesia;coa04d, gen04c;-8.900000000000000;116.750000000000000
57434.0;Tantawan Marine Terminal;Thailand;coa03e, gen03a;10.083333000000000;101.416667000000004
51100.0;Tuban;Indonesia;coa04d, gen04c;-6.733333000000000;112.150000000000006
62894.0;Vitino;Russia;coa22e, gen22c;67.083332999999996;32.316667000000002
58695.0;Tanauan;Philippines;a1158670, coa11g, gen11a, h1158690;11.100000000000000;125.016666999999998
19680.0;Whittier;United States;a2519740, coa25d, gen25b, h2519680;60.778333332999999;-148.694444443999998
58870.0;Tagbilaran;Philippines;a1158870, coa11g, gen11a, h1158870;9.650000000000000;123.849999999999994
62910.0;Ostrovnoy Gremikha;Russia;coa22d, gen22c;68.058333332999993;39.525555556000000
56810.0;Rabaul;Papua New Guinea;a0556810, coa05g, gen05a, h0556810;-4.200000000000000;152.183333000000005
28550.0;Parnu;Estonia;coa22r, gen22e;58.383350999999998;24.480001000000001
55800.0;Uturoa;French Polynesia;gen06e;-16.733332999999998;-151.449999999999989
60440.0;Wonsan;North Korea;a2360440, coa23g, gen23a, h2360440;39.166666999999997;127.450000000000003
58890.0;Tubigan;Philippines;a1158870, coa11g, gen11a;9.949999999999999;123.966667000000001
48468.0;Sirus Oil Terminal;Iran;coa10n, gen10a;29.016667000000002;49.483333000000002
55560.0;Savusavu Bay;Fiji;coa06a, gen06a;-16.766667000000002;179.333333000000010
53190.0;Suloga Harbor;Papua New Guinea;coa05f, gen05a;-9.216666999999999;152.766667000000012
28515.0;Rohukula;Estonia;coa22r, gen22e;58.906059999999997;23.423922999999998
57005.0;Ringgi Cove;Solomon Islands;a0656970, coa06e, gen06a;-8.116667000000000;157.099999999999994
56945.0;Queen Carola Harbor;Papua New Guinea;coa05g, gen05a;-5.166667000000000;154.550000000000011
55540.0;Suva Harbor;Fiji;a0655540, coa06a, gen06a, h0655540;-18.133333000000000;178.416666999999990
60520.0;Senbong;North Korea;a2360510, coa23g, gen23a;42.333333000000003;130.400000000000006
51180.0;Probolinggo;Indonesia;coa04d, gen04c;-7.716667000000000;113.216667000000001
53170.0;Samarai;Papua New Guinea;coa05f, gen05a;-10.616667000000000;150.666666999999990
61890.0;Ryotu Ko;Japan;coa12a, gen12b;38.083333000000003;138.566666999999995
50700.0;Pangkalansusu;Indonesia;a0350700, gen03c, h0350700;4.116667000000000;98.216667000000001
62670.0;Tiksi;Russia;gen27a;71.644444444000001;128.890555556000010
170.0;Thingeyri;Iceland;coa19d, gen19b;65.883332999999993;-23.483332999999998
8318.0;Warwick;United States;h1708320;37.450000000000003;-77.416667000000004
60010.0;Wu Hu;China;gen23a;31.333333000000000;118.366667000000007
59990.0;Zhangjiangang;China;gen23a;31.966667000000001;120.400000000000006
50971.0;Poleng Oil Field;Indonesia;coa04d, gen04c;-6.650000000000000;112.916667000000004
60870.0;Vitaz Marine Terminal;Russia;coa24d, gen24a;52.700000000000003;143.550000000000011
55770.0;Vaitape;French Polynesia;gen06e, h0655770;-16.500000000000000;-151.750000000000000
55960.0;Port Rikitea;French Polynesia;a0655960, gen06e, h0655960;-23.116667000000000;-134.966667000000001
51350.0;Waingapu;Indonesia;gen04c;-9.633333000000000;120.216667000000001
57230.0;Port Vila;Vanuatu;coa06d, gen06a, h0657230;-17.733332999999998;168.316666999999995
61855.0;Shimminato;Japan;a1261860, coa12a, gen12b, h1261850;36.766666999999998;137.116667000000007
55680.0;Pago Pago Harbor;American Samoa;a0655660, gen06c, h0655680;-14.283333000000001;-170.666666999999990
7430.0;Quonset Point;United States;a1707420, h1707420;41.583333000000003;-71.400000000000006
62695.0;Port Dikson;Russia;gen22a;73.506388888999993;80.506111110999996
58640.0;Port Borongan;Philippines;a1158640, coa11g, gen11a, h1158640;11.600000000000000;125.433333000000005
56323.0;Tern Island;United States;a1356323, gen13c, h1356323;23.866667000000000;-166.283332999999999
53282.0;Vanimo;Papua New Guinea;coa05g, gen05a;-2.683333000000000;141.133332999999993
28490.0;Paljassaare;Estonia;a2228480, coa22v, gen22d, h2228480;59.459102000000001;24.705639999999999
52510.0;Ternate;Indonesia;coa11l, gen11b;0.783333000000000;127.383332999999993
28425.0;Sillamae;Estonia;a2228425, coa22v, gen22d, h2228425;59.426119999999997;27.739450000000001
3310.0;Port Stanley;Canada;h1802740;42.666666999999997;-81.200000000000003
58770.0;Ormoc;Philippines;a1158740, coa11g, gen11a;11.000000000000000;124.599999999999994
52940.0;Serui;Indonesia;coa05h, gen05a;-1.900000000000000;136.250000000000000
52140.0;Poso;Indonesia;coa04e, gen04c;-1.366667000000000;120.750000000000000
50300.0;Sungaigerong;Indonesia;a0350300, gen03c, h0350300;-2.983333000000000;104.833332999999996
17650.0;Shelton;United States;a2617700, gen26a, h2617660;47.216667000000001;-123.099999999999994
52295.0;Pomalaa;Indonesia;gen04c;-4.166667000000000;121.599999999999994
52870.0;Saumlaki;Indonesia;coa04g, gen04b;-7.983333000000000;131.300000000000011
50441.0;Pulau Baai;Indonesia;coa03q, gen03c;-3.916667000000000;102.283332999999999
52560.0;Patani;Indonesia;coa11l, gen11b;0.366667000000000;128.750000000000000
56540.0;Rota;Northern Mariana Islands;a1256540, coa12f, gen12d;14.133333000000000;145.150000000000006
18060.0;Semiahmoo;United States;a2618060, gen26b, h2618060;48.983333000000002;-122.766666999999998
56240.0;Pukoo;United States;a1356200, coa13c, gen13c;21.066666999999999;-156.800000000000011
54672.0;Weipa;Australia;coa05e, gen05a;-12.666667000000000;141.866667000000007
48130.0;Rabigh;Saudi Arabia;coa10g, gen10c;22.733332999999998;38.983333000000002
90.0;Skerjafjordur;Iceland;a1900105, coa19j, gen19b, h1900100;64.150000000000006;-22.016667000000002
59963.0;Zhapu;China;coa23d, gen23a;30.583333000000000;121.083332999999996
52695.0;Salawati;Indonesia;a0453020, coa04f, gen04c;-1.350000000000000;130.983332999999988
7641.0;Patchogue;United States;a1707640, coa17c, gen17a;40.750000000000000;-73.016666999999998
33400.0;Faslane;United Kingdom;a2033490, gen20b, h2033420;56.063889303000003;-4.819456751000000
40820.0;Trieste;Italy;a0940820, coa09c, gen09, h0940820;45.651000000000003;13.746000000000000
3060.0;Port Dalhousie;Canada;h1802740;43.216667000000001;-79.266666999999998
34560.0;Greenore;Ireland;coa19g, gen19a;54.033332999999999;-6.133333000000000
3360.0;Kingsville;Canada;coa17d;42.016666999999998;-82.733333000000002
34360.0;Cork;Ireland;coa19f, gen19a, h1934360;51.850000000000001;-8.266667000000000
59860.0;Fuzhou;China;gen23b;26.083333000000000;119.299999999999997
15830.0;Topolobampo;Mexico;gen13b;25.600000000000001;-109.066666999999995
33780.0;Kilroot;United Kingdom;a2033770, coa20i, gen20b, h2033770;54.733333000000002;-5.716667000000000
15850.0;Guaymas;Mexico;gen13b, h1315850;27.916667000000000;-110.916667000000004
3490.0;Cleveland;United States;coa17d;41.500000000000000;-81.716667000000001
3560.0;Toledo;United States;coa17d;41.700000000000003;-83.466667000000001
15765.0;Lazaro Cardenas;Mexico;gen13b, h1315765;17.933333000000001;-102.166667000000004
59015.0;Toledo;Philippines;a1159015, coa11g, gen11a;10.366667000000000;123.633332999999993
61250.0;Rumoi Ko;Japan;coa24b, gen24a;43.950000000000003;141.633332999999993
6000.0;Sydney;Canada;a1806020, coa18b, gen18b, h1806000;46.149999999999999;-60.200000000000003
3570.0;Monroe;United States;coa17d;41.883333000000000;-83.333332999999996
16830.0;Toledo;United States;coa13b, gen13a, h1316820;44.616667000000000;-123.933333000000005
33770.0;Belfast;United Kingdom;a2033770, coa20i, gen20b, h2033770;54.616667000000000;-5.900000000000000
33145.0;Kilkeel;United Kingdom;coa20i, gen20b;54.049999999999997;-5.983333000000000
34480.0;Dublin;Ireland;a1934480, coa19g, gen19a, h1934480;53.350000000000001;-6.250000000000000
1957.0;Pointe Noire;Canada;a1801955, coa18c, gen18b, h1801955;50.166666999999997;-66.483333000000002
33790.0;Larne;United Kingdom;a2033770, coa20i, gen20b;54.850000000000001;-5.800000000000000
33680.0;Warren Point;United Kingdom;coa19g, gen19a;54.100000000000001;-6.250000000000000
34390.0;New Ross;Ireland;coa19g, gen19a;52.383333000000000;-6.950000000000000
34025.0;Drogheda;Ireland;coa19g, gen19a;53.716667000000001;-6.300000000000000
34350.0;Cobh;Ireland;coa19f, gen19a, h1934360;51.850000000000001;-8.300000000000001
34420.0;Rosslare;Ireland;coa19g, gen19a;52.250000000000000;-6.333333000000000
62640.0;Provideniya;Russia;coa27e, gen27b;64.421111111000002;-173.227499999999992
34400.0;Waterford;Ireland;coa19g, gen19a;52.266666999999998;-7.116667000000000
49330.0;Pamban;India;coa03k, gen03a;9.283333333000000;79.216666666999998
27825.0;Uto;Finland;a2227820, coa22m, gen22d, h2227825;59.783333333000002;21.366666667000001
1675.0;Bay Bulls;Canada;a1801680, coa18d, gen18b, h1801675;47.316666667000000;-52.816666667000000
1700.0;Placentia Bay;Canada;a1801710, coa18d, gen18b, h1801700;47.253554536000003;-54.014215767000003
1760.0;Miquelon;Saint Pierre and Miquelon;a1801760, coa18d, gen18b;47.100000000000001;-56.366666666999997
1730.0;Marystown;Canada;a1801730, coa18d, gen18b, h1801730;47.183333333000000;-55.116666666999997
1714.0;Arnold's Cove;Canada;a1801715, coa18d, gen18b;47.764799042999996;-53.981065504000000
1790.0;Burgeo;Canada;a1801789, coa18d, gen18b, h1801790;47.616666666999997;-57.600000000000001
1784.0;Fortune;Canada;a1801786, coa18d, gen18b, h1801784;47.073282200999998;-55.830687118999997
1712.0;Long Harbour;Canada;a1801715, coa18d, gen18b, h1801712;47.423624109000002;-53.826773459000002
1658.0;Long Pond;Canada;a1801655, coa18d, gen18b, h1801658;47.519201164000002;-52.978413427000000
1785.0;Grand Bank;Canada;a1801786, coa18d, gen18b, h1801785;47.100000000000001;-55.750000000000000
1650.0;Bay Roberts;Canada;a1801655, coa18d, gen18b;47.589050000000000;-53.262650000000001
1786.0;Harbour Breton;Canada;a1801786, coa18d, gen18b;47.483333332999997;-55.799999999999997
1655.0;Holyrood;Canada;a1801655, coa18d, gen18b, h1801655;47.399999999999999;-53.133333333000003
1470.0;Baie Verte;Canada;coa18d, gen18b;49.916666667000001;-56.200000000000003
1420.0;St Anthony;Canada;a2801420, coa28a, gen28a, h2801420;51.366666666999997;-55.566666667000000
1591.0;Carmanville;Canada;a1801591, coa18d, gen18b, h1801591;49.399999999999999;-54.266666667000003
1090.0;Churchill;Canada;coa28n, gen28a, h2801090;58.783333333000002;-94.200000000000003
1500.0;Springdale;Canada;coa18d, gen18b;49.500000000000000;-56.066666667000000
1450.0;Roddickton;Canada;gen18b;50.866666666999997;-56.133333333000003
1560.0;Lewisporte;Canada;coa18d, gen18b;49.250000000000000;-55.049999999999997
1150.0;Deception Bay;Canada;coa28c, gen28f;62.149999999999999;-74.683333332999993
1260.0;Nain;Canada;a2801260, coa28b, gen28a;56.549999999999997;-61.683333333000000
1540.0;Botwood;Canada;coa18d, gen18b;49.133333333000003;-55.333333332999999
1570.0;Twillingate;Canada;coa18d, gen18b;49.649999999999999;-54.766666667000003
40.0;Thorlakshofn;Iceland;coa19j, gen19b;63.850000000000001;-21.366666667000001
230.0;Skagastrond;Iceland;a1900210, coa19d, gen19b;65.816666667000007;-20.316666667000000
340.0;Raufarhofn;Iceland;coa19d, gen19b;66.450000000000003;-15.933333333000000
465.0;Djupivogur;Iceland;coa19j, gen19b;64.666666667000001;-14.283333333000000
900.0;Uummannaq;Greenland;coa28e, gen28b;70.666666667000001;-52.116666666999997
360.0;Vopnafjordur;Iceland;coa19d, gen19b;65.750000000000000;-14.816666667000000
350.0;Thorshofn;Iceland;coa19d, gen19b;66.200000000000003;-15.333333333000001
400.0;Seydisfjordur;Iceland;a1900400, coa19j, gen19b, h1900400;65.266666666999996;-14.000000000000000
65.0;Grindavik;Iceland;coa19j, gen19b;63.833333332999999;-22.433333333000000
120.0;Grundarfjordur;Iceland;coa19d, gen19b;64.933333332999993;-23.250000000000000
635.0;Faeringehavn;Greenland;coa28d, gen28b;63.683333333000000;-51.516666667000003
315.0;Grenivik;Iceland;a1900310, coa19d, gen19b;65.950000000000003;-18.183333333000000
540.0;Ammassalik;Greenland;coa19b, gen19b;65.616666667000004;-37.616666666999997
453.0;Faskrudsfjordur;Iceland;a1900400, coa19j, gen19b;64.916666667000001;-14.016666667000001
72.0;Helguvik;Iceland;coa19j, gen19b, h1900070;64.016666666999996;-22.550000000000001
210.0;Hvammstangi;Iceland;a1900210, gen19b;65.400000000000006;-20.949999999999999
680.0;Soendre Stroemfjord;Greenland;coa19a;66.950000000000003;-50.950000000000003
85.0;Kopavogur;Iceland;a1900105, coa19j, gen19b, h1900100;64.116666667000004;-21.949999999999999
155.0;Patreksfjordur;Iceland;coa19d, gen19b;65.599999999999994;-24.000000000000000
270.0;Olafsfjordur;Iceland;a1900310, coa19d, gen19b;66.066666667000007;-18.649999999999999
125.0;Stykkisholmur;Iceland;coa19d, gen19b;65.083333332999999;-22.733333333000001
5680.0;Shediac Harbor;Canada;a1805705, coa18c, gen18b;46.216666666999998;-64.533333333000002
1989.0;Cap des Mechins;Canada;coa18c, gen18b;49.000000000000000;-66.983333333000004
6290.0;Sheet Harbor;Canada;a1806280, coa18b, gen18b, h1806290;44.899999999999999;-62.500000000000000
1980.0;Godbout;Canada;coa18c, gen18b;49.316666667000000;-67.599999999999994
5702.0;Ile du Cap aux Meules;Canada;coa18c, gen18b;47.383333333000003;-61.916666667000001
5542.0;Newport (Canada);Canada;coa18c, gen18b;48.266666667000003;-64.750000000000000
1888.0;Natashquan;Canada;a1801885, coa18c, gen18b;50.083333332999999;-61.733333332999997
5942.0;St Anns Harbour;Canada;a1805860, coa18b, gen18b, h1805942;46.283333333000002;-60.549999999999997
5890.0;Port Hood;Canada;a1805890, coa18c, gen18b, h1805890;46.000000000000000;-61.549999999999997
6401.0;Riverport;Canada;a1806390, coa18b, gen18b, h1806400;44.299999999999997;-64.333333332999999
6390.0;Lunenburg Harbour;Canada;a1806390, coa18b, gen18b, h1806390;44.366666666999997;-64.299999999999997
2100.0;Tadoussac;Canada;a1802180, gen18b;48.149999999999999;-69.716666666999998
5630.0;Miramichi;Canada;a1805640, coa18c, gen18b;47.016666667000003;-65.500000000000000
5930.0;Dingwall Harbor;Canada;a1805930, coa18d, gen18b;46.899999999999999;-60.466666666999998
5650.0;Richibucto Harbor;Canada;a1805705, coa18c, gen18b, h1805650;46.683333333000000;-64.866666667000004
5999.0;Crawley Creek;Canada;coa18b, gen18b, h1806000;46.149999999999999;-60.223333332999999
5704.0;Havre de la Grande Entree;Canada;coa18c, gen18b;47.583333332999999;-61.583333332999999
2155.0;La Malbaie;Canada;a1802180;47.633333333000003;-70.133333332999996
2145.0;Ile du Gros Cacouna;Canada;a1802180, h1802145;47.933333333000000;-69.500000000000000
5590.0;Bathurst Harbour;Canada;coa18c, gen18b, h1805590;47.633333333000003;-65.633333332999996
6460.0;Yarmouth Harbor (Canada);Canada;a1806460, coa18b, gen18a, h1806460;43.833333332999999;-66.116666667000004
6420.0;Lockeport Harbor;Canada;a1806420, coa18b, gen18b, h1806420;43.700000000000003;-65.116666667000004
2080.0;Baie des Escoumins;Canada;a1802180, coa18c, gen18b, h1802080;48.350819999999999;-69.389171579000006
5950.0;Baddeck Harbour;Canada;a1805860, coa18b, gen18b, h1805950;46.100000000000001;-60.750000000000000
6430.0;Shelburne Harbour;Canada;a1806430, coa18b, gen18a, h1806430;43.750000000000000;-65.316666667000007
2152.0;St Simeon;Canada;a1802180;47.833333332999999;-69.866666667000004
5700.0;Havre Aubert;Canada;coa18c, gen18b;47.233333332999997;-61.833333332999999
5780.0;Pugwash Harbour;Canada;a1805705, coa18c, gen18b, h1805780;45.850000000000001;-63.666666667000001
1900.0;Mingan Harbor;Canada;a1801900, coa18c, gen18b, h1801900;50.283333333000002;-64.016666666999996
2160.0;Portneuf;Canada;a1802210;46.683333333000000;-71.883333332999996
6044.0;Arichat Harbour;Canada;a1805860, coa18b, gen18b;45.516666667000003;-61.016666667000003
5585.0;Belledune Harbor;Canada;coa18c, gen18b;47.899999999999999;-65.833333332999999
1910.0;Port Menier;Canada;coa18c, gen18b;49.816666667000000;-64.349999999999994
2173.0;Pointe des Roches;Canada;a1802180;47.416666667000001;-70.400000000000006
5730.0;Souris Harbour;Canada;a1805705, coa18c, gen18b, h1805730;46.350000000000001;-62.250000000000000
5540.0;Chandler;Canada;a1805510, coa18c, gen18b;48.350000000000001;-64.666666667000001
9540.0;Puerto Morelos;Mexico;coa15c, gen15, h1509540;20.850000000000001;-86.883333332999996
1860.0;Old Ferolle Harbor;Canada;coa28a, gen28a;51.083333332999999;-56.883333333000003
1862.0;St. Barbe Harbor;Canada;coa28a, gen28a;51.200000000000003;-56.766666667000003
1850.0;Port Saunders;Canada;coa18d, gen18b;50.649999999999999;-57.283333333000002
1789.0;Great Jervis Harbor;Canada;a1801787, coa18d, gen18b;47.649999999999999;-56.183333333000000
1853.0;Hawkes Habor;Canada;coa18d, gen18b;50.616666666999997;-57.299999999999997
910.0;Marmorilik;Greenland;coa28e, gen28b;71.133333332999996;-51.266666667000003
435.0;Reydarfjordur;Iceland;a1900400, coa19j, gen19b, h1900440;65.033333333000002;-14.100000000000000
455.0;Stodhvarfjordur;Iceland;a1900400, coa19j, gen19b;64.833333332999999;-13.883333332999999
68.0;Sandgerdi;Iceland;coa19j, gen19b;64.033333333000002;-22.716666666999998
110.0;Litlisandur;Iceland;coa19j, gen19b, h1900105;64.383333332999996;-21.449999999999999
115.0;Borgarnes;Iceland;coa19j, gen19b;64.549999999999997;-21.916666667000001
57860.0;Shan T Ou;China;a2357860, coa23c, gen23b, h2357860;23.366667000000000;116.683333000000005
57857.0;Yantian;China;a2357840, coa23c, gen23b;22.583333000000000;114.266666999999998
57872.0;Zhangzhou;China;coa23c, gen23b;24.683333000000001;118.150000000000006
57876.0;Xiuyu;China;coa23c, gen23b;25.233332999999998;118.983333000000002
57874.0;Quanzhou;China;coa23c, gen23b;24.883333000000000;118.599999999999994
28210.0;Porvoo;Finland;coa22v, gen22d;60.299999999999997;25.633333000000000
14000.0;Stanley;Falkland Islands (Islas Malvinas);a0713990, coa07c, gen07a, h0713990;-51.700000000000003;-57.833333000000003
57821.0;Zhuhai;China;a2357840, coa23c, gen23b;22.233332999999998;113.583332999999996
57819.0;Shui Dong;China;coa23b, gen23b;21.483332999999998;111.083332999999996
57777.0;Shekou;China;a2357840, coa23c, gen23b, h2357840;22.466667000000001;113.866667000000007
57820.0;Qinzhou;China;a2357750, coa23b, gen23b, h2357745;21.733332999999998;108.583332999999996
57770.0;Zhanjiang;China;coa23b, gen23b, h2357770;21.199999999999999;110.400000000000006
28360.0;Primorsk;Russia;coa22v, gen22d;60.366667000000000;28.633333000000000
27740.0;Pori;Finland;coa22u, gen22d;61.483333000000002;21.800000000000001
18235.0;Port Mellon;Canada;a2618150, gen26b, h2618210;49.516666999999998;-123.483333000000002
57870.0;Xiamen;China;a2357870, coa23c, gen23b, h2357870;24.449999999999999;118.066666999999995
36290.0;Pontrieux;France;a2036130, coa20b, gen20b;48.709507582999997;-3.146202479000000
28410.0;Ust Luga;Russia;coa22v, gen22d;59.666666999999997;28.316666999999999
14150.0;Puerto Yartou;Chile;a0714100, coa07h, gen07a;-53.883333000000000;-70.150000000000006
59995.0;Zhenjiang;China;gen23a;32.216667000000001;119.433333000000005
18670.0;Victoria Harbor;Canada;a2618670, gen26b, h2618670;48.433332999999998;-123.383332999999993
18150.0;Vancouver;Canada;a2618150, gen26b, h2618150;49.283332999999999;-123.116667000000007
18730.0;Port Alberni;Canada;gen26b, h2618730;49.233333000000002;-124.816666999999995
14640.0;Puerto Chanaral;Chile;coa07d, gen07b;-26.350000000000001;-70.650000000000006
45164.0;Abu Qir;Egypt;a1045165, coa10e, gen10b;31.323997974000001;30.078534363999999
11670.0;St George's;Grenada;a1411670, coa14d, gen14a, h1411670;12.050000000000001;-61.750000000000000
14090.0;Puerto Sara;Chile;a0714100, coa07h, gen07a;-52.633333000000000;-70.200000000000003
14080.0;Punta Delgada;Chile;a0714100, coa07b, gen07a;-52.466667000000001;-69.549999999999997
28370.0;Sankt-Peterburg;Russia;a2228370, coa22v, gen22d, h2228370;59.933332999999998;30.300000000000001
27537.0;Rahja;Finland;coa22l, gen22d;64.217777777999999;23.679722221999999
20730.0;Mehamnfjorden;Norway;coa22f, gen22c;71.041346614000005;27.835338465000000
23065.0;Fiborgtangen;Norway;a2123080, coa21g, gen21b;63.717642990999998;11.147972250000000
23503.0;Jossingfjord;Norway;a2123500, coa21f, gen21a;58.314907138000002;6.333204587000000
22770.0;Nesna;Norway;a2222910, coa22h;66.200987053000006;13.010143533999999
23170.0;Haakonsvern;Norway;a2123160, coa21f, gen21a, h2123185;60.333164355999997;5.235305876000000
27820.0;Turku;Finland;a2227820, coa22m, gen22d, h2227820;60.450000000000003;22.233332999999998
28440.0;Kunda;Estonia;a2228425, coa22v, gen22d;59.527774999999998;26.547196000000000
14100.0;Rada Punta Arenas;Chile;a0714100, coa07h, gen07a, h0714100;-53.166666999999997;-70.900000000000006
45172.0;Sidi Kerir (Kurayr);Egypt;a1045165, coa10e, gen10b, h1045172;31.056713682000002;29.670446971000001
57864.0;Dongshan;China;a2357860, a2357870, coa23c, gen23b;23.756666667000001;117.504999999999995
29435.0;Kyndbyvaerkets;Denmark;coa21c, gen21a;55.816667000000002;11.883333000000000
47820.0;Berbera;Somalia;a1047820, coa10i, gen10c, h1047820;10.449999999999999;45.016666999999998
38495.0;Burriana;Spain;a0838500, coa08i, gen08b;39.883333000000000;-0.050000000000000
13020.0;Itajai;Brazil;coa01f, gen01c, h0113020;-26.916667000000000;-48.633333000000000
45814.0;Nouakchott;Mauritania;a0145814, coa01b, gen01a, h0145814;18.033332999999999;-16.033332999999999
12857.0;Santa Clara;Brazil;gen01c;-20.883333000000000;-51.366667000000000
9500.0;Campeche;Mexico;coa15c, gen15, h1509500;19.850000000000001;-90.549999999999997
45940.0;Monrovia;Liberia;a0145940, coa01a, gen01a, h0145940;6.316667000000000;-10.816667000000001
30400.0;Alborg;Denmark;coa21c, gen21a, h2130400;57.049999999999997;9.933332999999999
30450.0;Hirtshals;Denmark;coa21c, gen21a;57.600000000000001;9.966666999999999
57657.0;Thanh Hoa;Vietnam;a1157570, gen11a;10.816667000000001;106.766666999999998
11690.0;Bridgetown;Barbados;a1411675, gen14a, h1411690;13.100000000000000;-59.633333000000000
60400.0;Ulsan;South Korea;a2360400, coa23f, gen23a, h2360400;35.450000000000003;129.400000000000006
60390.0;Busan;South Korea;a2360390, coa23f, gen23a, h2360390;35.100000000000001;129.033332999999999
60410.0;Pohang;South Korea;a2360410, coa23g, gen23a, h2360410;36.049999999999997;129.383332999999993
60380.0;Masan;South Korea;coa23f, gen23a, h2360380;35.183332999999998;128.566666999999995
60340.0;Mokpo;South Korea;a2360340, coa23f, gen23a, h2360340;34.783332999999999;126.383332999999993
60320.0;Inchon;South Korea;a2360320, coa23e, gen23a, h2360320;37.466667000000001;126.616667000000007
60376.0;Gwangyang Hang;South Korea;a2360375, coa23f, gen23a, h2360370;34.908459999999998;127.750119999999995
60325.0;Pyeongtaek Hang;South Korea;a2360320, coa23e, gen23a, h2360325;37.000000000000000;126.799999999999997
55500.0;Kingston;Norfolk Island;gen06a;-29.066666999999999;167.949999999999989
55670.0;Apia;Samoa;gen06c, h0655670;-13.816667000000001;-171.766667000000012
11640.0;Kingstown;Saint Vincent and the Grenadines (Windward Islands);a1411637, coa14d, gen14a, h1411640;13.150000000000000;-61.233333000000002
60330.0;Kunsan;South Korea;a2360330, coa23e, gen23a, h2360330;35.983333000000002;126.616667000000007
10160.0;Puerto Padre;Cuba;coa16a, gen16, h1610160;21.283332999999999;-76.533332999999999
11550.0;Fort De France;Martinique;a1411535, gen14a, h1411550;14.600000000000000;-61.066667000000002
11620.0;Vieux Fort;Saint Lucia;a1411615, gen14a, h1411620;13.716666999999999;-60.966667000000001
10190.0;Vita;Cuba;coa16a, gen16, h1610190;21.100000000000001;-75.966666666999998
55695.0;Alofi;Niue;gen06c;-19.033332999999999;-169.933333000000005
56330.0;Wake Island;Wake Island;gen12d, h1256330;19.283332999999999;166.616667000000007
11800.0;Caracasbaai;Curacao;a1411785, coa14k, gen14a, h1411800;12.066667000000001;-68.866667000000007
11820.0;Bullen Baai;Curacao;a1411785, coa14k, gen14a, h1411820;12.183332999999999;-69.033332999999999
61245.0;Ishikari Bay New Port;Japan;coa24b, gen24a, h2461232;43.216667000000001;141.283332999999999
11780.0;Kralendijk;Caribbean Netherlands;a1411775, coa14k, gen14a, h1411775;12.150000000000000;-68.283332999999999
11781.0;Goto Oil Terminal;Caribbean Netherlands;a1411775, coa14k, gen14a;12.216666999999999;-68.383332999999993
11810.0;Willemstad;Curacao;a1411785, coa14k, gen14a, h1411810;12.116667000000000;-68.933333000000005
11830.0;Sint Nicolaas Baai;Aruba;a1411825, coa14k, gen14a, h1411830;12.433332999999999;-69.916667000000004
51941.0;Pontianak;Indonesia;coa04b, gen04c;-0.016666999999900;109.333332999999996
51910.0;Sampit;Indonesia;gen04c;-2.516667000000000;113.000000000000000
56500.0;Nauru;Nauru;coa06b, gen06a;-0.533333000000000;166.916666999999990
51865.0;Tanah Merah;Indonesia;coa04c, gen04c;-1.816667000000000;116.166667000000004
57320.0;Noumea;New Caledonia;a0657320, coa06d, gen06a, h0657320;-22.283332999999999;166.433333000000005
56550.0;Apra Harbor;Guam;a1256550, coa12f, gen12d, h1256550;13.449999999999999;144.616667000000007
62630.0;Nikol Skoye;Russia;coa24j, gen24c;55.200000000000003;165.983332999999988
57275.0;Baie De Kouaoua;New Caledonia;coa06d, gen06a;-21.383333000000000;165.816666999999995
14860.0;Bahia De Matarani;Peru;coa07e, gen07c, h0714860;-17.000000000000000;-72.116667000000007
11930.0;Barranquilla;Colombia;a1411930, coa14c, gen14a, h1411930;10.966666999999999;-74.766666999999998
11772.0;Galeota Point Terminal;Trinidad and Tobago;coa14d, gen14a, h1411772;10.133333000000000;-60.983333000000002
12260.0;Carupano;Venezuela;coa14d, gen14a;10.699999999999999;-63.250000000000000
12270.0;Guiria;Venezuela;coa14d, gen14a;10.566667000000001;-62.299999999999997
12370.0;Georgetown;Guyana;a1412370, coa14l, gen14a, h1412370;6.833333000000000;-58.166666999999997
605.0;Gronnedal (Kangilinnguit);Greenland;a1900600, coa19a, gen19b, h1900600;61.233333000000002;-48.100000000000001
12810.0;Port Of Ilheus;Brazil;a0112810, coa01f, gen01b, h0112810;-14.783333000000001;-39.016666999999998
57415.0;Kirteh Oil Terminal;Malaysia;a0357415, coa03b, gen03a, h0357415;4.566667000000000;103.466667000000001
49794.0;Khanom;Thailand;coa03e, gen03a;9.199999999999999;99.900000000000006
57462.0;Laem Chabang;Thailand;a0357460, coa03e, gen03a, h0357460;13.083333000000000;100.883332999999993
57575.0;Cat Lai;Vietnam;a1157570, coa11a, gen11a, h1157570;10.750000000000000;106.783332999999999
57439.0;Songkhla Harbor;Thailand;coa03d, gen03a, h0357439;7.216667000000000;100.583332999999996
57461.0;Siam Seaport;Thailand;a0357460, coa03e, gen03a, h0357460;13.133333000000000;100.883332999999993
57458.0;Si Racha;Thailand;a0357460, coa03e, gen03a, h0357460;13.166667000000000;100.916667000000004
57572.0;Phu My;Vietnam;a1157570, coa11a, gen11a;10.583333000000000;107.033332999999999
57580.0;Thanh Ho Chi Minh;Vietnam;a1157570, coa11a, gen11a, h1157570;10.766667000000000;106.716667000000001
57472.0;Petchburi Terminal;Thailand;coa03e, gen03a;13.166667000000000;100.150000000000006
57655.0;Mui Vung Tau;Vietnam;a1157570, coa11a, gen11a, h1157570;10.316667000000001;107.066666999999995
57650.0;Da Nang;Vietnam;a2357650, coa23a, gen23b, h2357650;16.100000000000001;108.216667000000001
57745.0;Fang-Cheng;China;coa23b, gen23b;21.750000000000000;108.349999999999994
49792.0;Bang Saphan;Thailand;coa03e, gen03a;11.183332999999999;99.599999999999994
57610.0;Vinh Cam Ranh;Vietnam;a1157610, coa11a, gen11a;11.883333000000000;109.166667000000004
57680.0;Hai Phong;Vietnam;coa23a, gen23b;20.916667000000000;106.683333000000005
57710.0;Cam Pha;Vietnam;a2357710, coa23a, gen23b, h2357710;21.033332999999999;107.366667000000007
57450.0;Bangkok;Thailand;gen03a, h0357450;13.750000000000000;100.500000000000000
57460.0;Si Racha Terminal;Thailand;a0357460, coa03e, gen03a, h0357460;13.116667000000000;100.883332999999993
57446.0;Sattahip;Thailand;a0357460, coa03e, gen03a, h0357446;12.616667000000000;100.916667000000004
57660.0;Nghe Tinh;Vietnam;coa23a, gen23b;18.766667000000002;105.766666999999998
57640.0;Qui Nhon;Vietnam;a1157640, coa11a, gen11a, h1157640;13.766667000000000;109.233333000000002
61160.0;Kushiro Ko;Japan;a2461160, coa24n, gen24b, h2461160;42.983333000000002;144.366667000000007
57470.0;Ko Si Chang Terminal;Thailand;a0357460, coa03e, gen03a, h0357460;13.166667000000000;100.816666999999995
57570.0;Vung Tau;Vietnam;a1157570, coa11a, gen11a, h1157570;10.350000000000000;107.066666999999995
12150.0;La Guaira;Venezuela;a1412150, coa14k, gen14a, h1412150;10.616667000000000;-66.933333000000005
12115.0;El Palito;Venezuela;a1412120, coa14k, gen14a, h1412120;10.483333000000000;-68.116667000000007
59940.0;Ningbo;China;coa23d, gen23a;29.883333000000000;121.549999999999997
12060.0;Las Piedras;Venezuela;a1412060, coa14k, gen14a, h1412060;11.699999999999999;-70.216667000000001
12070.0;Amuay (Bahia De Amuay);Venezuela;a1412060, coa14k, gen14a;11.750000000000000;-70.233333000000002
12145.0;Catia La Mar;Venezuela;a1412150, coa14k, gen14a;10.600000000000000;-67.016666999999998
60130.0;Lianyungang;China;a2360130, coa23d, gen23a, h2360130;34.733333000000002;119.450000000000003
12130.0;Puerto Borburata;Venezuela;a1412120, coa14k, gen14a, h1412120;10.483333000000000;-67.983333000000002
12100.0;Puerto Chichiriviche;Venezuela;coa14k, gen14a, h1412100;10.916667000000000;-68.266666999999998
12120.0;Puerto Cabello;Venezuela;a1412120, coa14k, gen14a, h1412120;10.483333000000000;-68.000000000000000
11782.0;Salina;Caribbean Netherlands;a1411775, coa14k, gen14a;12.083333000000000;-68.283332999999999
12050.0;Punta Cardon;Venezuela;a1412060, coa14k, gen14a;11.633333000000000;-70.233333000000002
59970.0;Shanghai;China;coa23d, gen23a, h2359970;31.216667000000001;121.500000000000000
60133.0;Rizhao;China;coa23d, gen23a;35.383333000000000;119.566666999999995
60125.0;Lanshan;China;coa23d, gen23a;35.079999999999998;119.366667000000007
59910.0;Wenzhou;China;gen23a;28.016667000000002;120.650000000000006
60140.0;Qingdao Gang;China;a2360140, coa23d, gen23a, h2360140;36.033332999999999;120.266666999999998
11400.0;Basseterre;Saint Kitts and Nevis;a1411400, coa14h, gen14a, h1411400;17.300000000000001;-62.716667000000001
11160.0;Bahia De Fajardo;Puerto Rico;a1611170, coa16b, gen16, h1611160;18.333333000000000;-65.633332999999993
11410.0;Charlestown;Saint Kitts and Nevis;a1411400, coa14h, gen14a;17.133333000000000;-62.633333000000000
11205.0;Puerto Yabucoa;Puerto Rico;a1611170, coa16b, gen16, h1611205;18.050000000000001;-65.833332999999996
11190.0;Playa De Humacao;Puerto Rico;a1611170, coa16b, gen16, h1611180;18.166667000000000;-65.750000000000000
11390.0;Oranjestad;Caribbean Netherlands;a1411385, coa14h, gen14a, h1411385;17.483332999999998;-62.983333000000002
11430.0;St Johns;Antigua and Barbuda;a1411430, coa14h, gen14a, h1411430;17.116667000000000;-61.850000000000001
14895.0;Bahia San Nicolas;Peru;a0714890, coa07e, gen07c, h0714895;-15.250000000000000;-75.233333000000002
14840.0;Puerto Ilo;Peru;a0714840, coa07e, gen07c, h0714840;-17.633333000000000;-71.366667000000007
15000.0;Punta Lobitos (Bahia De Huarmey);Peru;coa07e, gen07c;-10.100000000000000;-78.166667000000004
14990.0;Puerto Supe;Peru;coa07e, gen07c, h0714990;-10.800000000000001;-77.750000000000000
62635.0;Port Beringovsky;Russia;coa27f, gen27a;63.063055556000002;179.367500000000007
53360.0;Mourilyan Harbour;Australia;coa05d, gen05a;-17.600000000000001;146.133332999999993
45120.0;Al Arish;Egypt;coa10d, gen10b;31.152045051000002;33.831078335000001
50045.0;Kijang;Indonesia;a0350060, coa03f, gen03c;0.850000000000000;104.599999999999994
49982.0;Johor;Malaysia;coa03f, gen03c, h0349995;1.433333000000000;103.900000000000006
14500.0;Bahia De Valparaiso;Chile;a0714500, coa07d, gen07b, h0714500;-33.033332999999999;-71.616667000000007
14425.0;Lirquen;Chile;a0714420, coa07d, gen07b, h0714425;-36.716667000000001;-72.983333000000002
14415.0;Bahia San Vicente;Chile;a0714420, coa07d, gen07b, h0714415;-36.733333000000002;-73.166667000000004
14340.0;Bahia De Valdivia;Chile;coa07d, gen07b;-39.799999999999997;-73.250000000000000
12585.0;Itaqui;Brazil;a0112590, coa01d, gen01b;-2.566667000000000;-44.366667000000000
12560.0;Manaus;Brazil;gen14a;-3.133333000000000;-60.016666999999998
12540.0;Itacoatiara;Brazil;gen14a;-3.150000000000000;-58.450000000000003
11710.0;Chaguaramas;Trinidad and Tobago;a1411720, coa14d, gen14a, h1411720;10.683332999999999;-61.649999999999999
50517.0;Jabung Batanghari Marine Terminal;Indonesia;coa03f, gen03c;-0.916667000000000;104.066666999999995
11760.0;Brighton;Trinidad and Tobago;a1411720, coa14d, gen14a, h1411760;10.250000000000000;-61.633333000000000
50017.0;Jurong Island;Singapore;a0350000, coa03f, gen03c, h0350000;1.283333000000000;103.733333000000002
50100.0;Dabo;Indonesia;coa03f, gen03c;-0.500000000000000;104.566666999999995
14400.0;Coronel;Chile;a0714400, coa07d, gen07b, h0714400;-37.033332999999999;-73.166667000000004
14510.0;Bahia Quintero (Ventanas);Chile;a0714500, coa07d, gen07b, h0714510;-32.766666999999998;-71.533332999999999
14380.0;Lota;Chile;a0714400, coa07d, gen07b;-37.100000000000001;-73.150000000000006
14560.0;Bahia Herradura Guayacan;Chile;a0714570, coa07d, gen07b, h0714570;-29.966667000000001;-71.366667000000007
14610.0;Huasco;Chile;coa07d, gen07b, h0714610;-28.466667000000001;-71.250000000000000
9355.0;Altamira;Mexico;a1509360, coa15c, gen15, h1509361;22.483332999999998;-97.849999999999994
11718.0;Anse Tembladora;Trinidad and Tobago;a1411720, coa14d, gen14a, h1411720;10.683332999999999;-61.583333000000003
12485.0;Porto Santana;Brazil;a0712483, coa01d;-0.050000000000000;-51.183332999999998
11700.0;Scarborough;Trinidad and Tobago;a1411695, coa14d, gen14a, h1411700;11.183332999999999;-60.733333000000002
9370.0;Tuxpan;Mexico;a1509370, coa15c, gen15, h1509370;20.949999999999999;-97.400000000000006
12275.0;Puerto De Hierro;Venezuela;coa14d, gen14a;10.633333000000000;-62.100000000000001
11750.0;Point Lisas Industrial Port;Trinidad and Tobago;a1411720, coa14d, gen14a, h1411730;10.400000000000000;-61.500000000000000
13660.0;Ramallo;Argentina;gen07a;-33.483333000000002;-60.016666999999998
14420.0;Talcahuano;Chile;a0714420, coa07d, gen07b, h0714420;-36.700000000000003;-73.099999999999994
14720.0;Tocopilla;Chile;coa07d, gen07b, h0714720;-22.083333000000000;-70.233333000000002
11725.0;Point Lisas Port;Trinidad and Tobago;a1411720, coa14d, gen14a, h1411730;10.383333000000000;-61.483333000000002
13640.0;Villa Constitucion;Argentina;gen07a;-33.233333000000002;-60.333333000000003
12510.0;Santarem;Brazil;gen01b;-2.416667000000000;-54.716667000000001
14440.0;Penco;Chile;a0714420, coa07d, gen07b, h0714425;-36.716667000000001;-73.000000000000000
13630.0;Rosario;Argentina;gen07a;-32.950000000000003;-60.633333000000000
13650.0;San Nicolas;Argentina;gen07a;-33.333333000000003;-60.233333000000002
13690.0;Puerto Ibicuy;Argentina;gen07a;-33.750000000000000;-59.183332999999998
9360.0;Tampico;Mexico;a1509360, coa15c, gen15, h1509360;22.216667000000001;-97.866667000000007
13670.0;San Pedro;Argentina;gen07a;-33.583333000000003;-59.816667000000002
11720.0;Port Of Spain;Trinidad and Tobago;a1411720, coa14d, gen14a, h1411720;10.650000000000000;-61.516666999999998
11730.0;Pointe A Pierre;Trinidad and Tobago;a1411720, coa14d, gen14a, h1411730;10.316667000000001;-61.466667000000001
13700.0;Zarate;Argentina;gen07a;-34.083333000000003;-59.033332999999999
11770.0;Point Fortin;Trinidad and Tobago;a1411720, coa14d, gen14a, h1411760;10.199999999999999;-61.700000000000003
14330.0;Puerto De Corral;Chile;coa07d, gen07b;-39.866667000000000;-73.433333000000005
50030.0;Tanjunguban;Indonesia;a0350060, coa03f, gen03c, h0350030;1.066667000000000;104.216667000000001
50015.0;Pulau Sebarok;Singapore;a0350000, coa03f, gen03c, h0350060;1.200000000000000;103.799999999999997
50060.0;Pulau Sambu;Indonesia;a0350000, coa03f, gen03c, h0350060;1.166667000000000;103.900000000000006
50010.0;Pulau Bukom;Singapore;a0350000, coa03f, gen03c, h0350000;1.233333000000000;103.766666999999998
51587.0;Tanjung Pelepas;Malaysia;a0350000, coa03f, gen03c, h0351587;1.350000000000000;103.549999999999997
50516.0;Tanjung Balai Karimun;Indonesia;a0350000, coa03f, gen03c;0.983333000000000;103.433333000000005
50055.0;Sekupang;Indonesia;a0350001, coa03f, gen03c, h0350060;1.133333000000000;103.916667000000004
50040.0;Tanjungpinang;Indonesia;a0350060, coa03f, gen03c;0.916667000000000;104.450000000000003
55400.0;Bluff Harbor;New Zealand;a0655400, coa06g, gen06b, h0655400;-46.600000000000001;168.333333000000010
55060.0;Auckland;New Zealand;coa06f, gen06b, h0655060;-36.850000000000001;174.766667000000012
55080.0;Tauranga;New Zealand;a0655080, coa06f, gen06b, h0655080;-37.633333000000000;176.166666999999990
55450.0;Westport;New Zealand;a0655450, coa06f, gen06b, h0655450;-41.750000000000000;171.599999999999994
54760.0;Hobart;Australia;a0554760, coa05b, gen05b, h0554760;-42.883333000000000;147.333333000000010
13920.0;Comodoro Rivadavia;Argentina;coa07b, gen07a;-45.866667000000000;-67.466667000000001
13815.0;Bahia Blanca;Argentina;a0713800, coa07a, gen07a, h0713800;-38.783332999999999;-62.266666999999998
12940.0;Angra Dos Reis;Brazil;a0112940, coa01f, gen01c, h0112940;-23.016667000000002;-44.316667000000002
61340.0;Ishinomaki Ko;Japan;a1261350, coa12b, gen12b, h1261340;38.399999999999999;141.316666999999995
13070.0;Pelotas;Brazil;a0713060, gen07a;-31.783332999999999;-52.333333000000003
13980.0;Ushuaia;Argentina;a0713980, coa07b, gen07a, h0713980;-54.816667000000002;-68.299999999999997
14190.0;Puerto Natales;Chile;coa07h, gen07b;-51.716667000000001;-72.566666999999995
13830.0;Puerto Nacional;Argentina;a0713800, coa07a, gen07a, h0713800;-38.799999999999997;-62.283332999999999
13060.0;Rio Grande;Brazil;a0713060, coa07a, gen07a, h0713060;-32.049999999999997;-52.083333000000003
13840.0;Puerto Galvan;Argentina;a0713800, coa07a, gen07a, h0713800;-38.783332999999999;-62.299999999999997
13800.0;Puerto Rosales;Argentina;a0713800, coa07a, gen07a, h0713800;-38.933332999999998;-62.066667000000002
13820.0;Puerto Ingeniero White;Argentina;a0713800, coa07a, gen07a, h0713800;-38.799999999999997;-62.266666999999998
13600.0;Puerto San Martin;Argentina;gen07a;-32.716667000000001;-60.733333000000002
14075.0;Puerto Williams;Chile;a0713980, coa07b, gen07a, h0714075;-54.933332999999998;-67.599999999999994
13810.0;Puerto Belgrano;Argentina;a0713800, coa07a, gen07a, h0713800;-38.883333000000000;-62.100000000000001
13055.0;Tramandai;Brazil;coa01f, gen01c;-29.983332999999998;-50.133333000000000
13610.0;San Lorenzo;Argentina;gen07a;-32.750000000000000;-60.733333000000002
14197.0;Puerto Chacabuco;Chile;a0714195, coa07d, gen07b, h0714197;-45.466667000000001;-72.833332999999996
54660.0;Wyndham;Australia;a0454660, gen04b;-15.466666999999999;128.099999999999994
54630.0;Broome;Australia;a0454630, coa04i, gen04b;-17.966667000000001;122.233333000000002
46459.0;Dussafu Terminal;Gabon;coa01h, gen01b;-4.250000000000000;10.816667000000001
15550.0;Corinto;Nicaragua;a1415550, coa14g, gen14b, h1415550;12.483333000000000;-87.166667000000004
15640.0;Acajutla;El Salvador;a1415630, coa14g, gen14b, h1415640;13.583333000000000;-89.833332999999996
15710.0;Puerto Madero;Mexico;coa14g, gen14b;14.699999999999999;-92.450000000000003
15730.0;Salina Cruz;Mexico;a1415730, gen14b, h1415730;16.166667000000000;-95.200000000000003
15545.0;Puerto Sandino;Nicaragua;a1415545, coa14g, gen14b, h1415545;12.183332999999999;-86.766666999999998
15660.0;Puerto Quetzal;Guatemala;a1415660, coa14g, gen14b, h1415660;13.916667000000000;-90.799999999999997
51690.0;Kota Kinabalu;Malaysia;a1151690, coa11c, gen11b, h1151690;5.983333000000000;116.066666999999995
51646.0;Kuala Belait;Brunei;coa11c, gen11b;4.633333000000000;114.200000000000003
51580.0;Sibu;Malaysia;gen11b;2.283333000000000;111.816666999999995
51583.0;Sarikei;Malaysia;coa11b, gen11b;2.133333000000000;111.533332999999999
51570.0;Bintangor;Malaysia;coa11b, gen11b;2.166667000000000;111.633332999999993
56738.0;Wewak Harbor;Papua New Guinea;coa05g, gen05a;-3.566667000000000;143.633332999999993
53142.0;Kumul;Papua New Guinea;coa05f, gen05a;-8.100000000000000;144.566666999999995
53230.0;Lae;Papua New Guinea;coa05f, gen05a, h0553230;-6.733333000000000;147.000000000000000
53150.0;Daru;Papua New Guinea;coa05d, gen05a;-9.066667000000001;143.199999999999989
53160.0;Port Moresby;Papua New Guinea;a0553160, coa05f, gen05a, h0553160;-9.466666999999999;147.133332999999993
53130.0;Merauke;Indonesia;gen05a;-8.483333000000000;140.383332999999993
53206.0;Oro Bay;Papua New Guinea;coa05f, gen05a;-8.883333000000000;148.483332999999988
53250.0;Madang;Papua New Guinea;a0553250, coa05g, gen05a, h0553250;-5.216667000000000;145.816666999999995
43093.0;Kavonisi-Kissamos;Greece;a0943100, coa09d, gen09;35.516666999999998;23.633333000000000
53165.0;Alotoa;Papua New Guinea;coa05f, gen05a;-10.316667000000001;150.449999999999989
58395.0;Subic Bay;Philippines;a1158400, coa11e, gen11a, h1158400;14.800000000000001;120.266666999999998
58460.0;San Fernando Harbor;Philippines;coa23i, gen23b, h2358460;16.616667000000000;120.316666999999995
58150.0;Tabaco;Philippines;a1158170, coa11f, gen11a, h1158170;13.366667000000000;123.733333000000002
58130.0;Virac;Philippines;a1158170, coa11f, gen11a;13.583333000000000;124.250000000000000
58370.0;Manila;Philippines;a1158370, coa11e, gen11a, h1158370;14.583333000000000;120.966667000000001
57990.0;Claveria;Philippines;coa23i, gen23b;18.616667000000000;121.083332999999996
58390.0;Mariveles;Philippines;a1158380, coa11e, gen11a, h1158390;14.433332999999999;120.483333000000002
58540.0;Calapan;Philippines;coa11e, gen11a;13.416667000000000;121.183333000000005
58170.0;Legazpi Port;Philippines;a1158170, coa11f, gen11a, h1158170;13.150000000000000;123.750000000000000
58000.0;Aparri;Philippines;coa23i, gen23b, h2358000;18.366667000000000;121.633332999999993
58320.0;Batangas City;Philippines;coa11e, gen11a, h1158320;13.750000000000000;121.049999999999997
58410.0;Masinloc;Philippines;coa23i, gen23b, h2358410;15.550000000000001;119.950000000000003
53133.0;Jayapura;Indonesia;coa05h, gen05a;-2.533333333000000;140.716666666999998
28505.0;Paldiski Lounasadam;Estonia;a2228505, coa22v, gen22d, h2228505;59.333342999999999;24.081111000000000
25570.0;Karskar;Sweden;a2225550, coa22u, gen22d, h2225550;60.683332999999998;17.266667000000002
25760.0;Iggesund;Sweden;a2225620, coa22u, gen22d;61.649999999999999;17.083333000000000
27080.0;Skelleftehamn;Sweden;coa22l, gen22d;64.683333000000005;21.233332999999998
28506.0;Paldiski Pohjasadam;Estonia;a2228505, coa22v, gen22d, h2228505;59.349752000000002;24.047504000000000
61190.0;Hakodate Ko;Japan;coa24n, gen24b, h2461190;41.783332999999999;140.716667000000001
61140.0;Hanasaki Ko;Japan;a2461130, coa24m, gen24a;43.283332999999999;145.583333000000010
61120.0;Abashiri Ko;Japan;coa24m, gen24a;44.016666999999998;144.283332999999999
61130.0;Nemuro Ko;Japan;a2461130, coa24m, gen24a;43.333333000000003;145.583333000000010
61170.0;Muroran Ko;Japan;coa24n, gen24b, h2461170;42.350000000000001;140.966667000000001
61205.0;Esasi Ko;Japan;coa24n, gen24a;41.866667000000000;140.116667000000007
61180.0;Mori;Japan;coa24n, gen24b;42.116667000000000;140.583333000000010
61230.0;Otaru Ko;Japan;coa24b, gen24a, h2461230;43.200000000000003;141.016667000000012
61260.0;Wakkanai;Japan;coa24b, gen24a;43.416666999999997;141.683333000000005
27680.0;Kristinestad;Finland;coa22u, gen22d;62.283332999999999;21.399999999999999
27570.0;Pietarsaari;Finland;a2227560, coa22l, gen22d;63.683332999999998;22.666667000000000
27410.0;Kemi;Finland;a2227410, coa22l, gen22d;65.733333000000002;24.566666999999999
57890.0;Chi-Lung;Taiwan;a2357890, coa23c, gen23b, h2357890;25.133333000000000;121.766666999999998
28460.0;Loksa;Estonia;coa22v, gen22d;59.583392000000003;25.698937999999998
47460.0;Toliara;Madagascar;coa02h, gen02b;-23.366667000000000;43.666666999999997
47510.0;Mananjary;Madagascar;coa02d, gen02b;-21.250000000000000;48.333333000000003
47430.0;Morondava;Madagascar;coa02h, gen02b;-20.283332999999999;44.299999999999997
57935.0;Tan-Shui;Taiwan;a2357890, coa23c, gen23b, h2357885;25.183333000000001;121.400000000000006
26800.0;Rundvik;Sweden;coa22l, gen22d;63.533332999999999;19.449999999999999
28484.0;Muuga-Port of Tallin;Estonia;a2228480, coa22v, gen22d, h2228475;59.500042000000001;24.966692999999999
47220.0;Victoria;Seychelles;coa02e, gen02a, h0247220;-4.616667000000000;55.450000000000003
47500.0;Manakara;Madagascar;coa02d, gen02b;-22.116667000000000;48.049999999999997
47470.0;Tolanaro;Madagascar;a0247470, coa02d, gen02b, h0247470;-25.033332999999999;47.000000000000000
28220.0;Loviisa;Finland;a2228230, coa22v, gen22d;60.450000000000003;26.233332999999998
28185.0;Porkkala;Finland;coa22v, gen22d;60.083333000000003;24.383333000000000
49200.0;Male;Maldives;coa03j, gen03a, h0349200;4.166667000000000;73.500000000000000
57955.0;Tai-Chung Kang;Taiwan;a2357955, coa23c, gen23b, h2357955;24.300000000000001;120.500000000000000
47540.0;Toamasina;Madagascar;a0247540, coa02d, gen02b, h0247540;-18.166667000000000;49.416666999999997
57900.0;Su-Ao;Taiwan;a2357900, coa23c, gen23b, h2357900;24.600000000000001;121.866667000000007
47720.0;Port Louis;Mauritius;a0247720, coa02g, gen02b, h0247720;-20.149999999999999;57.500000000000000
27280.0;Karlsborg;Sweden;a2227280, coa22l, gen22d, h2227280;65.799999999999997;23.283332999999999
47360.0;Andoany;Madagascar;coa02h, gen02b;-13.400000000000000;48.299999999999997
47800.0;Diego Garcia;British Indian Ocean Territory;a0347800, coa03a, gen03c, h0347800;-7.350000000000000;72.466667000000001
57910.0;Hua-Lien Kang;Taiwan;a2357910, coa23c, gen23b, h2357910;23.983332999999998;121.599999999999994
57920.0;Kao-Hsiung;Taiwan;a2357930, coa23c, gen23b, h2357920;22.616667000000000;120.250000000000000
25480.0;Hargshamn;Sweden;a2225460, coa22k, gen22d;60.183332999999998;18.449999999999999
25640.0;Vallvik;Sweden;a2225620, coa22u, gen22d, h2225650;61.183332999999998;17.166667000000000
51560.0;Kuching;Malaysia;a1151560, coa11b, gen11b;1.566667000000000;110.349999999999994
25550.0;Skutskar;Sweden;a2225550, coa22u, gen22d, h2225550;60.649999999999999;17.399999999999999
63130.0;Mcmurdo Station;Antarctica;a2963130, coa29j, gen29h, h2963130;-77.849999999999994;166.650000000000006
51590.0;Miri;Malaysia;a1151590, coa11c, gen11b;4.383333000000000;113.966667000000001
51645.0;Seria Oil Loading Terminal;Brunei;coa11c, gen11b;4.616667000000000;114.316666999999995
51920.0;Kumai;Indonesia;coa04b, gen04c;-2.750000000000000;111.716667000000001
51585.0;Bintulu Port;Malaysia;a1151585, coa11c, gen11b, h1151585;3.266667000000000;113.066666999999995
30930.0;Helgoland;Germany;coa21b, gen21a;54.172438358000001;7.895715237000000
51635.0;Lumut;Brunei;coa11c, gen11b;4.716667000000000;114.450000000000003
48495.0;Bandar-E Shahid Rejaie;Iran;a1048520, coa10l, gen10a, h1048495;27.100000000000001;56.066667000000002
14671.0;Caleta Patillos;Chile;coa07d, gen07c, h0714671;-20.733332999999998;-70.200000000000003
15310.0;Manta;Ecuador;a0715310, coa07j, gen07c, h0715310;-0.950000000000000;-80.716667000000001
51710.0;Kudat;Malaysia;coa11c, gen11b;6.883333000000000;116.849999999999994
30290.0;Grenaa Havn;Denmark;a2130290, coa21c, gen21a, h2130290;56.416666999999997;10.933332999999999
30230.0;Horsens;Denmark;gen21a;55.866667000000000;9.850000000000000
15030.0;Puerto De Chimbote;Peru;coa07e, gen07c, h0715030;-9.083333000000000;-78.616667000000007
51720.0;Pelabuhan Sandakan;Malaysia;coa11c, gen11b, h1151720;5.833333000000000;118.116667000000007
30330.0;Randers;Denmark;coa21c, gen21a;56.466667000000001;10.050000000000001
14970.0;Chancay;Peru;coa07e, gen07c;-11.583333000000000;-77.250000000000000
51695.0;Sapangar Bay;Malaysia;a1151690, coa11c, gen11b, h1151691;6.083333000000000;116.116667000000007
51620.0;Muara Harbor;Brunei;a1151680, coa11c, gen11b, h1151620;5.033333000000000;115.066666999999995
51770.0;Tanjung Arang  (Bunyu);Indonesia;a1151780, coa11i, gen11b;3.466667000000000;117.833332999999996
51840.0;Balikpapan;Indonesia;a0451840, coa04c, gen04c, h0451840;-1.250000000000000;116.816666999999995
12570.0;Iquitos;Peru;gen07c;-3.750000000000000;-73.233333000000002
51830.0;Senipah Oil Terminal;Indonesia;coa04c, gen04c, h0451830;-0.950000000000000;117.166667000000004
51586.0;Tawa;Malaysia;coa11i, gen11b, h1151750;4.250000000000000;117.883332999999993
51811.0;Bontang Lng Terminal;Indonesia;a1151811, coa11j, gen11b, h1151811;0.100000000000000;117.483333000000002
10770.0;Kingston;Jamaica;a1410770, coa14a, gen14a, h1410770;17.966667000000001;-76.783332999999999
10660.0;Ocho Rios;Jamaica;coa16g, gen16, h1610660;18.416667000000000;-77.116667000000007
10610.0;Montego Bay;Jamaica;coa16g, gen16, h1610590;18.466667000000001;-77.933333000000005
10820.0;Jacmel;Haiti;coa16k, gen16, h1610820;18.233332999999998;-72.533332999999999
11460.0;Basse Terre;Guadeloupe;a1411445, coa14h, gen14a, h1411460;16.000000000000000;-61.733333000000002
10600.0;Lucea;Jamaica;coa15e, gen15, h1510600;18.449999999999999;-78.166667000000004
10620.0;Falmouth;Jamaica;coa16g, gen16, h1610620;18.483332999999998;-77.650000000000006
10860.0;Miragoane;Haiti;coa16k, gen16, h1610860;18.449999999999999;-73.083332999999996
13570.0;Parana;Argentina;a0713150;-31.716667000000001;-60.533332999999999
13560.0;Santa Fe;Argentina;a0713150;-31.649999999999999;-60.700000000000003
9625.0;Santo Tomas De Castilla;Guatemala;a1409620, coa14b, gen14a, h1409620;15.699999999999999;-88.616667000000007
9620.0;Puerto Barrios;Guatemala;a1409620, coa14b, gen14a, h1409620;15.733333000000000;-88.599999999999994
9650.0;Puerto Cortes;Honduras;a1409650, coa14b, gen14a, h1409650;15.833333000000000;-87.950000000000003
11530.0;Portsmouth;Dominica;a1411515, gen14a, h1411530;15.566667000000001;-61.466667000000001
11520.0;Roseau;Dominica;a1411515, gen14a;15.300000000000001;-61.399999999999999
10870.0;Petit Goave;Haiti;coa16k, gen16, h1610870;18.433333000000001;-72.866667000000007
10773.0;Rocky Point;Jamaica;a1410770, coa14a, gen14a, h1410773;17.816666999999999;-77.150000000000006
11450.0;Pointe A Pitre;Guadeloupe;a1411445, coa14h, gen14a, h1411450;16.233332999999998;-61.533332999999999
10800.0;Savannah La Mar;Jamaica;coa15e, gen15, h1510800;18.199999999999999;-78.133332999999993
10630.0;Rio Bueno;Jamaica;coa16g, gen16;18.466667000000001;-77.466667000000001
10772.0;Port Esquivel;Jamaica;a1410770, coa14a, gen14a, h1410773;17.883333000000000;-77.133332999999993
10880.0;Port Au Prince;Haiti;a1610880, coa16k, gen16, h1610880;18.550000000000001;-72.349999999999994
10775.0;Port Kaiser;Jamaica;coa14a, gen14a, h1410775;17.866667000000000;-77.599999999999994
51860.0;Kota Baru;Indonesia;a0451860, coa04c, gen04c;-3.233333000000000;116.216667000000001
3860.0;Owen Sound;Canada;h1802740;44.583333000000003;-80.933333000000005
28740.0;Gdynia;Poland;a2228710, coa22j, gen22e, h2228740;54.533332999999999;18.550000000000001
29230.0;Kobenhavn;Denmark;a2229230, coa22q, gen22e, h2229230;55.700000000000003;12.616667000000000
28530.0;Roomassaare;Estonia;a2228610, coa22r, gen22e;58.215040000000002;22.506950000000000
23770.0;Svelvik;Norway;a2123810, gen21a, h2123770;59.620277778000002;10.411388888999999
23970.0;Lysekil;Sweden;a2123930, coa21e, gen21a;58.271388889000001;11.444166666999999
24120.0;Helsingborg;Sweden;a2229230, coa22q, gen22e, h2224120;56.035277778000001;12.687777777999999
28890.0;Lubeck;Germany;h2128890;53.883333000000000;10.699999999999999
51890.0;Banjarmasin;Indonesia;coa04b, gen04c;-3.333333000000000;114.583332999999996
23870.0;Stromstad;Sweden;a2123850, coa21e, gen21a;58.933332999999998;11.166667000000000
28620.0;Ventspils;Latvia;a2228620, coa22n, gen22e, h2228620;57.399999999999999;21.533332999999999
51820.0;Samarinda;Indonesia;coa04c, gen04c;-0.516667000000000;117.116667000000007
24790.0;Degerhamn;Sweden;a2224570, coa22p, gen22e;56.350000000000001;16.416667000000000
54675.0;Gove;Australia;coa05e, gen05a;-12.199999999999999;136.699999999999989
24370.0;Karlshamn;Sweden;a2224460, coa22p, gen22e;56.152777778000001;14.869166667000000
28660.0;Klaipeda;Lithuania;coa22n, gen22e, h2228660;55.716667000000001;21.116667000000000
5210.0;Thunder Bay;Canada;gen28a;48.399999999999999;-89.233333000000002
24300.0;Ahus;Sweden;a2224460, coa22p, gen22e;55.927500000000002;14.328055556000001
25395.0;Vasteras;Sweden;gen22d;59.616667000000000;16.550000000000001
29490.0;Kalundborg;Denmark;a2129860, coa21d, gen21a, h2129490;55.683332999999998;11.100000000000000
23700.0;Larvik;Norway;a2123660, coa21e, gen21a, h2123700;59.038055556000003;10.031111111000000
23640.0;Kragero;Norway;coa21e, gen21a;58.863611110999997;9.413055556000000
29085.0;Nekso;Denmark;a2229110, coa22p, gen22e;55.066667000000002;15.133333000000000
29110.0;Ronne;Denmark;a2229110, coa22p, gen22e;55.100000000000001;14.699999999999999
29545.0;Stigsnaesvaerkets Havn;Denmark;a2129860, coa21d, gen21a;55.200000000000003;11.250000000000000
28525.0;Saaremaa sadam;Estonia;coa22r, gen22e;58.536129000000003;22.236096000000000
15050.0;Salaverry;Peru;coa07e, gen07c, h0715050;-8.233333000000000;-78.983333000000002
28610.0;Riga;Latvia;a2228610, coa22r, gen22e, h2228610;56.950000000000003;24.100000000000001
54670.0;Darwin;Australia;coa04h, gen04b, h0454670;-12.471388889000000;130.847777777999994
24250.0;Trelleborg;Sweden;a2229230, coa22i, gen22e;55.359999999999999;13.150555556000000
29260.0;Tuborg;Denmark;a2229230, coa22q, gen22e, h2229230;55.716667000000001;12.583333000000000
9830.0;Almirante;Panama;coa14j, gen14a, h1409830;9.300000000000001;-82.400000000000006
9840.0;Bocas Del Toro;Panama;a1409825, coa14j, gen14a, h1409830;9.333333000000000;-82.233333000000002
9825.0;Chiriqui Grande;Panama;a1409825, gen14a, h1409825;8.949999999999999;-82.116667000000007
54565.0;Cape Cuvier;Australia;coa04k, gen04b, h0454565;-24.216667000000001;113.383332999999993
19610.0;Excursion Inlet;United States;a2519520, coa25e, gen25b;58.416666999999997;-135.449999999999989
19588.0;Haines;United States;a2519520, coa25e, gen25b, h2519588;59.233333000000002;-135.433333000000005
19580.0;Juneau;United States;coa26d, gen26c, h2619580;58.299999999999997;-134.416666999999990
19530.0;Funter;United States;a2619580, coa26d, gen26c, h2619530;58.250000000000000;-134.900000000000006
19520.0;Hawk Inlet;United States;a2619580, coa26d, gen26c;58.116667000000000;-134.750000000000000
19480.0;Chatham;United States;coa26d, gen26c;57.516666999999998;-134.933333000000005
19460.0;Hoonah;United States;a2519520, coa25e, gen25b;58.116667000000000;-135.449999999999989
19240.0;Hydaburg;United States;coa26d, gen26c;55.200000000000003;-132.833333000000010
19220.0;Kasaan;United States;coa26d, gen26c, h2619222;55.533332999999999;-132.400000000000006
19110.0;Metlakatla;United States;a2619130, coa26d, gen26c;55.133333000000000;-131.566666999999995
19000.0;Masset Harbor;Canada;coa26c, gen26c;54.016666999999998;-132.150000000000006
19310.0;Kake;United States;coa26d, gen26c, h2619310;56.966667000000001;-133.933333000000005
19550.0;Dupont;United States;coa26d, gen26c, h2619580;58.233333000000002;-134.266667000000012
61060.0;Moskal Vo;Russia;coa24c, gen24a;53.583333000000003;142.500000000000000
19130.0;Ketchikan;United States;a2619130, coa26d, gen26c, h2619130;55.333333000000003;-131.650000000000006
19450.0;Elfin Cove;United States;a2519520, coa25e, gen25b, h2519450;58.200000000000003;-136.349999999999994
60990.0;Lesogorsk;Russia;a2460980, coa24c, gen24a;49.450000000000003;142.133332999999993
19170.0;Loring;United States;a2619300, coa26d, gen26c;55.600000000000001;-131.633332999999993
19370.0;Big Port Walter;United States;coa26d, gen26c;56.383333000000000;-134.733332999999988
19375.0;Little Port Walter;United States;coa26d, gen26c;56.383333000000000;-134.633332999999993
62540.0;Okhotsk Iy Reyd;Russia;coa24f, gen24b;59.366667000000000;143.199999999999989
12850.0;Vitoria;Brazil;a0112850, coa01f, gen01c, h0112850;-20.316666999999999;-40.333333000000003
12855.0;Tubarao;Brazil;a0112850, coa01f, gen01c, h0112850;-20.283332999999999;-40.250000000000000
60981.0;Shakhtersk;Russia;a2460980, coa24c, gen24a, h2460981;49.166666999999997;142.066666999999995
60880.0;Poronaysk;Russia;coa24b, gen24a;49.216667000000001;143.133332999999993
62550.0;Bukhta Nagayeva (Magadan);Russia;a2462550, coa24f, gen24b;59.566667000000002;150.716667000000001
60980.0;Uglegorsk;Russia;a2460980, coa24c, gen24a, h2460980;49.083333000000003;142.033332999999999
60820.0;Nikolayevsk Na Amur;Russia;a2460820, coa24c, gen24a;53.133333000000000;140.733332999999988
61045.0;Lazarev;Russia;a2460820, coa24c, gen24a;52.216667000000001;141.516667000000012
62600.0;Petropavlovsk;Russia;coa24l, gen24b;53.049999999999997;158.650000000000006
60930.0;Nevelsk;Russia;a2460940, coa24c, gen24a, h2460930;46.666666999999997;141.866667000000007
60940.0;Kholmsk;Russia;a2460940, coa24c, gen24a, h2460940;47.049999999999997;142.050000000000011
60795.0;Sovetskaya Gavan;Russia;coa24c, gen24a;48.973611110999997;140.268055556000007
60800.0;Bukhta Vanino;Russia;coa24c, gen24a;49.083333000000003;140.283332999999999
60920.0;Korsakov;Russia;coa24b, gen24a;46.616667000000000;142.766667000000012
54600.0;Port Walcott;Australia;a0454600, coa04j, gen04b, h0454600;-20.649999999999999;117.183333000000005
54450.0;Esperance;Australia;a0454450, coa04l, gen04a, h0454450;-33.866667000000000;121.900000000000006
54410.0;Thevenard;Australia;coa05a, gen05c;-32.166666999999997;133.650000000000006
54520.0;Fremantle;Australia;a0454520, coa04k, gen04a, h0454520;-32.049999999999997;115.750000000000000
54540.0;Geraldton;Australia;a0454540, coa04k, gen04a;-28.783332999999999;114.599999999999994
54605.0;Dampier;Australia;a0454600, coa04j, gen04b, h0454605;-20.633333000000000;116.716667000000001
54470.0;Albany;Australia;a0454470, coa04l, gen04a, h0454470;-35.033332999999999;117.883332999999993
54555.0;Useless Loop;Australia;coa04k, gen04b;-26.083333000000000;113.400000000000006
54580.0;Onslow;Australia;coa04j, gen04b, h0454580;-21.649999999999999;115.099999999999994
54620.0;Port Hedland;Australia;a0454620, coa04j, gen04b, h0454620;-20.316666999999999;118.583332999999996
54500.0;Bunbury;Australia;a0454500, coa04l, gen04a, h0454500;-33.316667000000002;115.633332999999993
54350.0;Port Lincoln;Australia;coa05a, gen05c;-34.716667000000001;135.849999999999994
54280.0;Wallaroo;Australia;coa05a, gen05c;-33.933332999999998;137.616667000000007
54050.0;Geelong;Australia;a0554030, gen05b, h0554050;-38.149999999999999;144.366667000000007
15410.0;Balboa;Panama;coa14e, gen14b, h1415410;8.949999999999999;-79.566666999999995
15370.0;Buenaventura;Colombia;a1415370, h1415370;3.883333000000000;-77.066666999999995
15330.0;Esmeraldas;Ecuador;a0715330, coa07j, gen07c, h0715330;1.000000000000000;-79.650000000000006
15270.0;Guayaquil;Ecuador;coa07j, gen07c, h0715270;-2.200000000000000;-79.883332999999993
14940.0;Conchan Oil Terminal;Peru;a0714950, coa07e, gen07c;-12.166667000000000;-77.000000000000000
11960.0;Maracaibo;Venezuela;a1411960, gen14a, h1411960;10.633333000000000;-71.599999999999994
11900.0;Covenas;Colombia;a1411900, coa14c, gen14a, h1411900;9.416667000000000;-75.683333000000005
11230.0;Arroyo;Puerto Rico;a1411260, coa14h, gen14a, h1411230;17.966667000000001;-66.066666999999995
10100.0;Bahai De La Habana;Cuba;a1510100, coa15d, gen15, h1510100;23.133333000000000;-82.366667000000007
10090.0;Mariel;Cuba;a1510100, coa15d, gen15, h1510110;22.983332999999998;-82.750000000000000
10080.0;Cabanas;Cuba;a1510100, coa15d, gen15, h1510071;23.000000000000000;-82.966667000000001
14955.0;La Pampilla Oil Terminal;Peru;a0714950, coa07e, gen07c, h0714950;-11.933332999999999;-77.133332999999993
11090.0;Aguadilla;Puerto Rico;a1611290, coa16b, gen16;18.433333000000001;-67.150000000000006
11240.0;Bahia De Jobos;Puerto Rico;a1411260, coa14h, gen14a, h1411240;17.949999999999999;-66.183333000000005
11290.0;Mayaguez;Puerto Rico;a1611290, coa16b, gen16, h1611290;18.199999999999999;-67.150000000000006
13580.0;Diamante;Argentina;a0713150;-32.066667000000002;-60.649999999999999
13710.0;Campana;Argentina;gen07a;-34.149999999999999;-58.966667000000001
14960.0;Bahia De Ancon;Peru;coa07e, gen07c, h0714960;-11.750000000000000;-77.183333000000005
15200.0;Caleta Lobitos;Peru;coa07e, gen07c, h0715200;-4.450000000000000;-81.283332999999999
15290.0;La Libertad;Ecuador;a0715290, coa07j, gen07c, h0715290;-2.216667000000000;-80.916667000000004
14095.0;Caleta Clarencia;Chile;a0714100, coa07h, gen07a;-52.899999999999999;-70.099999999999994
585.0;Narsaq;Greenland;coa19a, gen19b;60.916666999999997;-46.049999999999997
9875.0;Bahia De Las Minas;Panama;a1409860, coa14j, gen14a, h1409875;9.400000000000000;-79.816666999999995
11035.0;Andres (Andres Lng Terminal);Dominican Republic;a1611020, coa16k, gen16, h1611035;18.433333000000001;-69.633332999999993
11050.0;Las Calderas;Dominican Republic;a1611070, coa16k, gen16, h1611050;18.216667000000001;-70.516666999999998
11100.0;Arecibo;Puerto Rico;a1611110, coa16b, gen16, h1611100;18.483332999999998;-66.700000000000003
11250.0;Las Mareas;Puerto Rico;a1411260, coa14h, gen14a;17.949999999999999;-66.166667000000004
15600.0;La Union;El Salvador;a1415570, coa14g, gen14b, h1415572;13.333333000000000;-87.833332999999996
15490.0;Puerto Quepos;Costa Rica;a1415490, coa14o, gen14b, h1415490;9.433332999999999;-84.166667000000004
15500.0;Puerto Caldera;Costa Rica;a1415510, coa14o, gen14b, h1415510;9.916667000000000;-84.716667000000001
15210.0;Puerto Cabo Blanco;Peru;coa07e, gen07c;-4.250000000000000;-81.233333000000002
15275.0;Puerto Maritimo De Guayaquil;Ecuador;coa07j, gen07c, h0715270;-2.283333000000000;-79.900000000000006
14980.0;Puerto De Huacho;Peru;coa07e, gen07c, h0714980;-11.116667000000000;-77.616667000000007
15140.0;Puerto Bayovar;Peru;coa07e, gen07c, h0715140;-5.833333000000000;-81.049999999999997
9860.0;Puerto Cristobal;Panama;a1409860, coa14j, gen14a, h1409860;9.350000000000000;-79.916667000000004
15360.0;Tumaco;Colombia;a0715360, coa07j, gen07c, h0715360;1.816667000000000;-78.750000000000000
14950.0;Puerto Del Callao;Peru;a0714950, coa07e, gen07c, h0714950;-12.050000000000001;-77.150000000000006
15190.0;Talara;Peru;coa07e, gen07c, h0715190;-4.583333000000000;-81.283332999999999
11880.0;Turbo;Colombia;a1411880, coa14c, gen14a, h1411880;8.083333000000000;-76.733333000000002
15170.0;Paita;Peru;coa07e, gen07c, h0715170;-5.083333000000000;-81.116667000000007
9865.0;Puerto Colon;Panama;a1409860, coa14j, gen14a, h1409860;9.366667000000000;-79.883332999999993
11280.0;Playa De Guanica;Puerto Rico;a1411260, coa14h, gen14a, h1411280;17.966667000000001;-66.916667000000004
15570.0;Puerto De Hencan;Honduras;a1415570, coa14g, gen14b, h1415570;13.400000000000000;-87.450000000000003
15510.0;Puntarenas;Costa Rica;a1415510, coa14o, gen14b, h1415510;9.983333000000000;-84.833332999999996
15250.0;Puerto Bolivar;Ecuador;coa07j, gen07c, h0715250;-3.266667000000000;-80.000000000000000
11260.0;Playa De Ponce;Puerto Rico;a1411260, coa14h, gen14a, h1411260;17.983332999999998;-66.616667000000007
15110.0;Pimentel;Peru;coa07e, gen07c, h0715090;-6.833333000000000;-79.933333000000005
11270.0;Playa De Guayanilla;Puerto Rico;coa16b, gen16;18.016667000000002;-66.766666999999998
62535.0;Slavyanka;Russia;a2360610, coa23g, gen23a;42.866667000000000;131.383332999999993
11060.0;Puerto Viejo De Azua;Dominican Republic;a1611070, coa16k, gen16, h1611060;18.350000000000001;-70.833332999999996
60582.0;Zarubino;Russia;coa23g, gen23a;42.633333000000000;131.083333000000010
11070.0;Santa Cruz De Barahona;Dominican Republic;a1611070, coa16k, gen16, h1611070;18.199999999999999;-71.083332999999996
11045.0;Puerto De Haina;Dominican Republic;a1611040, coa16k, gen16, h1611045;18.416667000000000;-70.016666999999998
11040.0;Santo Domingo;Dominican Republic;a1611040, coa16k, gen16, h1611040;18.466667000000001;-69.883332999999993
60610.0;Vladivostok;Russia;a2360610, coa23g, gen23a, h2360610;43.108888888999999;131.888333332999991
60540.0;Pos'yet;Russia;coa23g, gen23a;42.649999999999999;130.800000000000011
60730.0;Nakhodka;Russia;a2460730, coa24a, gen24a, h2460730;42.799999999999997;132.883332999999993
60725.0;Vostochnyy;Russia;a2460730, coa24a, gen24a, h2460730;42.750000000000000;133.083333000000010
10050.0;Santa Lucia;Cuba;coa15d, gen15, h1510050;22.666666667000001;-83.966666666999998
580.0;Qaqortoq;Greenland;a1900581, coa19a, gen19b, h1900580;60.716666666999998;-46.033333333000002
10070.0;Bahia Honda;Cuba;coa15d, gen15, h1510070;22.966666666999998;-83.166666667000001
54325.0;Port Bonython;Australia;a0554320, coa05a, gen05c, h0554325;-33.016666999999998;137.766667000000012
54236.0;Ardrossan;Australia;a0554236, coa05a, gen05c, h0554236;-34.433332999999998;137.916666999999990
54255.0;Port Giles;Australia;a0554260, coa05a, gen05c;-35.033332999999999;137.766667000000012
54290.0;Port Pirie;Australia;a0554320, coa05a, gen05c, h0554290;-33.183332999999998;138.016667000000012
54210.0;Klein Point;Australia;a0554260, coa05a, gen05c;-34.966667000000001;137.766667000000012
54140.0;Portland;Australia;coa05a, gen05c;-38.333333000000003;141.599999999999994
54320.0;Whyalla;Australia;a0554320, coa05a, gen05c, h0554320;-33.033332999999999;137.583333000000010
54200.0;Kingscote;Australia;coa05a, gen05c;-35.633333000000000;137.633332999999993
54220.0;Port Adelaide;Australia;a0554220, coa05a, gen05c, h0554220;-34.850000000000001;138.500000000000000
54030.0;Melbourne;Australia;a0554030, gen05b;-37.833333000000003;144.966667000000001
53930.0;Western Port;Australia;a0554030, gen05b, h0553930;-38.350000000000001;145.233332999999988
61870.0;Niigata Ko;Japan;a1261870, coa12a, gen12b;37.916666999999997;139.050000000000011
61320.0;Ofunato;Japan;a1261320, coa24n, gen24b, h1261320;39.049999999999997;141.733332999999988
61290.0;Miyako;Japan;coa24n, gen24b;39.633333000000000;141.983332999999988
61310.0;Kamaishi Ko;Japan;a2461300, coa24n, gen24b, h2461310;39.266666999999998;141.900000000000006
61325.0;Kesennuma Ko;Japan;a1261320, coa12b, gen12b, h1261325;38.866667000000000;141.599999999999994
61330.0;Onagawa;Japan;a1261350, coa12b, gen12b, h1261330;38.450000000000003;141.449999999999989
61840.0;Nanao Ko;Japan;coa12a, gen12b;37.049999999999997;136.983332999999988
61850.0;Fushiki-Toyama;Japan;a1261860, coa12a, gen12b, h1261850;36.766666999999998;137.133332999999993
61865.0;Naoetsu Ko;Japan;coa12a, gen12b;37.183332999999998;138.250000000000000
61175.0;Tokachi;Japan;coa24n, gen24b;42.250000000000000;143.300000000000011
61900.0;Sakata Ko;Japan;coa12a, gen12b, h1261900;38.933332999999998;139.816666999999995
61350.0;Sendai-Shiogama;Japan;a1261350, coa12b, gen12b, h1261350;38.316667000000002;141.033332999999999
61910.0;Akita-Funakawa Ko;Japan;a2461920, coa24n, gen24a;39.781388888999999;140.014999999999986
61280.0;Hachinohe Ko;Japan;coa24n, gen24b, h2461280;40.533332999999999;141.550000000000011
53400.0;Mackay;Australia;a0553400, coa05c, gen05a;-21.116667000000000;149.216667000000001
53610.0;Newcastle;Australia;a0553610, coa05b, gen05b, h0553610;-32.916666999999997;151.783332999999999
53490.0;Brisbane;Australia;coa05c, gen05b, h0553490;-27.466667000000001;153.033332999999999
53690.0;Port Kembla;Australia;a0553690, coa05b, gen05b;-34.483333000000002;150.916666999999990
53650.0;Sydney;Australia;a0553650, coa05b, gen05b, h0553650;-33.866667000000000;151.199999999999989
53810.0;Eden;Australia;a0553810, coa05b;-37.066667000000002;149.916666999999990
53840.0;Welshpool;Australia;coa05b, gen05b;-38.700000000000003;146.466667000000001
53655.0;Botany Bay;Australia;a0553650, coa05b, gen05b, h0553655;-34.000000000000000;151.233332999999988
53405.0;Hay Point;Australia;a0553400, coa05c, gen05a, h0553405;-21.283332999999999;149.300000000000011
53440.0;Port Alma;Australia;a0553440, coa05c, gen05b;-23.583333000000000;150.849999999999994
41690.0;Vlore;Albania;coa09c, gen09, h0941690;40.466667000000001;19.500000000000000
53460.0;Bundaberg;Australia;coa05c, gen05b, h0553460;-24.866667000000000;152.349999999999994
53450.0;Gladstone;Australia;a0553450, coa05c, gen05b, h0553450;-23.850000000000001;151.250000000000000
41668.0;Porto Romano;Albania;coa09c, gen09;41.383333333000003;19.416666667000001
54875.0;Port Latta;Australia;coa05a, gen05b;-40.833333000000003;145.383332999999993
54870.0;Stanley;Australia;coa05a, gen05b;-40.766666999999998;145.283332999999999
53340.0;Cairns;Australia;a0553340, coa05d, gen05a, h0553340;-16.916667000000000;145.783332999999999
53380.0;Townsville;Australia;a0553380, coa05c, gen05a, h0553380;-19.266667000000002;146.816666999999995
53318.0;Cape Flattery Harbor;Australia;coa05d, gen05a;-14.949999999999999;145.349999999999994
54920.0;Devonport;Australia;coa05b, gen05b, h0554920;-41.183332999999998;146.366667000000007
54810.0;Port Huon;Australia;a0554760, coa05b, gen05b;-43.166666999999997;146.983332999999988
48288.0;Hamad;Qatar;a1048290, coa10m, gen10a, h1048288;25.016666666999999;51.600000000000001
54880.0;Burnie;Australia;a0554880, coa05b, gen05b;-41.049999999999997;145.949999999999989
53370.0;Lucinda;Australia;coa05c, gen05a;-18.516667000000002;146.333333000000010
55350.0;Timaru;New Zealand;a0655350, coa06g, gen06b, h0655350;-44.399999999999999;171.250000000000000
55320.0;Port Lyttelton;New Zealand;a0655320, coa06g, gen06b;-43.600000000000001;172.716667000000001
55370.0;Otago Harbor;New Zealand;a0655370, coa06g, gen06b, h0655370;-45.816667000000002;170.633332999999993
20695.0;Batsfjord;Norway;coa22f, gen22c;70.634722221999994;29.737222222000000
